Using cpu device
---------------------------------
| rollout/           |          |
|    ep_len_mean     | 17.2     |
|    ep_rew_mean     | 2.14     |
| time/              |          |
|    episodes        | 4        |
|    fps             | 5740     |
|    time_elapsed    | 0        |
|    total_timesteps | 69       |
---------------------------------
---------------------------------
| rollout/           |          |
|    ep_len_mean     | 22.6     |
|    ep_rew_mean     | 2.99     |
| time/              |          |
|    episodes        | 8        |
|    fps             | 4812     |
|    time_elapsed    | 0        |
|    total_timesteps | 181      |
---------------------------------
---------------------------------
| rollout/           |          |
|    ep_len_mean     | 22.9     |
|    ep_rew_mean     | 4.26     |
| time/              |          |
|    episodes        | 12       |
|    fps             | 5173     |
|    time_elapsed    | 0        |
|    total_timesteps | 275      |
---------------------------------
---------------------------------
| rollout/           |          |
|    ep_len_mean     | 22.3     |
|    ep_rew_mean     | 3.79     |
| time/              |          |
|    episodes        | 16       |
|    fps             | 5313     |
|    time_elapsed    | 0        |
|    total_timesteps | 357      |
---------------------------------
---------------------------------
| rollout/           |          |
|    ep_len_mean     | 21.7     |
|    ep_rew_mean     | 3.32     |
| time/              |          |
|    episodes        | 20       |
|    fps             | 5400     |
|    time_elapsed    | 0        |
|    total_timesteps | 434      |
---------------------------------
---------------------------------
| rollout/           |          |
|    ep_len_mean     | 21.4     |
|    ep_rew_mean     | 3.15     |
| time/              |          |
|    episodes        | 24       |
|    fps             | 5494     |
|    time_elapsed    | 0        |
|    total_timesteps | 513      |
---------------------------------
---------------------------------
| rollout/           |          |
|    ep_len_mean     | 20.8     |
|    ep_rew_mean     | 2.8      |
| time/              |          |
|    episodes        | 28       |
|    fps             | 5569     |
|    time_elapsed    | 0        |
|    total_timesteps | 583      |
---------------------------------
---------------------------------
| rollout/           |          |
|    ep_len_mean     | 20.2     |
|    ep_rew_mean     | 2.45     |
| time/              |          |
|    episodes        | 32       |
|    fps             | 5620     |
|    time_elapsed    | 0        |
|    total_timesteps | 645      |
---------------------------------
---------------------------------
| rollout/           |          |
|    ep_len_mean     | 21.5     |
|    ep_rew_mean     | 3.87     |
| time/              |          |
|    episodes        | 36       |
|    fps             | 5725     |
|    time_elapsed    | 0        |
|    total_timesteps | 775      |
---------------------------------
---------------------------------
| rollout/           |          |
|    ep_len_mean     | 21.7     |
|    ep_rew_mean     | 3.34     |
| time/              |          |
|    episodes        | 40       |
|    fps             | 5764     |
|    time_elapsed    | 0        |
|    total_timesteps | 868      |
---------------------------------
---------------------------------
| rollout/           |          |
|    ep_len_mean     | 21.7     |
|    ep_rew_mean     | 3.15     |
| time/              |          |
|    episodes        | 44       |
|    fps             | 5817     |
|    time_elapsed    | 0        |
|    total_timesteps | 956      |
---------------------------------
---------------------------------
| rollout/           |          |
|    ep_len_mean     | 22.1     |
|    ep_rew_mean     | 3.09     |
| time/              |          |
|    episodes        | 48       |
|    fps             | 5805     |
|    time_elapsed    | 0        |
|    total_timesteps | 1061     |
---------------------------------
---------------------------------
| rollout/           |          |
|    ep_len_mean     | 22.2     |
|    ep_rew_mean     | 3.2      |
| time/              |          |
|    episodes        | 52       |
|    fps             | 5832     |
|    time_elapsed    | 0        |
|    total_timesteps | 1153     |
---------------------------------
---------------------------------
| rollout/           |          |
|    ep_len_mean     | 22.4     |
|    ep_rew_mean     | 3.51     |
| time/              |          |
|    episodes        | 56       |
|    fps             | 5859     |
|    time_elapsed    | 0        |
|    total_timesteps | 1252     |
---------------------------------
---------------------------------
| rollout/           |          |
|    ep_len_mean     | 21.9     |
|    ep_rew_mean     | 3.38     |
| time/              |          |
|    episodes        | 60       |
|    fps             | 5879     |
|    time_elapsed    | 0        |
|    total_timesteps | 1317     |
---------------------------------
---------------------------------
| rollout/           |          |
|    ep_len_mean     | 22       |
|    ep_rew_mean     | 3.33     |
| time/              |          |
|    episodes        | 64       |
|    fps             | 5901     |
|    time_elapsed    | 0        |
|    total_timesteps | 1405     |
---------------------------------
---------------------------------
| rollout/           |          |
|    ep_len_mean     | 21.9     |
|    ep_rew_mean     | 2.9      |
| time/              |          |
|    episodes        | 68       |
|    fps             | 5929     |
|    time_elapsed    | 0        |
|    total_timesteps | 1489     |
---------------------------------
---------------------------------
| rollout/           |          |
|    ep_len_mean     | 22       |
|    ep_rew_mean     | 2.95     |
| time/              |          |
|    episodes        | 72       |
|    fps             | 5949     |
|    time_elapsed    | 0        |
|    total_timesteps | 1584     |
---------------------------------
---------------------------------
| rollout/           |          |
|    ep_len_mean     | 21.9     |
|    ep_rew_mean     | 2.91     |
| time/              |          |
|    episodes        | 76       |
|    fps             | 5975     |
|    time_elapsed    | 0        |
|    total_timesteps | 1667     |
---------------------------------
---------------------------------
| rollout/           |          |
|    ep_len_mean     | 21.6     |
|    ep_rew_mean     | 2.83     |
| time/              |          |
|    episodes        | 80       |
|    fps             | 5991     |
|    time_elapsed    | 0        |
|    total_timesteps | 1732     |
---------------------------------
---------------------------------
| rollout/           |          |
|    ep_len_mean     | 21.6     |
|    ep_rew_mean     | 2.69     |
| time/              |          |
|    episodes        | 84       |
|    fps             | 6001     |
|    time_elapsed    | 0        |
|    total_timesteps | 1816     |
---------------------------------
---------------------------------
| rollout/           |          |
|    ep_len_mean     | 21.4     |
|    ep_rew_mean     | 2.65     |
| time/              |          |
|    episodes        | 88       |
|    fps             | 6010     |
|    time_elapsed    | 0        |
|    total_timesteps | 1886     |
---------------------------------
---------------------------------
| rollout/           |          |
|    ep_len_mean     | 21.3     |
|    ep_rew_mean     | 2.69     |
| time/              |          |
|    episodes        | 92       |
|    fps             | 6025     |
|    time_elapsed    | 0        |
|    total_timesteps | 1963     |
---------------------------------
---------------------------------
| rollout/           |          |
|    ep_len_mean     | 21.3     |
|    ep_rew_mean     | 2.73     |
| time/              |          |
|    episodes        | 96       |
|    fps             | 6040     |
|    time_elapsed    | 0        |
|    total_timesteps | 2046     |
---------------------------------
---------------------------------
| rollout/           |          |
|    ep_len_mean     | 21.5     |
|    ep_rew_mean     | 2.83     |
| time/              |          |
|    episodes        | 100      |
|    fps             | 6055     |
|    time_elapsed    | 0        |
|    total_timesteps | 2151     |
---------------------------------
---------------------------------
| rollout/           |          |
|    ep_len_mean     | 21.4     |
|    ep_rew_mean     | 2.66     |
| time/              |          |
|    episodes        | 104      |
|    fps             | 6058     |
|    time_elapsed    | 0        |
|    total_timesteps | 2204     |
---------------------------------
---------------------------------
| rollout/           |          |
|    ep_len_mean     | 21.2     |
|    ep_rew_mean     | 2.61     |
| time/              |          |
|    episodes        | 108      |
|    fps             | 6068     |
|    time_elapsed    | 0        |
|    total_timesteps | 2302     |
---------------------------------
---------------------------------
| rollout/           |          |
|    ep_len_mean     | 21       |
|    ep_rew_mean     | 2.43     |
| time/              |          |
|    episodes        | 112      |
|    fps             | 6074     |
|    time_elapsed    | 0        |
|    total_timesteps | 2377     |
---------------------------------
---------------------------------
| rollout/           |          |
|    ep_len_mean     | 21.4     |
|    ep_rew_mean     | 2.66     |
| time/              |          |
|    episodes        | 116      |
|    fps             | 6077     |
|    time_elapsed    | 0        |
|    total_timesteps | 2501     |
---------------------------------
---------------------------------
| rollout/           |          |
|    ep_len_mean     | 21.5     |
|    ep_rew_mean     | 2.66     |
| time/              |          |
|    episodes        | 120      |
|    fps             | 6081     |
|    time_elapsed    | 0        |
|    total_timesteps | 2583     |
---------------------------------
---------------------------------
| rollout/           |          |
|    ep_len_mean     | 21.5     |
|    ep_rew_mean     | 2.51     |
| time/              |          |
|    episodes        | 124      |
|    fps             | 6086     |
|    time_elapsed    | 0        |
|    total_timesteps | 2662     |
---------------------------------
---------------------------------
| rollout/           |          |
|    ep_len_mean     | 21.8     |
|    ep_rew_mean     | 2.53     |
| time/              |          |
|    episodes        | 128      |
|    fps             | 6092     |
|    time_elapsed    | 0        |
|    total_timesteps | 2762     |
---------------------------------
---------------------------------
| rollout/           |          |
|    ep_len_mean     | 22       |
|    ep_rew_mean     | 2.53     |
| time/              |          |
|    episodes        | 132      |
|    fps             | 6096     |
|    time_elapsed    | 0        |
|    total_timesteps | 2847     |
---------------------------------
---------------------------------
| rollout/           |          |
|    ep_len_mean     | 21.5     |
|    ep_rew_mean     | 1.92     |
| time/              |          |
|    episodes        | 136      |
|    fps             | 6057     |
|    time_elapsed    | 0        |
|    total_timesteps | 2925     |
---------------------------------
---------------------------------
| rollout/           |          |
|    ep_len_mean     | 21.5     |
|    ep_rew_mean     | 2.15     |
| time/              |          |
|    episodes        | 140      |
|    fps             | 6050     |
|    time_elapsed    | 0        |
|    total_timesteps | 3019     |
---------------------------------
---------------------------------
| rollout/           |          |
|    ep_len_mean     | 21.3     |
|    ep_rew_mean     | 2.09     |
| time/              |          |
|    episodes        | 144      |
|    fps             | 6050     |
|    time_elapsed    | 0        |
|    total_timesteps | 3083     |
---------------------------------
---------------------------------
| rollout/           |          |
|    ep_len_mean     | 21.1     |
|    ep_rew_mean     | 2.01     |
| time/              |          |
|    episodes        | 148      |
|    fps             | 6055     |
|    time_elapsed    | 0        |
|    total_timesteps | 3175     |
---------------------------------
---------------------------------
| rollout/           |          |
|    ep_len_mean     | 21.2     |
|    ep_rew_mean     | 1.94     |
| time/              |          |
|    episodes        | 152      |
|    fps             | 6060     |
|    time_elapsed    | 0        |
|    total_timesteps | 3272     |
---------------------------------
---------------------------------
| rollout/           |          |
|    ep_len_mean     | 21.3     |
|    ep_rew_mean     | 1.83     |
| time/              |          |
|    episodes        | 156      |
|    fps             | 6041     |
|    time_elapsed    | 0        |
|    total_timesteps | 3382     |
---------------------------------
---------------------------------
| rollout/           |          |
|    ep_len_mean     | 21.6     |
|    ep_rew_mean     | 1.83     |
| time/              |          |
|    episodes        | 160      |
|    fps             | 6041     |
|    time_elapsed    | 0        |
|    total_timesteps | 3474     |
---------------------------------
---------------------------------
| rollout/           |          |
|    ep_len_mean     | 22.1     |
|    ep_rew_mean     | 1.98     |
| time/              |          |
|    episodes        | 164      |
|    fps             | 6046     |
|    time_elapsed    | 0        |
|    total_timesteps | 3617     |
---------------------------------
---------------------------------
| rollout/           |          |
|    ep_len_mean     | 22.2     |
|    ep_rew_mean     | 2.13     |
| time/              |          |
|    episodes        | 168      |
|    fps             | 6049     |
|    time_elapsed    | 0        |
|    total_timesteps | 3710     |
---------------------------------
---------------------------------
| rollout/           |          |
|    ep_len_mean     | 22.2     |
|    ep_rew_mean     | 2.09     |
| time/              |          |
|    episodes        | 172      |
|    fps             | 6049     |
|    time_elapsed    | 0        |
|    total_timesteps | 3801     |
---------------------------------
---------------------------------
| rollout/           |          |
|    ep_len_mean     | 22.3     |
|    ep_rew_mean     | 2.13     |
| time/              |          |
|    episodes        | 176      |
|    fps             | 6050     |
|    time_elapsed    | 0        |
|    total_timesteps | 3896     |
---------------------------------
---------------------------------
| rollout/           |          |
|    ep_len_mean     | 22.4     |
|    ep_rew_mean     | 1.89     |
| time/              |          |
|    episodes        | 180      |
|    fps             | 6049     |
|    time_elapsed    | 0        |
|    total_timesteps | 3969     |
---------------------------------
---------------------------------
| rollout/           |          |
|    ep_len_mean     | 22.2     |
|    ep_rew_mean     | 1.83     |
| time/              |          |
|    episodes        | 184      |
|    fps             | 6051     |
|    time_elapsed    | 0        |
|    total_timesteps | 4041     |
---------------------------------
---------------------------------
| rollout/           |          |
|    ep_len_mean     | 22.1     |
|    ep_rew_mean     | 1.85     |
| time/              |          |
|    episodes        | 188      |
|    fps             | 6056     |
|    time_elapsed    | 0        |
|    total_timesteps | 4097     |
---------------------------------
---------------------------------
| rollout/           |          |
|    ep_len_mean     | 22.1     |
|    ep_rew_mean     | 1.65     |
| time/              |          |
|    episodes        | 192      |
|    fps             | 6058     |
|    time_elapsed    | 0        |
|    total_timesteps | 4178     |
---------------------------------
---------------------------------
| rollout/           |          |
|    ep_len_mean     | 22       |
|    ep_rew_mean     | 1.44     |
| time/              |          |
|    episodes        | 196      |
|    fps             | 6064     |
|    time_elapsed    | 0        |
|    total_timesteps | 4246     |
---------------------------------
---------------------------------
| rollout/           |          |
|    ep_len_mean     | 21.9     |
|    ep_rew_mean     | 1.19     |
| time/              |          |
|    episodes        | 200      |
|    fps             | 6075     |
|    time_elapsed    | 0        |
|    total_timesteps | 4340     |
---------------------------------
---------------------------------
| rollout/           |          |
|    ep_len_mean     | 22.1     |
|    ep_rew_mean     | 1.39     |
| time/              |          |
|    episodes        | 204      |
|    fps             | 6074     |
|    time_elapsed    | 0        |
|    total_timesteps | 4414     |
---------------------------------
---------------------------------
| rollout/           |          |
|    ep_len_mean     | 22.1     |
|    ep_rew_mean     | 1.59     |
| time/              |          |
|    episodes        | 208      |
|    fps             | 6077     |
|    time_elapsed    | 0        |
|    total_timesteps | 4514     |
---------------------------------
---------------------------------
| rollout/           |          |
|    ep_len_mean     | 22.1     |
|    ep_rew_mean     | 1.62     |
| time/              |          |
|    episodes        | 212      |
|    fps             | 6080     |
|    time_elapsed    | 0        |
|    total_timesteps | 4590     |
---------------------------------
---------------------------------
| rollout/           |          |
|    ep_len_mean     | 22.2     |
|    ep_rew_mean     | 1.66     |
| time/              |          |
|    episodes        | 216      |
|    fps             | 6087     |
|    time_elapsed    | 0        |
|    total_timesteps | 4718     |
---------------------------------
---------------------------------
| rollout/           |          |
|    ep_len_mean     | 22.2     |
|    ep_rew_mean     | 1.53     |
| time/              |          |
|    episodes        | 220      |
|    fps             | 6091     |
|    time_elapsed    | 0        |
|    total_timesteps | 4808     |
---------------------------------
---------------------------------
| rollout/           |          |
|    ep_len_mean     | 22.3     |
|    ep_rew_mean     | 1.62     |
| time/              |          |
|    episodes        | 224      |
|    fps             | 6094     |
|    time_elapsed    | 0        |
|    total_timesteps | 4890     |
---------------------------------
---------------------------------
| rollout/           |          |
|    ep_len_mean     | 22       |
|    ep_rew_mean     | 1.62     |
| time/              |          |
|    episodes        | 228      |
|    fps             | 6094     |
|    time_elapsed    | 0        |
|    total_timesteps | 4959     |
---------------------------------
---------------------------------
| rollout/           |          |
|    ep_len_mean     | 22.1     |
|    ep_rew_mean     | 1.66     |
| time/              |          |
|    episodes        | 232      |
|    fps             | 6099     |
|    time_elapsed    | 0        |
|    total_timesteps | 5053     |
---------------------------------
---------------------------------
| rollout/           |          |
|    ep_len_mean     | 22.7     |
|    ep_rew_mean     | 1.99     |
| time/              |          |
|    episodes        | 236      |
|    fps             | 6102     |
|    time_elapsed    | 0        |
|    total_timesteps | 5194     |
---------------------------------
---------------------------------
| rollout/           |          |
|    ep_len_mean     | 22.7     |
|    ep_rew_mean     | 1.87     |
| time/              |          |
|    episodes        | 240      |
|    fps             | 6105     |
|    time_elapsed    | 0        |
|    total_timesteps | 5293     |
---------------------------------
---------------------------------
| rollout/           |          |
|    ep_len_mean     | 22.8     |
|    ep_rew_mean     | 1.82     |
| time/              |          |
|    episodes        | 244      |
|    fps             | 6108     |
|    time_elapsed    | 0        |
|    total_timesteps | 5359     |
---------------------------------
---------------------------------
| rollout/           |          |
|    ep_len_mean     | 22.9     |
|    ep_rew_mean     | 2.05     |
| time/              |          |
|    episodes        | 248      |
|    fps             | 6110     |
|    time_elapsed    | 0        |
|    total_timesteps | 5465     |
---------------------------------
---------------------------------
| rollout/           |          |
|    ep_len_mean     | 22.8     |
|    ep_rew_mean     | 2.12     |
| time/              |          |
|    episodes        | 252      |
|    fps             | 6109     |
|    time_elapsed    | 0        |
|    total_timesteps | 5550     |
---------------------------------
---------------------------------
| rollout/           |          |
|    ep_len_mean     | 22.7     |
|    ep_rew_mean     | 2.03     |
| time/              |          |
|    episodes        | 256      |
|    fps             | 6110     |
|    time_elapsed    | 0        |
|    total_timesteps | 5654     |
---------------------------------
---------------------------------
| rollout/           |          |
|    ep_len_mean     | 23.4     |
|    ep_rew_mean     | 2.43     |
| time/              |          |
|    episodes        | 260      |
|    fps             | 6114     |
|    time_elapsed    | 0        |
|    total_timesteps | 5811     |
---------------------------------
---------------------------------
| rollout/           |          |
|    ep_len_mean     | 22.8     |
|    ep_rew_mean     | 2.3      |
| time/              |          |
|    episodes        | 264      |
|    fps             | 6115     |
|    time_elapsed    | 0        |
|    total_timesteps | 5900     |
---------------------------------
---------------------------------
| rollout/           |          |
|    ep_len_mean     | 22.8     |
|    ep_rew_mean     | 2.31     |
| time/              |          |
|    episodes        | 268      |
|    fps             | 6117     |
|    time_elapsed    | 0        |
|    total_timesteps | 5991     |
---------------------------------
---------------------------------
| rollout/           |          |
|    ep_len_mean     | 22.5     |
|    ep_rew_mean     | 2.29     |
| time/              |          |
|    episodes        | 272      |
|    fps             | 6119     |
|    time_elapsed    | 0        |
|    total_timesteps | 6052     |
---------------------------------
---------------------------------
| rollout/           |          |
|    ep_len_mean     | 22.2     |
|    ep_rew_mean     | 2.09     |
| time/              |          |
|    episodes        | 276      |
|    fps             | 6121     |
|    time_elapsed    | 0        |
|    total_timesteps | 6112     |
---------------------------------
---------------------------------
| rollout/           |          |
|    ep_len_mean     | 22.3     |
|    ep_rew_mean     | 2.28     |
| time/              |          |
|    episodes        | 280      |
|    fps             | 6123     |
|    time_elapsed    | 1        |
|    total_timesteps | 6198     |
---------------------------------
---------------------------------
| rollout/           |          |
|    ep_len_mean     | 22.3     |
|    ep_rew_mean     | 2.25     |
| time/              |          |
|    episodes        | 284      |
|    fps             | 6123     |
|    time_elapsed    | 1        |
|    total_timesteps | 6270     |
---------------------------------
---------------------------------
| rollout/           |          |
|    ep_len_mean     | 22.5     |
|    ep_rew_mean     | 2.19     |
| time/              |          |
|    episodes        | 288      |
|    fps             | 6126     |
|    time_elapsed    | 1        |
|    total_timesteps | 6345     |
---------------------------------
---------------------------------
| rollout/           |          |
|    ep_len_mean     | 22.4     |
|    ep_rew_mean     | 2.35     |
| time/              |          |
|    episodes        | 292      |
|    fps             | 6130     |
|    time_elapsed    | 1        |
|    total_timesteps | 6422     |
---------------------------------
---------------------------------
| rollout/           |          |
|    ep_len_mean     | 22.5     |
|    ep_rew_mean     | 2.43     |
| time/              |          |
|    episodes        | 296      |
|    fps             | 6129     |
|    time_elapsed    | 1        |
|    total_timesteps | 6495     |
---------------------------------
---------------------------------
| rollout/           |          |
|    ep_len_mean     | 22.4     |
|    ep_rew_mean     | 2.55     |
| time/              |          |
|    episodes        | 300      |
|    fps             | 6128     |
|    time_elapsed    | 1        |
|    total_timesteps | 6585     |
---------------------------------
---------------------------------
| rollout/           |          |
|    ep_len_mean     | 22.5     |
|    ep_rew_mean     | 2.49     |
| time/              |          |
|    episodes        | 304      |
|    fps             | 6129     |
|    time_elapsed    | 1        |
|    total_timesteps | 6660     |
---------------------------------
---------------------------------
| rollout/           |          |
|    ep_len_mean     | 22.6     |
|    ep_rew_mean     | 2.52     |
| time/              |          |
|    episodes        | 308      |
|    fps             | 6132     |
|    time_elapsed    | 1        |
|    total_timesteps | 6773     |
---------------------------------
---------------------------------
| rollout/           |          |
|    ep_len_mean     | 23.1     |
|    ep_rew_mean     | 2.87     |
| time/              |          |
|    episodes        | 312      |
|    fps             | 6136     |
|    time_elapsed    | 1        |
|    total_timesteps | 6904     |
---------------------------------
---------------------------------
| rollout/           |          |
|    ep_len_mean     | 22.5     |
|    ep_rew_mean     | 2.48     |
| time/              |          |
|    episodes        | 316      |
|    fps             | 6138     |
|    time_elapsed    | 1        |
|    total_timesteps | 6965     |
---------------------------------
---------------------------------
| rollout/           |          |
|    ep_len_mean     | 22.1     |
|    ep_rew_mean     | 2.45     |
| time/              |          |
|    episodes        | 320      |
|    fps             | 6139     |
|    time_elapsed    | 1        |
|    total_timesteps | 7017     |
---------------------------------
---------------------------------
| rollout/           |          |
|    ep_len_mean     | 22       |
|    ep_rew_mean     | 2.47     |
| time/              |          |
|    episodes        | 324      |
|    fps             | 6140     |
|    time_elapsed    | 1        |
|    total_timesteps | 7094     |
---------------------------------
---------------------------------
| rollout/           |          |
|    ep_len_mean     | 22.1     |
|    ep_rew_mean     | 2.49     |
| time/              |          |
|    episodes        | 328      |
|    fps             | 6141     |
|    time_elapsed    | 1        |
|    total_timesteps | 7165     |
---------------------------------
---------------------------------
| rollout/           |          |
|    ep_len_mean     | 21.9     |
|    ep_rew_mean     | 2.48     |
| time/              |          |
|    episodes        | 332      |
|    fps             | 6141     |
|    time_elapsed    | 1        |
|    total_timesteps | 7242     |
---------------------------------
---------------------------------
| rollout/           |          |
|    ep_len_mean     | 21.6     |
|    ep_rew_mean     | 2.63     |
| time/              |          |
|    episodes        | 336      |
|    fps             | 6143     |
|    time_elapsed    | 1        |
|    total_timesteps | 7359     |
---------------------------------
---------------------------------
| rollout/           |          |
|    ep_len_mean     | 21.5     |
|    ep_rew_mean     | 2.83     |
| time/              |          |
|    episodes        | 340      |
|    fps             | 6142     |
|    time_elapsed    | 1        |
|    total_timesteps | 7447     |
---------------------------------
---------------------------------
| rollout/           |          |
|    ep_len_mean     | 21.5     |
|    ep_rew_mean     | 2.86     |
| time/              |          |
|    episodes        | 344      |
|    fps             | 6143     |
|    time_elapsed    | 1        |
|    total_timesteps | 7510     |
---------------------------------
---------------------------------
| rollout/           |          |
|    ep_len_mean     | 21.3     |
|    ep_rew_mean     | 2.67     |
| time/              |          |
|    episodes        | 348      |
|    fps             | 6145     |
|    time_elapsed    | 1        |
|    total_timesteps | 7594     |
---------------------------------
---------------------------------
| rollout/           |          |
|    ep_len_mean     | 21.3     |
|    ep_rew_mean     | 2.43     |
| time/              |          |
|    episodes        | 352      |
|    fps             | 6144     |
|    time_elapsed    | 1        |
|    total_timesteps | 7676     |
---------------------------------
---------------------------------
| rollout/           |          |
|    ep_len_mean     | 21.4     |
|    ep_rew_mean     | 2.58     |
| time/              |          |
|    episodes        | 356      |
|    fps             | 6145     |
|    time_elapsed    | 1        |
|    total_timesteps | 7799     |
---------------------------------
---------------------------------
| rollout/           |          |
|    ep_len_mean     | 20.8     |
|    ep_rew_mean     | 2.21     |
| time/              |          |
|    episodes        | 360      |
|    fps             | 6146     |
|    time_elapsed    | 1        |
|    total_timesteps | 7892     |
---------------------------------
---------------------------------
| rollout/           |          |
|    ep_len_mean     | 20.9     |
|    ep_rew_mean     | 2.21     |
| time/              |          |
|    episodes        | 364      |
|    fps             | 6146     |
|    time_elapsed    | 1        |
|    total_timesteps | 7989     |
---------------------------------
---------------------------------
| rollout/           |          |
|    ep_len_mean     | 20.8     |
|    ep_rew_mean     | 2.19     |
| time/              |          |
|    episodes        | 368      |
|    fps             | 6148     |
|    time_elapsed    | 1        |
|    total_timesteps | 8067     |
---------------------------------
---------------------------------
| rollout/           |          |
|    ep_len_mean     | 21.2     |
|    ep_rew_mean     | 2.2      |
| time/              |          |
|    episodes        | 372      |
|    fps             | 6150     |
|    time_elapsed    | 1        |
|    total_timesteps | 8175     |
---------------------------------
---------------------------------
| rollout/           |          |
|    ep_len_mean     | 21.6     |
|    ep_rew_mean     | 2.29     |
| time/              |          |
|    episodes        | 376      |
|    fps             | 6151     |
|    time_elapsed    | 1        |
|    total_timesteps | 8275     |
---------------------------------
---------------------------------
| rollout/           |          |
|    ep_len_mean     | 22       |
|    ep_rew_mean     | 2.57     |
| time/              |          |
|    episodes        | 380      |
|    fps             | 6142     |
|    time_elapsed    | 1        |
|    total_timesteps | 8394     |
---------------------------------
---------------------------------
| rollout/           |          |
|    ep_len_mean     | 22.2     |
|    ep_rew_mean     | 2.86     |
| time/              |          |
|    episodes        | 384      |
|    fps             | 6145     |
|    time_elapsed    | 1        |
|    total_timesteps | 8489     |
---------------------------------
---------------------------------
| rollout/           |          |
|    ep_len_mean     | 22       |
|    ep_rew_mean     | 2.77     |
| time/              |          |
|    episodes        | 388      |
|    fps             | 6145     |
|    time_elapsed    | 1        |
|    total_timesteps | 8546     |
---------------------------------
---------------------------------
| rollout/           |          |
|    ep_len_mean     | 22.2     |
|    ep_rew_mean     | 2.77     |
| time/              |          |
|    episodes        | 392      |
|    fps             | 6146     |
|    time_elapsed    | 1        |
|    total_timesteps | 8642     |
---------------------------------
---------------------------------
| rollout/           |          |
|    ep_len_mean     | 22.4     |
|    ep_rew_mean     | 2.8      |
| time/              |          |
|    episodes        | 396      |
|    fps             | 6146     |
|    time_elapsed    | 1        |
|    total_timesteps | 8730     |
---------------------------------
---------------------------------
| rollout/           |          |
|    ep_len_mean     | 22.2     |
|    ep_rew_mean     | 2.75     |
| time/              |          |
|    episodes        | 400      |
|    fps             | 6145     |
|    time_elapsed    | 1        |
|    total_timesteps | 8802     |
---------------------------------
---------------------------------
| rollout/           |          |
|    ep_len_mean     | 22.3     |
|    ep_rew_mean     | 2.85     |
| time/              |          |
|    episodes        | 404      |
|    fps             | 6148     |
|    time_elapsed    | 1        |
|    total_timesteps | 8887     |
---------------------------------
---------------------------------
| rollout/           |          |
|    ep_len_mean     | 22.1     |
|    ep_rew_mean     | 2.46     |
| time/              |          |
|    episodes        | 408      |
|    fps             | 6151     |
|    time_elapsed    | 1        |
|    total_timesteps | 8978     |
---------------------------------
---------------------------------
| rollout/           |          |
|    ep_len_mean     | 21.5     |
|    ep_rew_mean     | 2.12     |
| time/              |          |
|    episodes        | 412      |
|    fps             | 6154     |
|    time_elapsed    | 1        |
|    total_timesteps | 9055     |
---------------------------------
---------------------------------
| rollout/           |          |
|    ep_len_mean     | 21.5     |
|    ep_rew_mean     | 2.07     |
| time/              |          |
|    episodes        | 416      |
|    fps             | 6156     |
|    time_elapsed    | 1        |
|    total_timesteps | 9116     |
---------------------------------
---------------------------------
| rollout/           |          |
|    ep_len_mean     | 22.4     |
|    ep_rew_mean     | 2.29     |
| time/              |          |
|    episodes        | 420      |
|    fps             | 6158     |
|    time_elapsed    | 1        |
|    total_timesteps | 9254     |
---------------------------------
---------------------------------
| rollout/           |          |
|    ep_len_mean     | 22.2     |
|    ep_rew_mean     | 2.25     |
| time/              |          |
|    episodes        | 424      |
|    fps             | 6159     |
|    time_elapsed    | 1        |
|    total_timesteps | 9316     |
---------------------------------
---------------------------------
| rollout/           |          |
|    ep_len_mean     | 22.3     |
|    ep_rew_mean     | 2.15     |
| time/              |          |
|    episodes        | 428      |
|    fps             | 6160     |
|    time_elapsed    | 1        |
|    total_timesteps | 9394     |
---------------------------------
---------------------------------
| rollout/           |          |
|    ep_len_mean     | 22.4     |
|    ep_rew_mean     | 2.13     |
| time/              |          |
|    episodes        | 432      |
|    fps             | 6161     |
|    time_elapsed    | 1        |
|    total_timesteps | 9479     |
---------------------------------
---------------------------------
| rollout/           |          |
|    ep_len_mean     | 21.9     |
|    ep_rew_mean     | 1.6      |
| time/              |          |
|    episodes        | 436      |
|    fps             | 6162     |
|    time_elapsed    | 1        |
|    total_timesteps | 9551     |
---------------------------------
---------------------------------
| rollout/           |          |
|    ep_len_mean     | 22.1     |
|    ep_rew_mean     | 1.32     |
| time/              |          |
|    episodes        | 440      |
|    fps             | 6158     |
|    time_elapsed    | 1        |
|    total_timesteps | 9653     |
---------------------------------
---------------------------------
| rollout/           |          |
|    ep_len_mean     | 22.1     |
|    ep_rew_mean     | 1.43     |
| time/              |          |
|    episodes        | 444      |
|    fps             | 6157     |
|    time_elapsed    | 1        |
|    total_timesteps | 9725     |
---------------------------------
---------------------------------
| rollout/           |          |
|    ep_len_mean     | 22.2     |
|    ep_rew_mean     | 1.5      |
| time/              |          |
|    episodes        | 448      |
|    fps             | 6158     |
|    time_elapsed    | 1        |
|    total_timesteps | 9819     |
---------------------------------
---------------------------------
| rollout/           |          |
|    ep_len_mean     | 22.3     |
|    ep_rew_mean     | 1.5      |
| time/              |          |
|    episodes        | 452      |
|    fps             | 6159     |
|    time_elapsed    | 1        |
|    total_timesteps | 9907     |
---------------------------------
---------------------------------
| rollout/           |          |
|    ep_len_mean     | 21.9     |
|    ep_rew_mean     | 1.26     |
| time/              |          |
|    episodes        | 456      |
|    fps             | 6158     |
|    time_elapsed    | 1        |
|    total_timesteps | 9994     |
---------------------------------
Eval num_timesteps=10000, episode_reward=-6.18 +/- 0.27
Episode length: 22.60 +/- 0.49
---------------------------------
| eval/              |          |
|    mean_ep_length  | 22.6     |
|    mean_reward     | -6.18    |
| time/              |          |
|    total_timesteps | 10000    |
---------------------------------
New best mean reward!
---------------------------------
| rollout/           |          |
|    ep_len_mean     | 21.6     |
|    ep_rew_mean     | 1.18     |
| time/              |          |
|    episodes        | 460      |
|    fps             | 5120     |
|    time_elapsed    | 1        |
|    total_timesteps | 10056    |
| train/             |          |
|    actor_loss      | -8.18    |
|    critic_loss     | 3.92     |
|    ent_coef        | 0.984    |
|    ent_coef_loss   | -0.165   |
|    learning_rate   | 0.0003   |
|    n_updates       | 55       |
---------------------------------
---------------------------------
| rollout/           |          |
|    ep_len_mean     | 21.5     |
|    ep_rew_mean     | 1.19     |
| time/              |          |
|    episodes        | 464      |
|    fps             | 4442     |
|    time_elapsed    | 2        |
|    total_timesteps | 10138    |
| train/             |          |
|    actor_loss      | -9.18    |
|    critic_loss     | 3.82     |
|    ent_coef        | 0.96     |
|    ent_coef_loss   | -0.416   |
|    learning_rate   | 0.0003   |
|    n_updates       | 137      |
---------------------------------
---------------------------------
| rollout/           |          |
|    ep_len_mean     | 21.6     |
|    ep_rew_mean     | 1.2      |
| time/              |          |
|    episodes        | 468      |
|    fps             | 3821     |
|    time_elapsed    | 2        |
|    total_timesteps | 10226    |
| train/             |          |
|    actor_loss      | -10      |
|    critic_loss     | 3.11     |
|    ent_coef        | 0.934    |
|    ent_coef_loss   | -0.679   |
|    learning_rate   | 0.0003   |
|    n_updates       | 225      |
---------------------------------
---------------------------------
| rollout/           |          |
|    ep_len_mean     | 21.8     |
|    ep_rew_mean     | 1.23     |
| time/              |          |
|    episodes        | 472      |
|    fps             | 3235     |
|    time_elapsed    | 3        |
|    total_timesteps | 10356    |
| train/             |          |
|    actor_loss      | -11.4    |
|    critic_loss     | 3.17     |
|    ent_coef        | 0.899    |
|    ent_coef_loss   | -1.06    |
|    learning_rate   | 0.0003   |
|    n_updates       | 355      |
---------------------------------
---------------------------------
| rollout/           |          |
|    ep_len_mean     | 23.7     |
|    ep_rew_mean     | 2.17     |
| time/              |          |
|    episodes        | 476      |
|    fps             | 2439     |
|    time_elapsed    | 4        |
|    total_timesteps | 10649    |
| train/             |          |
|    actor_loss      | -14.2    |
|    critic_loss     | 3.23     |
|    ent_coef        | 0.824    |
|    ent_coef_loss   | -1.89    |
|    learning_rate   | 0.0003   |
|    n_updates       | 648      |
---------------------------------
---------------------------------
| rollout/           |          |
|    ep_len_mean     | 24.3     |
|    ep_rew_mean     | 2.14     |
| time/              |          |
|    episodes        | 480      |
|    fps             | 2157     |
|    time_elapsed    | 5        |
|    total_timesteps | 10822    |
| train/             |          |
|    actor_loss      | -16.1    |
|    critic_loss     | 2.4      |
|    ent_coef        | 0.783    |
|    ent_coef_loss   | -2.31    |
|    learning_rate   | 0.0003   |
|    n_updates       | 821      |
---------------------------------
---------------------------------
| rollout/           |          |
|    ep_len_mean     | 29.2     |
|    ep_rew_mean     | 2.2      |
| time/              |          |
|    episodes        | 484      |
|    fps             | 1552     |
|    time_elapsed    | 7        |
|    total_timesteps | 11411    |
| train/             |          |
|    actor_loss      | -22      |
|    critic_loss     | 3.75     |
|    ent_coef        | 0.662    |
|    ent_coef_loss   | -3.7     |
|    learning_rate   | 0.0003   |
|    n_updates       | 1410     |
---------------------------------
---------------------------------
| rollout/           |          |
|    ep_len_mean     | 34.1     |
|    ep_rew_mean     | 5.18     |
| time/              |          |
|    episodes        | 488      |
|    fps             | 1254     |
|    time_elapsed    | 9        |
|    total_timesteps | 11961    |
| train/             |          |
|    actor_loss      | -27.4    |
|    critic_loss     | 5.42     |
|    ent_coef        | 0.569    |
|    ent_coef_loss   | -4.54    |
|    learning_rate   | 0.0003   |
|    n_updates       | 1960     |
---------------------------------
---------------------------------
| rollout/           |          |
|    ep_len_mean     | 41.7     |
|    ep_rew_mean     | 18.3     |
| time/              |          |
|    episodes        | 492      |
|    fps             | 994      |
|    time_elapsed    | 12       |
|    total_timesteps | 12811    |
| train/             |          |
|    actor_loss      | -38.7    |
|    critic_loss     | 11.6     |
|    ent_coef        | 0.456    |
|    ent_coef_loss   | -5.62    |
|    learning_rate   | 0.0003   |
|    n_updates       | 2810     |
---------------------------------
---------------------------------
| rollout/           |          |
|    ep_len_mean     | 49.6     |
|    ep_rew_mean     | 29.9     |
| time/              |          |
|    episodes        | 496      |
|    fps             | 838      |
|    time_elapsed    | 16       |
|    total_timesteps | 13686    |
| train/             |          |
|    actor_loss      | -49.4    |
|    critic_loss     | 6.36     |
|    ent_coef        | 0.362    |
|    ent_coef_loss   | -6.61    |
|    learning_rate   | 0.0003   |
|    n_updates       | 3685     |
---------------------------------
---------------------------------
| rollout/           |          |
|    ep_len_mean     | 56.9     |
|    ep_rew_mean     | 39.9     |
| time/              |          |
|    episodes        | 500      |
|    fps             | 737      |
|    time_elapsed    | 19       |
|    total_timesteps | 14496    |
| train/             |          |
|    actor_loss      | -55.2    |
|    critic_loss     | 10.2     |
|    ent_coef        | 0.289    |
|    ent_coef_loss   | -7.97    |
|    learning_rate   | 0.0003   |
|    n_updates       | 4495     |
---------------------------------
---------------------------------
| rollout/           |          |
|    ep_len_mean     | 69.4     |
|    ep_rew_mean     | 56.1     |
| time/              |          |
|    episodes        | 504      |
|    fps             | 617      |
|    time_elapsed    | 25       |
|    total_timesteps | 15826    |
| train/             |          |
|    actor_loss      | -63.3    |
|    critic_loss     | 27.2     |
|    ent_coef        | 0.199    |
|    ent_coef_loss   | -9.23    |
|    learning_rate   | 0.0003   |
|    n_updates       | 5825     |
---------------------------------
---------------------------------
| rollout/           |          |
|    ep_len_mean     | 79.1     |
|    ep_rew_mean     | 64.7     |
| time/              |          |
|    episodes        | 508      |
|    fps             | 559      |
|    time_elapsed    | 30       |
|    total_timesteps | 16892    |
| train/             |          |
|    actor_loss      | -67.3    |
|    critic_loss     | 21.3     |
|    ent_coef        | 0.149    |
|    ent_coef_loss   | -9.69    |
|    learning_rate   | 0.0003   |
|    n_updates       | 6891     |
---------------------------------
---------------------------------
| rollout/           |          |
|    ep_len_mean     | 85.4     |
|    ep_rew_mean     | 69.5     |
| time/              |          |
|    episodes        | 512      |
|    fps             | 526      |
|    time_elapsed    | 33       |
|    total_timesteps | 17598    |
| train/             |          |
|    actor_loss      | -71.5    |
|    critic_loss     | 36.1     |
|    ent_coef        | 0.124    |
|    ent_coef_loss   | -10.6    |
|    learning_rate   | 0.0003   |
|    n_updates       | 7597     |
---------------------------------
---------------------------------
| rollout/           |          |
|    ep_len_mean     | 90.2     |
|    ep_rew_mean     | 73       |
| time/              |          |
|    episodes        | 516      |
|    fps             | 510      |
|    time_elapsed    | 35       |
|    total_timesteps | 18139    |
| train/             |          |
|    actor_loss      | -73.6    |
|    critic_loss     | 28.1     |
|    ent_coef        | 0.108    |
|    ent_coef_loss   | -9.52    |
|    learning_rate   | 0.0003   |
|    n_updates       | 8138     |
---------------------------------
---------------------------------
| rollout/           |          |
|    ep_len_mean     | 97.2     |
|    ep_rew_mean     | 77.8     |
| time/              |          |
|    episodes        | 520      |
|    fps             | 486      |
|    time_elapsed    | 38       |
|    total_timesteps | 18979    |
| train/             |          |
|    actor_loss      | -73.1    |
|    critic_loss     | 19.5     |
|    ent_coef        | 0.0885   |
|    ent_coef_loss   | -6.29    |
|    learning_rate   | 0.0003   |
|    n_updates       | 8978     |
---------------------------------
---------------------------------
| rollout/           |          |
|    ep_len_mean     | 104      |
|    ep_rew_mean     | 87.2     |
| time/              |          |
|    episodes        | 524      |
|    fps             | 465      |
|    time_elapsed    | 42       |
|    total_timesteps | 19712    |
| train/             |          |
|    actor_loss      | -76.8    |
|    critic_loss     | 16.4     |
|    ent_coef        | 0.0757   |
|    ent_coef_loss   | -6.31    |
|    learning_rate   | 0.0003   |
|    n_updates       | 9711     |
---------------------------------
Eval num_timesteps=20000, episode_reward=206.68 +/- 153.95
Episode length: 205.20 +/- 93.18
---------------------------------
| eval/              |          |
|    mean_ep_length  | 205      |
|    mean_reward     | 207      |
| time/              |          |
|    total_timesteps | 20000    |
| train/             |          |
|    actor_loss      | -76.2    |
|    critic_loss     | 34.6     |
|    ent_coef        | 0.0714   |
|    ent_coef_loss   | -6.2     |
|    learning_rate   | 0.0003   |
|    n_updates       | 9999     |
---------------------------------
New best mean reward!
---------------------------------
| rollout/           |          |
|    ep_len_mean     | 109      |
|    ep_rew_mean     | 93.3     |
| time/              |          |
|    episodes        | 528      |
|    fps             | 442      |
|    time_elapsed    | 45       |
|    total_timesteps | 20288    |
| train/             |          |
|    actor_loss      | -77.3    |
|    critic_loss     | 41.2     |
|    ent_coef        | 0.0673   |
|    ent_coef_loss   | -4.96    |
|    learning_rate   | 0.0003   |
|    n_updates       | 10287    |
---------------------------------
---------------------------------
| rollout/           |          |
|    ep_len_mean     | 114      |
|    ep_rew_mean     | 99       |
| time/              |          |
|    episodes        | 532      |
|    fps             | 432      |
|    time_elapsed    | 48       |
|    total_timesteps | 20845    |
| train/             |          |
|    actor_loss      | -81.1    |
|    critic_loss     | 15.6     |
|    ent_coef        | 0.0606   |
|    ent_coef_loss   | -2.93    |
|    learning_rate   | 0.0003   |
|    n_updates       | 10844    |
---------------------------------
---------------------------------
| rollout/           |          |
|    ep_len_mean     | 120      |
|    ep_rew_mean     | 109      |
| time/              |          |
|    episodes        | 536      |
|    fps             | 420      |
|    time_elapsed    | 51       |
|    total_timesteps | 21534    |
| train/             |          |
|    actor_loss      | -80.6    |
|    critic_loss     | 29.4     |
|    ent_coef        | 0.0554   |
|    ent_coef_loss   | -1.81    |
|    learning_rate   | 0.0003   |
|    n_updates       | 11533    |
---------------------------------
---------------------------------
| rollout/           |          |
|    ep_len_mean     | 126      |
|    ep_rew_mean     | 120      |
| time/              |          |
|    episodes        | 540      |
|    fps             | 408      |
|    time_elapsed    | 54       |
|    total_timesteps | 22223    |
| train/             |          |
|    actor_loss      | -82.1    |
|    critic_loss     | 10.5     |
|    ent_coef        | 0.0508   |
|    ent_coef_loss   | -1.76    |
|    learning_rate   | 0.0003   |
|    n_updates       | 12222    |
---------------------------------
---------------------------------
| rollout/           |          |
|    ep_len_mean     | 142      |
|    ep_rew_mean     | 142      |
| time/              |          |
|    episodes        | 544      |
|    fps             | 387      |
|    time_elapsed    | 61       |
|    total_timesteps | 23945    |
| train/             |          |
|    actor_loss      | -82      |
|    critic_loss     | 20       |
|    ent_coef        | 0.0428   |
|    ent_coef_loss   | 0.364    |
|    learning_rate   | 0.0003   |
|    n_updates       | 13944    |
---------------------------------
---------------------------------
| rollout/           |          |
|    ep_len_mean     | 149      |
|    ep_rew_mean     | 152      |
| time/              |          |
|    episodes        | 548      |
|    fps             | 380      |
|    time_elapsed    | 65       |
|    total_timesteps | 24736    |
| train/             |          |
|    actor_loss      | -85.6    |
|    critic_loss     | 35.5     |
|    ent_coef        | 0.0434   |
|    ent_coef_loss   | 2.63     |
|    learning_rate   | 0.0003   |
|    n_updates       | 14735    |
---------------------------------
---------------------------------
| rollout/           |          |
|    ep_len_mean     | 155      |
|    ep_rew_mean     | 163      |
| time/              |          |
|    episodes        | 552      |
|    fps             | 374      |
|    time_elapsed    | 67       |
|    total_timesteps | 25385    |
| train/             |          |
|    actor_loss      | -87.3    |
|    critic_loss     | 16.3     |
|    ent_coef        | 0.0441   |
|    ent_coef_loss   | 0.399    |
|    learning_rate   | 0.0003   |
|    n_updates       | 15384    |
---------------------------------
---------------------------------
| rollout/           |          |
|    ep_len_mean     | 160      |
|    ep_rew_mean     | 174      |
| time/              |          |
|    episodes        | 556      |
|    fps             | 369      |
|    time_elapsed    | 70       |
|    total_timesteps | 26007    |
| train/             |          |
|    actor_loss      | -89.3    |
|    critic_loss     | 21.9     |
|    ent_coef        | 0.0435   |
|    ent_coef_loss   | -1.81    |
|    learning_rate   | 0.0003   |
|    n_updates       | 16006    |
---------------------------------
---------------------------------
| rollout/           |          |
|    ep_len_mean     | 165      |
|    ep_rew_mean     | 181      |
| time/              |          |
|    episodes        | 560      |
|    fps             | 365      |
|    time_elapsed    | 72       |
|    total_timesteps | 26574    |
| train/             |          |
|    actor_loss      | -89.8    |
|    critic_loss     | 16.7     |
|    ent_coef        | 0.0426   |
|    ent_coef_loss   | -1.25    |
|    learning_rate   | 0.0003   |
|    n_updates       | 16573    |
---------------------------------
---------------------------------
| rollout/           |          |
|    ep_len_mean     | 169      |
|    ep_rew_mean     | 188      |
| time/              |          |
|    episodes        | 564      |
|    fps             | 361      |
|    time_elapsed    | 74       |
|    total_timesteps | 27065    |
| train/             |          |
|    actor_loss      | -88.1    |
|    critic_loss     | 45.9     |
|    ent_coef        | 0.0412   |
|    ent_coef_loss   | 0.909    |
|    learning_rate   | 0.0003   |
|    n_updates       | 17064    |
---------------------------------
---------------------------------
| rollout/           |          |
|    ep_len_mean     | 175      |
|    ep_rew_mean     | 196      |
| time/              |          |
|    episodes        | 568      |
|    fps             | 357      |
|    time_elapsed    | 77       |
|    total_timesteps | 27684    |
| train/             |          |
|    actor_loss      | -90.3    |
|    critic_loss     | 16.5     |
|    ent_coef        | 0.0403   |
|    ent_coef_loss   | 1.83     |
|    learning_rate   | 0.0003   |
|    n_updates       | 17683    |
---------------------------------
---------------------------------
| rollout/           |          |
|    ep_len_mean     | 181      |
|    ep_rew_mean     | 207      |
| time/              |          |
|    episodes        | 572      |
|    fps             | 353      |
|    time_elapsed    | 80       |
|    total_timesteps | 28500    |
| train/             |          |
|    actor_loss      | -92.9    |
|    critic_loss     | 19.7     |
|    ent_coef        | 0.0395   |
|    ent_coef_loss   | 0.619    |
|    learning_rate   | 0.0003   |
|    n_updates       | 18499    |
---------------------------------
---------------------------------
| rollout/           |          |
|    ep_len_mean     | 191      |
|    ep_rew_mean     | 222      |
| time/              |          |
|    episodes        | 576      |
|    fps             | 346      |
|    time_elapsed    | 85       |
|    total_timesteps | 29733    |
| train/             |          |
|    actor_loss      | -95.5    |
|    critic_loss     | 16.8     |
|    ent_coef        | 0.0409   |
|    ent_coef_loss   | 0.348    |
|    learning_rate   | 0.0003   |
|    n_updates       | 19732    |
---------------------------------
Eval num_timesteps=30000, episode_reward=191.31 +/- 58.10
Episode length: 121.30 +/- 39.20
---------------------------------
| eval/              |          |
|    mean_ep_length  | 121      |
|    mean_reward     | 191      |
| time/              |          |
|    total_timesteps | 30000    |
| train/             |          |
|    actor_loss      | -93.8    |
|    critic_loss     | 15.7     |
|    ent_coef        | 0.04     |
|    ent_coef_loss   | 0.394    |
|    learning_rate   | 0.0003   |
|    n_updates       | 19999    |
---------------------------------
---------------------------------
| rollout/           |          |
|    ep_len_mean     | 193      |
|    ep_rew_mean     | 229      |
| time/              |          |
|    episodes        | 580      |
|    fps             | 342      |
|    time_elapsed    | 87       |
|    total_timesteps | 30158    |
| train/             |          |
|    actor_loss      | -96      |
|    critic_loss     | 28.3     |
|    ent_coef        | 0.0399   |
|    ent_coef_loss   | -2.07    |
|    learning_rate   | 0.0003   |
|    n_updates       | 20157    |
---------------------------------
---------------------------------
| rollout/           |          |
|    ep_len_mean     | 193      |
|    ep_rew_mean     | 237      |
| time/              |          |
|    episodes        | 584      |
|    fps             | 339      |
|    time_elapsed    | 90       |
|    total_timesteps | 30696    |
| train/             |          |
|    actor_loss      | -98.5    |
|    critic_loss     | 23.6     |
|    ent_coef        | 0.0396   |
|    ent_coef_loss   | 0.367    |
|    learning_rate   | 0.0003   |
|    n_updates       | 20695    |
---------------------------------
---------------------------------
| rollout/           |          |
|    ep_len_mean     | 194      |
|    ep_rew_mean     | 235      |
| time/              |          |
|    episodes        | 588      |
|    fps             | 336      |
|    time_elapsed    | 93       |
|    total_timesteps | 31371    |
| train/             |          |
|    actor_loss      | -97.1    |
|    critic_loss     | 20.9     |
|    ent_coef        | 0.0408   |
|    ent_coef_loss   | -0.246   |
|    learning_rate   | 0.0003   |
|    n_updates       | 21370    |
---------------------------------
---------------------------------
| rollout/           |          |
|    ep_len_mean     | 193      |
|    ep_rew_mean     | 231      |
| time/              |          |
|    episodes        | 592      |
|    fps             | 333      |
|    time_elapsed    | 96       |
|    total_timesteps | 32093    |
| train/             |          |
|    actor_loss      | -99.1    |
|    critic_loss     | 19.5     |
|    ent_coef        | 0.041    |
|    ent_coef_loss   | -2.02    |
|    learning_rate   | 0.0003   |
|    n_updates       | 22092    |
---------------------------------
---------------------------------
| rollout/           |          |
|    ep_len_mean     | 191      |
|    ep_rew_mean     | 228      |
| time/              |          |
|    episodes        | 596      |
|    fps             | 330      |
|    time_elapsed    | 98       |
|    total_timesteps | 32751    |
| train/             |          |
|    actor_loss      | -98.4    |
|    critic_loss     | 14.6     |
|    ent_coef        | 0.0401   |
|    ent_coef_loss   | 0.238    |
|    learning_rate   | 0.0003   |
|    n_updates       | 22750    |
---------------------------------
---------------------------------
| rollout/           |          |
|    ep_len_mean     | 187      |
|    ep_rew_mean     | 225      |
| time/              |          |
|    episodes        | 600      |
|    fps             | 328      |
|    time_elapsed    | 100      |
|    total_timesteps | 33179    |
| train/             |          |
|    actor_loss      | -98.9    |
|    critic_loss     | 16.7     |
|    ent_coef        | 0.0399   |
|    ent_coef_loss   | 0.205    |
|    learning_rate   | 0.0003   |
|    n_updates       | 23178    |
---------------------------------
---------------------------------
| rollout/           |          |
|    ep_len_mean     | 179      |
|    ep_rew_mean     | 219      |
| time/              |          |
|    episodes        | 604      |
|    fps             | 326      |
|    time_elapsed    | 103      |
|    total_timesteps | 33733    |
| train/             |          |
|    actor_loss      | -98.8    |
|    critic_loss     | 16.1     |
|    ent_coef        | 0.0394   |
|    ent_coef_loss   | 1.59     |
|    learning_rate   | 0.0003   |
|    n_updates       | 23732    |
---------------------------------
---------------------------------
| rollout/           |          |
|    ep_len_mean     | 175      |
|    ep_rew_mean     | 219      |
| time/              |          |
|    episodes        | 608      |
|    fps             | 324      |
|    time_elapsed    | 106      |
|    total_timesteps | 34393    |
| train/             |          |
|    actor_loss      | -101     |
|    critic_loss     | 17.2     |
|    ent_coef        | 0.0376   |
|    ent_coef_loss   | -1.74    |
|    learning_rate   | 0.0003   |
|    n_updates       | 24392    |
---------------------------------
---------------------------------
| rollout/           |          |
|    ep_len_mean     | 180      |
|    ep_rew_mean     | 231      |
| time/              |          |
|    episodes        | 612      |
|    fps             | 319      |
|    time_elapsed    | 111      |
|    total_timesteps | 35630    |
| train/             |          |
|    actor_loss      | -99.7    |
|    critic_loss     | 21.7     |
|    ent_coef        | 0.0373   |
|    ent_coef_loss   | 2.17     |
|    learning_rate   | 0.0003   |
|    n_updates       | 25629    |
---------------------------------
---------------------------------
| rollout/           |          |
|    ep_len_mean     | 191      |
|    ep_rew_mean     | 248      |
| time/              |          |
|    episodes        | 616      |
|    fps             | 314      |
|    time_elapsed    | 118      |
|    total_timesteps | 37224    |
| train/             |          |
|    actor_loss      | -101     |
|    critic_loss     | 20.1     |
|    ent_coef        | 0.038    |
|    ent_coef_loss   | 0.713    |
|    learning_rate   | 0.0003   |
|    n_updates       | 27223    |
---------------------------------
---------------------------------
| rollout/           |          |
|    ep_len_mean     | 193      |
|    ep_rew_mean     | 256      |
| time/              |          |
|    episodes        | 620      |
|    fps             | 309      |
|    time_elapsed    | 123      |
|    total_timesteps | 38287    |
| train/             |          |
|    actor_loss      | -107     |
|    critic_loss     | 12.3     |
|    ent_coef        | 0.039    |
|    ent_coef_loss   | 0.811    |
|    learning_rate   | 0.0003   |
|    n_updates       | 28286    |
---------------------------------
---------------------------------
| rollout/           |          |
|    ep_len_mean     | 191      |
|    ep_rew_mean     | 255      |
| time/              |          |
|    episodes        | 624      |
|    fps             | 308      |
|    time_elapsed    | 125      |
|    total_timesteps | 38777    |
| train/             |          |
|    actor_loss      | -106     |
|    critic_loss     | 11.9     |
|    ent_coef        | 0.0409   |
|    ent_coef_loss   | -0.566   |
|    learning_rate   | 0.0003   |
|    n_updates       | 28776    |
---------------------------------
---------------------------------
| rollout/           |          |
|    ep_len_mean     | 191      |
|    ep_rew_mean     | 258      |
| time/              |          |
|    episodes        | 628      |
|    fps             | 307      |
|    time_elapsed    | 128      |
|    total_timesteps | 39373    |
| train/             |          |
|    actor_loss      | -107     |
|    critic_loss     | 17.7     |
|    ent_coef        | 0.0405   |
|    ent_coef_loss   | -0.66    |
|    learning_rate   | 0.0003   |
|    n_updates       | 29372    |
---------------------------------
---------------------------------
| rollout/           |          |
|    ep_len_mean     | 190      |
|    ep_rew_mean     | 260      |
| time/              |          |
|    episodes        | 632      |
|    fps             | 306      |
|    time_elapsed    | 130      |
|    total_timesteps | 39839    |
| train/             |          |
|    actor_loss      | -107     |
|    critic_loss     | 15.6     |
|    ent_coef        | 0.0407   |
|    ent_coef_loss   | -0.0984  |
|    learning_rate   | 0.0003   |
|    n_updates       | 29838    |
---------------------------------
Eval num_timesteps=40000, episode_reward=191.59 +/- 44.96
Episode length: 106.10 +/- 24.05
---------------------------------
| eval/              |          |
|    mean_ep_length  | 106      |
|    mean_reward     | 192      |
| time/              |          |
|    total_timesteps | 40000    |
| train/             |          |
|    actor_loss      | -101     |
|    critic_loss     | 14.1     |
|    ent_coef        | 0.0403   |
|    ent_coef_loss   | -1.05    |
|    learning_rate   | 0.0003   |
|    n_updates       | 29999    |
---------------------------------
---------------------------------
| rollout/           |          |
|    ep_len_mean     | 190      |
|    ep_rew_mean     | 262      |
| time/              |          |
|    episodes        | 636      |
|    fps             | 304      |
|    time_elapsed    | 133      |
|    total_timesteps | 40574    |
| train/             |          |
|    actor_loss      | -107     |
|    critic_loss     | 17       |
|    ent_coef        | 0.0403   |
|    ent_coef_loss   | 1.47     |
|    learning_rate   | 0.0003   |
|    n_updates       | 30573    |
---------------------------------
---------------------------------
| rollout/           |          |
|    ep_len_mean     | 188      |
|    ep_rew_mean     | 258      |
| time/              |          |
|    episodes        | 640      |
|    fps             | 303      |
|    time_elapsed    | 134      |
|    total_timesteps | 41023    |
| train/             |          |
|    actor_loss      | -106     |
|    critic_loss     | 12.5     |
|    ent_coef        | 0.0401   |
|    ent_coef_loss   | 0.0355   |
|    learning_rate   | 0.0003   |
|    n_updates       | 31022    |
---------------------------------
---------------------------------
| rollout/           |          |
|    ep_len_mean     | 176      |
|    ep_rew_mean     | 246      |
| time/              |          |
|    episodes        | 644      |
|    fps             | 302      |
|    time_elapsed    | 137      |
|    total_timesteps | 41569    |
| train/             |          |
|    actor_loss      | -109     |
|    critic_loss     | 12.3     |
|    ent_coef        | 0.0403   |
|    ent_coef_loss   | -0.533   |
|    learning_rate   | 0.0003   |
|    n_updates       | 31568    |
---------------------------------
---------------------------------
| rollout/           |          |
|    ep_len_mean     | 173      |
|    ep_rew_mean     | 243      |
| time/              |          |
|    episodes        | 648      |
|    fps             | 301      |
|    time_elapsed    | 139      |
|    total_timesteps | 42053    |
| train/             |          |
|    actor_loss      | -109     |
|    critic_loss     | 15.5     |
|    ent_coef        | 0.0404   |
|    ent_coef_loss   | -0.0803  |
|    learning_rate   | 0.0003   |
|    n_updates       | 32052    |
---------------------------------
---------------------------------
| rollout/           |          |
|    ep_len_mean     | 171      |
|    ep_rew_mean     | 239      |
| time/              |          |
|    episodes        | 652      |
|    fps             | 300      |
|    time_elapsed    | 141      |
|    total_timesteps | 42469    |
| train/             |          |
|    actor_loss      | -107     |
|    critic_loss     | 24.3     |
|    ent_coef        | 0.0399   |
|    ent_coef_loss   | 0.532    |
|    learning_rate   | 0.0003   |
|    n_updates       | 32468    |
---------------------------------
---------------------------------
| rollout/           |          |
|    ep_len_mean     | 171      |
|    ep_rew_mean     | 240      |
| time/              |          |
|    episodes        | 656      |
|    fps             | 299      |
|    time_elapsed    | 143      |
|    total_timesteps | 43114    |
| train/             |          |
|    actor_loss      | -106     |
|    critic_loss     | 14.8     |
|    ent_coef        | 0.0405   |
|    ent_coef_loss   | -0.229   |
|    learning_rate   | 0.0003   |
|    n_updates       | 33113    |
---------------------------------
---------------------------------
| rollout/           |          |
|    ep_len_mean     | 173      |
|    ep_rew_mean     | 246      |
| time/              |          |
|    episodes        | 660      |
|    fps             | 298      |
|    time_elapsed    | 147      |
|    total_timesteps | 43910    |
| train/             |          |
|    actor_loss      | -109     |
|    critic_loss     | 9.73     |
|    ent_coef        | 0.041    |
|    ent_coef_loss   | -1.89    |
|    learning_rate   | 0.0003   |
|    n_updates       | 33909    |
---------------------------------
---------------------------------
| rollout/           |          |
|    ep_len_mean     | 176      |
|    ep_rew_mean     | 253      |
| time/              |          |
|    episodes        | 664      |
|    fps             | 296      |
|    time_elapsed    | 150      |
|    total_timesteps | 44632    |
| train/             |          |
|    actor_loss      | -107     |
|    critic_loss     | 15.9     |
|    ent_coef        | 0.0415   |
|    ent_coef_loss   | -0.751   |
|    learning_rate   | 0.0003   |
|    n_updates       | 34631    |
---------------------------------
---------------------------------
| rollout/           |          |
|    ep_len_mean     | 176      |
|    ep_rew_mean     | 256      |
| time/              |          |
|    episodes        | 668      |
|    fps             | 295      |
|    time_elapsed    | 152      |
|    total_timesteps | 45256    |
| train/             |          |
|    actor_loss      | -108     |
|    critic_loss     | 20.1     |
|    ent_coef        | 0.0407   |
|    ent_coef_loss   | -0.175   |
|    learning_rate   | 0.0003   |
|    n_updates       | 35255    |
---------------------------------
---------------------------------
| rollout/           |          |
|    ep_len_mean     | 173      |
|    ep_rew_mean     | 255      |
| time/              |          |
|    episodes        | 672      |
|    fps             | 294      |
|    time_elapsed    | 155      |
|    total_timesteps | 45826    |
| train/             |          |
|    actor_loss      | -109     |
|    critic_loss     | 17.4     |
|    ent_coef        | 0.0412   |
|    ent_coef_loss   | 0.839    |
|    learning_rate   | 0.0003   |
|    n_updates       | 35825    |
---------------------------------
---------------------------------
| rollout/           |          |
|    ep_len_mean     | 168      |
|    ep_rew_mean     | 252      |
| time/              |          |
|    episodes        | 676      |
|    fps             | 294      |
|    time_elapsed    | 158      |
|    total_timesteps | 46511    |
| train/             |          |
|    actor_loss      | -111     |
|    critic_loss     | 14.9     |
|    ent_coef        | 0.0405   |
|    ent_coef_loss   | -0.0787  |
|    learning_rate   | 0.0003   |
|    n_updates       | 36510    |
---------------------------------
---------------------------------
| rollout/           |          |
|    ep_len_mean     | 173      |
|    ep_rew_mean     | 258      |
| time/              |          |
|    episodes        | 680      |
|    fps             | 292      |
|    time_elapsed    | 162      |
|    total_timesteps | 47472    |
| train/             |          |
|    actor_loss      | -111     |
|    critic_loss     | 18.7     |
|    ent_coef        | 0.0386   |
|    ent_coef_loss   | -0.0914  |
|    learning_rate   | 0.0003   |
|    n_updates       | 37471    |
---------------------------------
---------------------------------
| rollout/           |          |
|    ep_len_mean     | 174      |
|    ep_rew_mean     | 262      |
| time/              |          |
|    episodes        | 684      |
|    fps             | 291      |
|    time_elapsed    | 164      |
|    total_timesteps | 48092    |
| train/             |          |
|    actor_loss      | -115     |
|    critic_loss     | 15.3     |
|    ent_coef        | 0.0371   |
|    ent_coef_loss   | 0.929    |
|    learning_rate   | 0.0003   |
|    n_updates       | 38091    |
---------------------------------
---------------------------------
| rollout/           |          |
|    ep_len_mean     | 173      |
|    ep_rew_mean     | 270      |
| time/              |          |
|    episodes        | 688      |
|    fps             | 291      |
|    time_elapsed    | 167      |
|    total_timesteps | 48666    |
| train/             |          |
|    actor_loss      | -107     |
|    critic_loss     | 14.7     |
|    ent_coef        | 0.0372   |
|    ent_coef_loss   | 1.45     |
|    learning_rate   | 0.0003   |
|    n_updates       | 38665    |
---------------------------------
---------------------------------
| rollout/           |          |
|    ep_len_mean     | 171      |
|    ep_rew_mean     | 271      |
| time/              |          |
|    episodes        | 692      |
|    fps             | 290      |
|    time_elapsed    | 169      |
|    total_timesteps | 49162    |
| train/             |          |
|    actor_loss      | -113     |
|    critic_loss     | 12.7     |
|    ent_coef        | 0.0364   |
|    ent_coef_loss   | -1.22    |
|    learning_rate   | 0.0003   |
|    n_updates       | 39161    |
---------------------------------
---------------------------------
| rollout/           |          |
|    ep_len_mean     | 170      |
|    ep_rew_mean     | 272      |
| time/              |          |
|    episodes        | 696      |
|    fps             | 289      |
|    time_elapsed    | 171      |
|    total_timesteps | 49781    |
| train/             |          |
|    actor_loss      | -110     |
|    critic_loss     | 15.4     |
|    ent_coef        | 0.0358   |
|    ent_coef_loss   | -1.84    |
|    learning_rate   | 0.0003   |
|    n_updates       | 39780    |
---------------------------------
Eval num_timesteps=50000, episode_reward=266.60 +/- 73.20
Episode length: 139.40 +/- 30.87
---------------------------------
| eval/              |          |
|    mean_ep_length  | 139      |
|    mean_reward     | 267      |
| time/              |          |
|    total_timesteps | 50000    |
| train/             |          |
|    actor_loss      | -114     |
|    critic_loss     | 13.6     |
|    ent_coef        | 0.0355   |
|    ent_coef_loss   | -0.953   |
|    learning_rate   | 0.0003   |
|    n_updates       | 39999    |
---------------------------------
New best mean reward!
---------------------------------
| rollout/           |          |
|    ep_len_mean     | 171      |
|    ep_rew_mean     | 274      |
| time/              |          |
|    episodes        | 700      |
|    fps             | 288      |
|    time_elapsed    | 174      |
|    total_timesteps | 50243    |
| train/             |          |
|    actor_loss      | -114     |
|    critic_loss     | 11.1     |
|    ent_coef        | 0.0355   |
|    ent_coef_loss   | -2.2     |
|    learning_rate   | 0.0003   |
|    n_updates       | 40242    |
---------------------------------
---------------------------------
| rollout/           |          |
|    ep_len_mean     | 171      |
|    ep_rew_mean     | 275      |
| time/              |          |
|    episodes        | 704      |
|    fps             | 287      |
|    time_elapsed    | 176      |
|    total_timesteps | 50839    |
| train/             |          |
|    actor_loss      | -108     |
|    critic_loss     | 19       |
|    ent_coef        | 0.0349   |
|    ent_coef_loss   | 1.84     |
|    learning_rate   | 0.0003   |
|    n_updates       | 40838    |
---------------------------------
---------------------------------
| rollout/           |          |
|    ep_len_mean     | 171      |
|    ep_rew_mean     | 278      |
| time/              |          |
|    episodes        | 708      |
|    fps             | 287      |
|    time_elapsed    | 179      |
|    total_timesteps | 51463    |
| train/             |          |
|    actor_loss      | -111     |
|    critic_loss     | 19.9     |
|    ent_coef        | 0.0354   |
|    ent_coef_loss   | -0.282   |
|    learning_rate   | 0.0003   |
|    n_updates       | 41462    |
---------------------------------
---------------------------------
| rollout/           |          |
|    ep_len_mean     | 163      |
|    ep_rew_mean     | 271      |
| time/              |          |
|    episodes        | 712      |
|    fps             | 286      |
|    time_elapsed    | 181      |
|    total_timesteps | 51977    |
| train/             |          |
|    actor_loss      | -113     |
|    critic_loss     | 9.13     |
|    ent_coef        | 0.0351   |
|    ent_coef_loss   | -0.529   |
|    learning_rate   | 0.0003   |
|    n_updates       | 41976    |
---------------------------------
---------------------------------
| rollout/           |          |
|    ep_len_mean     | 154      |
|    ep_rew_mean     | 261      |
| time/              |          |
|    episodes        | 716      |
|    fps             | 286      |
|    time_elapsed    | 183      |
|    total_timesteps | 52592    |
| train/             |          |
|    actor_loss      | -112     |
|    critic_loss     | 11.8     |
|    ent_coef        | 0.0346   |
|    ent_coef_loss   | -1       |
|    learning_rate   | 0.0003   |
|    n_updates       | 42591    |
---------------------------------
---------------------------------
| rollout/           |          |
|    ep_len_mean     | 150      |
|    ep_rew_mean     | 259      |
| time/              |          |
|    episodes        | 720      |
|    fps             | 285      |
|    time_elapsed    | 186      |
|    total_timesteps | 53310    |
| train/             |          |
|    actor_loss      | -110     |
|    critic_loss     | 9.13     |
|    ent_coef        | 0.0342   |
|    ent_coef_loss   | 0.193    |
|    learning_rate   | 0.0003   |
|    n_updates       | 43309    |
---------------------------------
---------------------------------
| rollout/           |          |
|    ep_len_mean     | 150      |
|    ep_rew_mean     | 256      |
| time/              |          |
|    episodes        | 724      |
|    fps             | 285      |
|    time_elapsed    | 188      |
|    total_timesteps | 53793    |
| train/             |          |
|    actor_loss      | -113     |
|    critic_loss     | 9.99     |
|    ent_coef        | 0.0338   |
|    ent_coef_loss   | -1.32    |
|    learning_rate   | 0.0003   |
|    n_updates       | 43792    |
---------------------------------
---------------------------------
| rollout/           |          |
|    ep_len_mean     | 151      |
|    ep_rew_mean     | 259      |
| time/              |          |
|    episodes        | 728      |
|    fps             | 284      |
|    time_elapsed    | 191      |
|    total_timesteps | 54522    |
| train/             |          |
|    actor_loss      | -111     |
|    critic_loss     | 12.5     |
|    ent_coef        | 0.0335   |
|    ent_coef_loss   | -1.82    |
|    learning_rate   | 0.0003   |
|    n_updates       | 44521    |
---------------------------------
---------------------------------
| rollout/           |          |
|    ep_len_mean     | 153      |
|    ep_rew_mean     | 261      |
| time/              |          |
|    episodes        | 732      |
|    fps             | 284      |
|    time_elapsed    | 193      |
|    total_timesteps | 55132    |
| train/             |          |
|    actor_loss      | -109     |
|    critic_loss     | 11.6     |
|    ent_coef        | 0.0327   |
|    ent_coef_loss   | -0.171   |
|    learning_rate   | 0.0003   |
|    n_updates       | 45131    |
---------------------------------
---------------------------------
| rollout/           |          |
|    ep_len_mean     | 152      |
|    ep_rew_mean     | 262      |
| time/              |          |
|    episodes        | 736      |
|    fps             | 283      |
|    time_elapsed    | 196      |
|    total_timesteps | 55824    |
| train/             |          |
|    actor_loss      | -110     |
|    critic_loss     | 9.89     |
|    ent_coef        | 0.0313   |
|    ent_coef_loss   | 0.164    |
|    learning_rate   | 0.0003   |
|    n_updates       | 45823    |
---------------------------------
---------------------------------
| rollout/           |          |
|    ep_len_mean     | 154      |
|    ep_rew_mean     | 267      |
| time/              |          |
|    episodes        | 740      |
|    fps             | 283      |
|    time_elapsed    | 199      |
|    total_timesteps | 56449    |
| train/             |          |
|    actor_loss      | -109     |
|    critic_loss     | 13.7     |
|    ent_coef        | 0.0308   |
|    ent_coef_loss   | 3.8      |
|    learning_rate   | 0.0003   |
|    n_updates       | 46448    |
---------------------------------
---------------------------------
| rollout/           |          |
|    ep_len_mean     | 155      |
|    ep_rew_mean     | 269      |
| time/              |          |
|    episodes        | 744      |
|    fps             | 282      |
|    time_elapsed    | 201      |
|    total_timesteps | 57083    |
| train/             |          |
|    actor_loss      | -106     |
|    critic_loss     | 11.6     |
|    ent_coef        | 0.0307   |
|    ent_coef_loss   | 0.396    |
|    learning_rate   | 0.0003   |
|    n_updates       | 47082    |
---------------------------------
---------------------------------
| rollout/           |          |
|    ep_len_mean     | 157      |
|    ep_rew_mean     | 273      |
| time/              |          |
|    episodes        | 748      |
|    fps             | 282      |
|    time_elapsed    | 204      |
|    total_timesteps | 57711    |
| train/             |          |
|    actor_loss      | -108     |
|    critic_loss     | 11.2     |
|    ent_coef        | 0.0317   |
|    ent_coef_loss   | 0.781    |
|    learning_rate   | 0.0003   |
|    n_updates       | 47710    |
---------------------------------
---------------------------------
| rollout/           |          |
|    ep_len_mean     | 161      |
|    ep_rew_mean     | 278      |
| time/              |          |
|    episodes        | 752      |
|    fps             | 281      |
|    time_elapsed    | 207      |
|    total_timesteps | 58538    |
| train/             |          |
|    actor_loss      | -108     |
|    critic_loss     | 12.3     |
|    ent_coef        | 0.0343   |
|    ent_coef_loss   | -1.66    |
|    learning_rate   | 0.0003   |
|    n_updates       | 48537    |
---------------------------------
---------------------------------
| rollout/           |          |
|    ep_len_mean     | 159      |
|    ep_rew_mean     | 275      |
| time/              |          |
|    episodes        | 756      |
|    fps             | 281      |
|    time_elapsed    | 209      |
|    total_timesteps | 59050    |
| train/             |          |
|    actor_loss      | -110     |
|    critic_loss     | 14.1     |
|    ent_coef        | 0.0346   |
|    ent_coef_loss   | 0.148    |
|    learning_rate   | 0.0003   |
|    n_updates       | 49049    |
---------------------------------
---------------------------------
| rollout/           |          |
|    ep_len_mean     | 156      |
|    ep_rew_mean     | 269      |
| time/              |          |
|    episodes        | 760      |
|    fps             | 281      |
|    time_elapsed    | 211      |
|    total_timesteps | 59551    |
| train/             |          |
|    actor_loss      | -108     |
|    critic_loss     | 9.12     |
|    ent_coef        | 0.0352   |
|    ent_coef_loss   | -1.31    |
|    learning_rate   | 0.0003   |
|    n_updates       | 49550    |
---------------------------------
Eval num_timesteps=60000, episode_reward=381.57 +/- 60.38
Episode length: 221.00 +/- 25.97
---------------------------------
| eval/              |          |
|    mean_ep_length  | 221      |
|    mean_reward     | 382      |
| time/              |          |
|    total_timesteps | 60000    |
| train/             |          |
|    actor_loss      | -106     |
|    critic_loss     | 14.7     |
|    ent_coef        | 0.0352   |
|    ent_coef_loss   | 1.12     |
|    learning_rate   | 0.0003   |
|    n_updates       | 49999    |
---------------------------------
New best mean reward!
---------------------------------
| rollout/           |          |
|    ep_len_mean     | 155      |
|    ep_rew_mean     | 263      |
| time/              |          |
|    episodes        | 764      |
|    fps             | 280      |
|    time_elapsed    | 214      |
|    total_timesteps | 60089    |
| train/             |          |
|    actor_loss      | -112     |
|    critic_loss     | 6.88     |
|    ent_coef        | 0.0355   |
|    ent_coef_loss   | -1.21    |
|    learning_rate   | 0.0003   |
|    n_updates       | 50088    |
---------------------------------
---------------------------------
| rollout/           |          |
|    ep_len_mean     | 154      |
|    ep_rew_mean     | 262      |
| time/              |          |
|    episodes        | 768      |
|    fps             | 279      |
|    time_elapsed    | 216      |
|    total_timesteps | 60688    |
| train/             |          |
|    actor_loss      | -108     |
|    critic_loss     | 17.9     |
|    ent_coef        | 0.0346   |
|    ent_coef_loss   | -0.00224 |
|    learning_rate   | 0.0003   |
|    n_updates       | 50687    |
---------------------------------
---------------------------------
| rollout/           |          |
|    ep_len_mean     | 155      |
|    ep_rew_mean     | 262      |
| time/              |          |
|    episodes        | 772      |
|    fps             | 279      |
|    time_elapsed    | 219      |
|    total_timesteps | 61299    |
| train/             |          |
|    actor_loss      | -108     |
|    critic_loss     | 9.02     |
|    ent_coef        | 0.034    |
|    ent_coef_loss   | -0.784   |
|    learning_rate   | 0.0003   |
|    n_updates       | 51298    |
---------------------------------
---------------------------------
| rollout/           |          |
|    ep_len_mean     | 161      |
|    ep_rew_mean     | 264      |
| time/              |          |
|    episodes        | 776      |
|    fps             | 277      |
|    time_elapsed    | 225      |
|    total_timesteps | 62593    |
| train/             |          |
|    actor_loss      | -107     |
|    critic_loss     | 10.2     |
|    ent_coef        | 0.0316   |
|    ent_coef_loss   | -1.1     |
|    learning_rate   | 0.0003   |
|    n_updates       | 52592    |
---------------------------------
---------------------------------
| rollout/           |          |
|    ep_len_mean     | 158      |
|    ep_rew_mean     | 261      |
| time/              |          |
|    episodes        | 780      |
|    fps             | 277      |
|    time_elapsed    | 228      |
|    total_timesteps | 63309    |
| train/             |          |
|    actor_loss      | -107     |
|    critic_loss     | 9.16     |
|    ent_coef        | 0.0309   |
|    ent_coef_loss   | -0.0214  |
|    learning_rate   | 0.0003   |
|    n_updates       | 53308    |
---------------------------------
---------------------------------
| rollout/           |          |
|    ep_len_mean     | 162      |
|    ep_rew_mean     | 260      |
| time/              |          |
|    episodes        | 784      |
|    fps             | 276      |
|    time_elapsed    | 232      |
|    total_timesteps | 64299    |
| train/             |          |
|    actor_loss      | -106     |
|    critic_loss     | 8.13     |
|    ent_coef        | 0.0303   |
|    ent_coef_loss   | -1.03    |
|    learning_rate   | 0.0003   |
|    n_updates       | 54298    |
---------------------------------
---------------------------------
| rollout/           |          |
|    ep_len_mean     | 174      |
|    ep_rew_mean     | 274      |
| time/              |          |
|    episodes        | 788      |
|    fps             | 275      |
|    time_elapsed    | 239      |
|    total_timesteps | 66016    |
| train/             |          |
|    actor_loss      | -105     |
|    critic_loss     | 8.2      |
|    ent_coef        | 0.0289   |
|    ent_coef_loss   | -0.541   |
|    learning_rate   | 0.0003   |
|    n_updates       | 56015    |
---------------------------------
---------------------------------
| rollout/           |          |
|    ep_len_mean     | 178      |
|    ep_rew_mean     | 281      |
| time/              |          |
|    episodes        | 792      |
|    fps             | 274      |
|    time_elapsed    | 243      |
|    total_timesteps | 67008    |
| train/             |          |
|    actor_loss      | -108     |
|    critic_loss     | 10.8     |
|    ent_coef        | 0.0283   |
|    ent_coef_loss   | -0.668   |
|    learning_rate   | 0.0003   |
|    n_updates       | 57007    |
---------------------------------
---------------------------------
| rollout/           |          |
|    ep_len_mean     | 180      |
|    ep_rew_mean     | 278      |
| time/              |          |
|    episodes        | 796      |
|    fps             | 274      |
|    time_elapsed    | 246      |
|    total_timesteps | 67781    |
| train/             |          |
|    actor_loss      | -103     |
|    critic_loss     | 6.99     |
|    ent_coef        | 0.0291   |
|    ent_coef_loss   | 0.285    |
|    learning_rate   | 0.0003   |
|    n_updates       | 57780    |
---------------------------------
---------------------------------
| rollout/           |          |
|    ep_len_mean     | 182      |
|    ep_rew_mean     | 276      |
| time/              |          |
|    episodes        | 800      |
|    fps             | 274      |
|    time_elapsed    | 249      |
|    total_timesteps | 68413    |
| train/             |          |
|    actor_loss      | -98.8    |
|    critic_loss     | 15.1     |
|    ent_coef        | 0.0289   |
|    ent_coef_loss   | 3.07     |
|    learning_rate   | 0.0003   |
|    n_updates       | 58412    |
---------------------------------
---------------------------------
| rollout/           |          |
|    ep_len_mean     | 181      |
|    ep_rew_mean     | 274      |
| time/              |          |
|    episodes        | 804      |
|    fps             | 273      |
|    time_elapsed    | 251      |
|    total_timesteps | 68925    |
| train/             |          |
|    actor_loss      | -103     |
|    critic_loss     | 10.9     |
|    ent_coef        | 0.0289   |
|    ent_coef_loss   | -1.07    |
|    learning_rate   | 0.0003   |
|    n_updates       | 58924    |
---------------------------------
Eval num_timesteps=70000, episode_reward=585.29 +/- 263.68
Episode length: 328.60 +/- 231.94
---------------------------------
| eval/              |          |
|    mean_ep_length  | 329      |
|    mean_reward     | 585      |
| time/              |          |
|    total_timesteps | 70000    |
| train/             |          |
|    actor_loss      | -104     |
|    critic_loss     | 8.09     |
|    ent_coef        | 0.0294   |
|    ent_coef_loss   | -1.26    |
|    learning_rate   | 0.0003   |
|    n_updates       | 59999    |
---------------------------------
New best mean reward!
---------------------------------
| rollout/           |          |
|    ep_len_mean     | 186      |
|    ep_rew_mean     | 281      |
| time/              |          |
|    episodes        | 808      |
|    fps             | 272      |
|    time_elapsed    | 257      |
|    total_timesteps | 70083    |
| train/             |          |
|    actor_loss      | -104     |
|    critic_loss     | 9.2      |
|    ent_coef        | 0.0296   |
|    ent_coef_loss   | 1.31     |
|    learning_rate   | 0.0003   |
|    n_updates       | 60082    |
---------------------------------
---------------------------------
| rollout/           |          |
|    ep_len_mean     | 188      |
|    ep_rew_mean     | 285      |
| time/              |          |
|    episodes        | 812      |
|    fps             | 272      |
|    time_elapsed    | 259      |
|    total_timesteps | 70790    |
| train/             |          |
|    actor_loss      | -106     |
|    critic_loss     | 7.42     |
|    ent_coef        | 0.0283   |
|    ent_coef_loss   | -2.32    |
|    learning_rate   | 0.0003   |
|    n_updates       | 60789    |
---------------------------------
---------------------------------
| rollout/           |          |
|    ep_len_mean     | 189      |
|    ep_rew_mean     | 288      |
| time/              |          |
|    episodes        | 816      |
|    fps             | 272      |
|    time_elapsed    | 262      |
|    total_timesteps | 71529    |
| train/             |          |
|    actor_loss      | -100     |
|    critic_loss     | 12.5     |
|    ent_coef        | 0.0282   |
|    ent_coef_loss   | 2.96     |
|    learning_rate   | 0.0003   |
|    n_updates       | 61528    |
---------------------------------
---------------------------------
| rollout/           |          |
|    ep_len_mean     | 194      |
|    ep_rew_mean     | 301      |
| time/              |          |
|    episodes        | 820      |
|    fps             | 271      |
|    time_elapsed    | 267      |
|    total_timesteps | 72731    |
| train/             |          |
|    actor_loss      | -105     |
|    critic_loss     | 11.4     |
|    ent_coef        | 0.0278   |
|    ent_coef_loss   | 0.39     |
|    learning_rate   | 0.0003   |
|    n_updates       | 62730    |
---------------------------------
---------------------------------
| rollout/           |          |
|    ep_len_mean     | 207      |
|    ep_rew_mean     | 321      |
| time/              |          |
|    episodes        | 824      |
|    fps             | 270      |
|    time_elapsed    | 275      |
|    total_timesteps | 74508    |
| train/             |          |
|    actor_loss      | -104     |
|    critic_loss     | 7.37     |
|    ent_coef        | 0.0278   |
|    ent_coef_loss   | -0.591   |
|    learning_rate   | 0.0003   |
|    n_updates       | 64507    |
---------------------------------
---------------------------------
| rollout/           |          |
|    ep_len_mean     | 217      |
|    ep_rew_mean     | 339      |
| time/              |          |
|    episodes        | 828      |
|    fps             | 269      |
|    time_elapsed    | 282      |
|    total_timesteps | 76209    |
| train/             |          |
|    actor_loss      | -104     |
|    critic_loss     | 10.4     |
|    ent_coef        | 0.0282   |
|    ent_coef_loss   | -1.53    |
|    learning_rate   | 0.0003   |
|    n_updates       | 66208    |
---------------------------------
---------------------------------
| rollout/           |          |
|    ep_len_mean     | 217      |
|    ep_rew_mean     | 340      |
| time/              |          |
|    episodes        | 832      |
|    fps             | 269      |
|    time_elapsed    | 284      |
|    total_timesteps | 76796    |
| train/             |          |
|    actor_loss      | -106     |
|    critic_loss     | 8.8      |
|    ent_coef        | 0.0281   |
|    ent_coef_loss   | -0.0879  |
|    learning_rate   | 0.0003   |
|    n_updates       | 66795    |
---------------------------------
---------------------------------
| rollout/           |          |
|    ep_len_mean     | 225      |
|    ep_rew_mean     | 348      |
| time/              |          |
|    episodes        | 836      |
|    fps             | 269      |
|    time_elapsed    | 290      |
|    total_timesteps | 78306    |
| train/             |          |
|    actor_loss      | -99      |
|    critic_loss     | 8.17     |
|    ent_coef        | 0.0282   |
|    ent_coef_loss   | 2.06     |
|    learning_rate   | 0.0003   |
|    n_updates       | 68305    |
---------------------------------
---------------------------------
| rollout/           |          |
|    ep_len_mean     | 225      |
|    ep_rew_mean     | 350      |
| time/              |          |
|    episodes        | 840      |
|    fps             | 268      |
|    time_elapsed    | 293      |
|    total_timesteps | 78991    |
| train/             |          |
|    actor_loss      | -102     |
|    critic_loss     | 7.55     |
|    ent_coef        | 0.0283   |
|    ent_coef_loss   | 0.629    |
|    learning_rate   | 0.0003   |
|    n_updates       | 68990    |
---------------------------------
Eval num_timesteps=80000, episode_reward=359.30 +/- 270.18
Episode length: 226.40 +/- 264.41
---------------------------------
| eval/              |          |
|    mean_ep_length  | 226      |
|    mean_reward     | 359      |
| time/              |          |
|    total_timesteps | 80000    |
| train/             |          |
|    actor_loss      | -98.6    |
|    critic_loss     | 10.8     |
|    ent_coef        | 0.0291   |
|    ent_coef_loss   | 1.14     |
|    learning_rate   | 0.0003   |
|    n_updates       | 69999    |
---------------------------------
---------------------------------
| rollout/           |          |
|    ep_len_mean     | 231      |
|    ep_rew_mean     | 358      |
| time/              |          |
|    episodes        | 844      |
|    fps             | 268      |
|    time_elapsed    | 298      |
|    total_timesteps | 80154    |
| train/             |          |
|    actor_loss      | -104     |
|    critic_loss     | 8.96     |
|    ent_coef        | 0.0293   |
|    ent_coef_loss   | 0.672    |
|    learning_rate   | 0.0003   |
|    n_updates       | 70153    |
---------------------------------
---------------------------------
| rollout/           |          |
|    ep_len_mean     | 233      |
|    ep_rew_mean     | 363      |
| time/              |          |
|    episodes        | 848      |
|    fps             | 267      |
|    time_elapsed    | 302      |
|    total_timesteps | 81014    |
| train/             |          |
|    actor_loss      | -103     |
|    critic_loss     | 9.64     |
|    ent_coef        | 0.0283   |
|    ent_coef_loss   | -0.438   |
|    learning_rate   | 0.0003   |
|    n_updates       | 71013    |
---------------------------------
---------------------------------
| rollout/           |          |
|    ep_len_mean     | 237      |
|    ep_rew_mean     | 360      |
| time/              |          |
|    episodes        | 852      |
|    fps             | 267      |
|    time_elapsed    | 307      |
|    total_timesteps | 82213    |
| train/             |          |
|    actor_loss      | -105     |
|    critic_loss     | 7.8      |
|    ent_coef        | 0.0279   |
|    ent_coef_loss   | -0.934   |
|    learning_rate   | 0.0003   |
|    n_updates       | 72212    |
---------------------------------
---------------------------------
| rollout/           |          |
|    ep_len_mean     | 250      |
|    ep_rew_mean     | 378      |
| time/              |          |
|    episodes        | 856      |
|    fps             | 266      |
|    time_elapsed    | 315      |
|    total_timesteps | 84025    |
| train/             |          |
|    actor_loss      | -103     |
|    critic_loss     | 12.1     |
|    ent_coef        | 0.0283   |
|    ent_coef_loss   | 0.124    |
|    learning_rate   | 0.0003   |
|    n_updates       | 74024    |
---------------------------------
---------------------------------
| rollout/           |          |
|    ep_len_mean     | 262      |
|    ep_rew_mean     | 401      |
| time/              |          |
|    episodes        | 860      |
|    fps             | 266      |
|    time_elapsed    | 321      |
|    total_timesteps | 85712    |
| train/             |          |
|    actor_loss      | -103     |
|    critic_loss     | 8.09     |
|    ent_coef        | 0.0284   |
|    ent_coef_loss   | 0.895    |
|    learning_rate   | 0.0003   |
|    n_updates       | 75711    |
---------------------------------
---------------------------------
| rollout/           |          |
|    ep_len_mean     | 267      |
|    ep_rew_mean     | 413      |
| time/              |          |
|    episodes        | 864      |
|    fps             | 266      |
|    time_elapsed    | 326      |
|    total_timesteps | 86804    |
| train/             |          |
|    actor_loss      | -108     |
|    critic_loss     | 8.15     |
|    ent_coef        | 0.0289   |
|    ent_coef_loss   | -0.525   |
|    learning_rate   | 0.0003   |
|    n_updates       | 76803    |
---------------------------------
---------------------------------
| rollout/           |          |
|    ep_len_mean     | 274      |
|    ep_rew_mean     | 424      |
| time/              |          |
|    episodes        | 868      |
|    fps             | 265      |
|    time_elapsed    | 331      |
|    total_timesteps | 88039    |
| train/             |          |
|    actor_loss      | -107     |
|    critic_loss     | 9.12     |
|    ent_coef        | 0.0289   |
|    ent_coef_loss   | -0.111   |
|    learning_rate   | 0.0003   |
|    n_updates       | 78038    |
---------------------------------
Eval num_timesteps=90000, episode_reward=440.62 +/- 513.19
Episode length: 236.40 +/- 254.74
---------------------------------
| eval/              |          |
|    mean_ep_length  | 236      |
|    mean_reward     | 441      |
| time/              |          |
|    total_timesteps | 90000    |
| train/             |          |
|    actor_loss      | -107     |
|    critic_loss     | 9.4      |
|    ent_coef        | 0.0306   |
|    ent_coef_loss   | 0.122    |
|    learning_rate   | 0.0003   |
|    n_updates       | 79999    |
---------------------------------
---------------------------------
| rollout/           |          |
|    ep_len_mean     | 287      |
|    ep_rew_mean     | 456      |
| time/              |          |
|    episodes        | 872      |
|    fps             | 265      |
|    time_elapsed    | 339      |
|    total_timesteps | 90041    |
| train/             |          |
|    actor_loss      | -103     |
|    critic_loss     | 9.81     |
|    ent_coef        | 0.0306   |
|    ent_coef_loss   | 0.569    |
|    learning_rate   | 0.0003   |
|    n_updates       | 80040    |
---------------------------------
---------------------------------
| rollout/           |          |
|    ep_len_mean     | 291      |
|    ep_rew_mean     | 474      |
| time/              |          |
|    episodes        | 876      |
|    fps             | 264      |
|    time_elapsed    | 346      |
|    total_timesteps | 91663    |
| train/             |          |
|    actor_loss      | -105     |
|    critic_loss     | 8.75     |
|    ent_coef        | 0.0319   |
|    ent_coef_loss   | -0.335   |
|    learning_rate   | 0.0003   |
|    n_updates       | 81662    |
---------------------------------
---------------------------------
| rollout/           |          |
|    ep_len_mean     | 294      |
|    ep_rew_mean     | 485      |
| time/              |          |
|    episodes        | 880      |
|    fps             | 264      |
|    time_elapsed    | 350      |
|    total_timesteps | 92679    |
| train/             |          |
|    actor_loss      | -106     |
|    critic_loss     | 8.03     |
|    ent_coef        | 0.0324   |
|    ent_coef_loss   | 0.0472   |
|    learning_rate   | 0.0003   |
|    n_updates       | 82678    |
---------------------------------
---------------------------------
| rollout/           |          |
|    ep_len_mean     | 302      |
|    ep_rew_mean     | 512      |
| time/              |          |
|    episodes        | 884      |
|    fps             | 263      |
|    time_elapsed    | 358      |
|    total_timesteps | 94549    |
| train/             |          |
|    actor_loss      | -109     |
|    critic_loss     | 12.4     |
|    ent_coef        | 0.0331   |
|    ent_coef_loss   | 0.763    |
|    learning_rate   | 0.0003   |
|    n_updates       | 84548    |
---------------------------------
---------------------------------
| rollout/           |          |
|    ep_len_mean     | 298      |
|    ep_rew_mean     | 512      |
| time/              |          |
|    episodes        | 888      |
|    fps             | 263      |
|    time_elapsed    | 363      |
|    total_timesteps | 95799    |
| train/             |          |
|    actor_loss      | -108     |
|    critic_loss     | 12.1     |
|    ent_coef        | 0.0336   |
|    ent_coef_loss   | -1.26    |
|    learning_rate   | 0.0003   |
|    n_updates       | 85798    |
---------------------------------
---------------------------------
| rollout/           |          |
|    ep_len_mean     | 299      |
|    ep_rew_mean     | 517      |
| time/              |          |
|    episodes        | 892      |
|    fps             | 263      |
|    time_elapsed    | 368      |
|    total_timesteps | 96934    |
| train/             |          |
|    actor_loss      | -107     |
|    critic_loss     | 12.3     |
|    ent_coef        | 0.0337   |
|    ent_coef_loss   | 0.242    |
|    learning_rate   | 0.0003   |
|    n_updates       | 86933    |
---------------------------------
---------------------------------
| rollout/           |          |
|    ep_len_mean     | 306      |
|    ep_rew_mean     | 540      |
| time/              |          |
|    episodes        | 896      |
|    fps             | 263      |
|    time_elapsed    | 374      |
|    total_timesteps | 98376    |
| train/             |          |
|    actor_loss      | -112     |
|    critic_loss     | 7.75     |
|    ent_coef        | 0.034    |
|    ent_coef_loss   | 0.179    |
|    learning_rate   | 0.0003   |
|    n_updates       | 88375    |
---------------------------------
---------------------------------
| rollout/           |          |
|    ep_len_mean     | 308      |
|    ep_rew_mean     | 550      |
| time/              |          |
|    episodes        | 900      |
|    fps             | 262      |
|    time_elapsed    | 377      |
|    total_timesteps | 99249    |
| train/             |          |
|    actor_loss      | -113     |
|    critic_loss     | 7.26     |
|    ent_coef        | 0.0346   |
|    ent_coef_loss   | 0.734    |
|    learning_rate   | 0.0003   |
|    n_updates       | 89248    |
---------------------------------
Eval num_timesteps=100000, episode_reward=559.17 +/- 593.43
Episode length: 335.00 +/- 252.42
---------------------------------
| eval/              |          |
|    mean_ep_length  | 335      |
|    mean_reward     | 559      |
| time/              |          |
|    total_timesteps | 100000   |
| train/             |          |
|    actor_loss      | -108     |
|    critic_loss     | 10.1     |
|    ent_coef        | 0.0357   |
|    ent_coef_loss   | 0.196    |
|    learning_rate   | 0.0003   |
|    n_updates       | 89999    |
---------------------------------
---------------------------------
| rollout/           |          |
|    ep_len_mean     | 315      |
|    ep_rew_mean     | 567      |
| time/              |          |
|    episodes        | 904      |
|    fps             | 262      |
|    time_elapsed    | 382      |
|    total_timesteps | 100417   |
| train/             |          |
|    actor_loss      | -109     |
|    critic_loss     | 10.9     |
|    ent_coef        | 0.0355   |
|    ent_coef_loss   | -3.07    |
|    learning_rate   | 0.0003   |
|    n_updates       | 90416    |
---------------------------------
---------------------------------
| rollout/           |          |
|    ep_len_mean     | 313      |
|    ep_rew_mean     | 566      |
| time/              |          |
|    episodes        | 908      |
|    fps             | 262      |
|    time_elapsed    | 386      |
|    total_timesteps | 101350   |
| train/             |          |
|    actor_loss      | -112     |
|    critic_loss     | 13.4     |
|    ent_coef        | 0.0351   |
|    ent_coef_loss   | -0.493   |
|    learning_rate   | 0.0003   |
|    n_updates       | 91349    |
---------------------------------
---------------------------------
| rollout/           |          |
|    ep_len_mean     | 313      |
|    ep_rew_mean     | 566      |
| time/              |          |
|    episodes        | 912      |
|    fps             | 261      |
|    time_elapsed    | 389      |
|    total_timesteps | 102096   |
| train/             |          |
|    actor_loss      | -114     |
|    critic_loss     | 7.74     |
|    ent_coef        | 0.0359   |
|    ent_coef_loss   | 1.21     |
|    learning_rate   | 0.0003   |
|    n_updates       | 92095    |
---------------------------------
---------------------------------
| rollout/           |          |
|    ep_len_mean     | 318      |
|    ep_rew_mean     | 580      |
| time/              |          |
|    episodes        | 916      |
|    fps             | 261      |
|    time_elapsed    | 394      |
|    total_timesteps | 103319   |
| train/             |          |
|    actor_loss      | -117     |
|    critic_loss     | 10.4     |
|    ent_coef        | 0.0359   |
|    ent_coef_loss   | 0.181    |
|    learning_rate   | 0.0003   |
|    n_updates       | 93318    |
---------------------------------
---------------------------------
| rollout/           |          |
|    ep_len_mean     | 316      |
|    ep_rew_mean     | 577      |
| time/              |          |
|    episodes        | 920      |
|    fps             | 261      |
|    time_elapsed    | 399      |
|    total_timesteps | 104339   |
| train/             |          |
|    actor_loss      | -114     |
|    critic_loss     | 9.23     |
|    ent_coef        | 0.0369   |
|    ent_coef_loss   | -0.197   |
|    learning_rate   | 0.0003   |
|    n_updates       | 94338    |
---------------------------------
---------------------------------
| rollout/           |          |
|    ep_len_mean     | 305      |
|    ep_rew_mean     | 565      |
| time/              |          |
|    episodes        | 924      |
|    fps             | 261      |
|    time_elapsed    | 401      |
|    total_timesteps | 105029   |
| train/             |          |
|    actor_loss      | -114     |
|    critic_loss     | 9.81     |
|    ent_coef        | 0.037    |
|    ent_coef_loss   | -1.02    |
|    learning_rate   | 0.0003   |
|    n_updates       | 95028    |
---------------------------------
---------------------------------
| rollout/           |          |
|    ep_len_mean     | 298      |
|    ep_rew_mean     | 555      |
| time/              |          |
|    episodes        | 928      |
|    fps             | 261      |
|    time_elapsed    | 406      |
|    total_timesteps | 106038   |
| train/             |          |
|    actor_loss      | -116     |
|    critic_loss     | 9.43     |
|    ent_coef        | 0.0363   |
|    ent_coef_loss   | -2.08    |
|    learning_rate   | 0.0003   |
|    n_updates       | 96037    |
---------------------------------
---------------------------------
| rollout/           |          |
|    ep_len_mean     | 304      |
|    ep_rew_mean     | 572      |
| time/              |          |
|    episodes        | 932      |
|    fps             | 260      |
|    time_elapsed    | 411      |
|    total_timesteps | 107206   |
| train/             |          |
|    actor_loss      | -110     |
|    critic_loss     | 14.7     |
|    ent_coef        | 0.0372   |
|    ent_coef_loss   | 2.2      |
|    learning_rate   | 0.0003   |
|    n_updates       | 97205    |
---------------------------------
---------------------------------
| rollout/           |          |
|    ep_len_mean     | 299      |
|    ep_rew_mean     | 570      |
| time/              |          |
|    episodes        | 936      |
|    fps             | 260      |
|    time_elapsed    | 415      |
|    total_timesteps | 108221   |
| train/             |          |
|    actor_loss      | -115     |
|    critic_loss     | 14.9     |
|    ent_coef        | 0.0386   |
|    ent_coef_loss   | -0.612   |
|    learning_rate   | 0.0003   |
|    n_updates       | 98220    |
---------------------------------
---------------------------------
| rollout/           |          |
|    ep_len_mean     | 301      |
|    ep_rew_mean     | 573      |
| time/              |          |
|    episodes        | 940      |
|    fps             | 260      |
|    time_elapsed    | 418      |
|    total_timesteps | 109117   |
| train/             |          |
|    actor_loss      | -116     |
|    critic_loss     | 12.3     |
|    ent_coef        | 0.0388   |
|    ent_coef_loss   | -1.16    |
|    learning_rate   | 0.0003   |
|    n_updates       | 99116    |
---------------------------------
---------------------------------
| rollout/           |          |
|    ep_len_mean     | 296      |
|    ep_rew_mean     | 566      |
| time/              |          |
|    episodes        | 944      |
|    fps             | 260      |
|    time_elapsed    | 421      |
|    total_timesteps | 109773   |
| train/             |          |
|    actor_loss      | -116     |
|    critic_loss     | 10.9     |
|    ent_coef        | 0.0393   |
|    ent_coef_loss   | -0.761   |
|    learning_rate   | 0.0003   |
|    n_updates       | 99772    |
---------------------------------
Eval num_timesteps=110000, episode_reward=644.85 +/- 458.92
Episode length: 274.00 +/- 177.09
---------------------------------
| eval/              |          |
|    mean_ep_length  | 274      |
|    mean_reward     | 645      |
| time/              |          |
|    total_timesteps | 110000   |
| train/             |          |
|    actor_loss      | -113     |
|    critic_loss     | 14.3     |
|    ent_coef        | 0.0387   |
|    ent_coef_loss   | -0.933   |
|    learning_rate   | 0.0003   |
|    n_updates       | 99999    |
---------------------------------
New best mean reward!
---------------------------------
| rollout/           |          |
|    ep_len_mean     | 295      |
|    ep_rew_mean     | 566      |
| time/              |          |
|    episodes        | 948      |
|    fps             | 259      |
|    time_elapsed    | 425      |
|    total_timesteps | 110476   |
| train/             |          |
|    actor_loss      | -119     |
|    critic_loss     | 9.6      |
|    ent_coef        | 0.0387   |
|    ent_coef_loss   | -1.47    |
|    learning_rate   | 0.0003   |
|    n_updates       | 100475   |
---------------------------------
---------------------------------
| rollout/           |          |
|    ep_len_mean     | 291      |
|    ep_rew_mean     | 573      |
| time/              |          |
|    episodes        | 952      |
|    fps             | 259      |
|    time_elapsed    | 428      |
|    total_timesteps | 111298   |
| train/             |          |
|    actor_loss      | -116     |
|    critic_loss     | 9.41     |
|    ent_coef        | 0.0399   |
|    ent_coef_loss   | 1.76     |
|    learning_rate   | 0.0003   |
|    n_updates       | 101297   |
---------------------------------
---------------------------------
| rollout/           |          |
|    ep_len_mean     | 284      |
|    ep_rew_mean     | 573      |
| time/              |          |
|    episodes        | 956      |
|    fps             | 259      |
|    time_elapsed    | 433      |
|    total_timesteps | 112471   |
| train/             |          |
|    actor_loss      | -116     |
|    critic_loss     | 10.3     |
|    ent_coef        | 0.0414   |
|    ent_coef_loss   | 1.52     |
|    learning_rate   | 0.0003   |
|    n_updates       | 102470   |
---------------------------------
---------------------------------
| rollout/           |          |
|    ep_len_mean     | 274      |
|    ep_rew_mean     | 554      |
| time/              |          |
|    episodes        | 960      |
|    fps             | 259      |
|    time_elapsed    | 435      |
|    total_timesteps | 113148   |
| train/             |          |
|    actor_loss      | -113     |
|    critic_loss     | 9.34     |
|    ent_coef        | 0.0388   |
|    ent_coef_loss   | 1.08     |
|    learning_rate   | 0.0003   |
|    n_updates       | 103147   |
---------------------------------
---------------------------------
| rollout/           |          |
|    ep_len_mean     | 273      |
|    ep_rew_mean     | 554      |
| time/              |          |
|    episodes        | 964      |
|    fps             | 259      |
|    time_elapsed    | 439      |
|    total_timesteps | 114114   |
| train/             |          |
|    actor_loss      | -121     |
|    critic_loss     | 8.32     |
|    ent_coef        | 0.0398   |
|    ent_coef_loss   | -1.53    |
|    learning_rate   | 0.0003   |
|    n_updates       | 104113   |
---------------------------------
---------------------------------
| rollout/           |          |
|    ep_len_mean     | 268      |
|    ep_rew_mean     | 549      |
| time/              |          |
|    episodes        | 968      |
|    fps             | 259      |
|    time_elapsed    | 443      |
|    total_timesteps | 114875   |
| train/             |          |
|    actor_loss      | -120     |
|    critic_loss     | 12.2     |
|    ent_coef        | 0.0405   |
|    ent_coef_loss   | 0.645    |
|    learning_rate   | 0.0003   |
|    n_updates       | 104874   |
---------------------------------
---------------------------------
| rollout/           |          |
|    ep_len_mean     | 258      |
|    ep_rew_mean     | 529      |
| time/              |          |
|    episodes        | 972      |
|    fps             | 258      |
|    time_elapsed    | 447      |
|    total_timesteps | 115837   |
| train/             |          |
|    actor_loss      | -117     |
|    critic_loss     | 11.7     |
|    ent_coef        | 0.0396   |
|    ent_coef_loss   | -0.367   |
|    learning_rate   | 0.0003   |
|    n_updates       | 105836   |
---------------------------------
---------------------------------
| rollout/           |          |
|    ep_len_mean     | 251      |
|    ep_rew_mean     | 514      |
| time/              |          |
|    episodes        | 976      |
|    fps             | 258      |
|    time_elapsed    | 451      |
|    total_timesteps | 116724   |
| train/             |          |
|    actor_loss      | -116     |
|    critic_loss     | 10       |
|    ent_coef        | 0.0403   |
|    ent_coef_loss   | -0.615   |
|    learning_rate   | 0.0003   |
|    n_updates       | 106723   |
---------------------------------
---------------------------------
| rollout/           |          |
|    ep_len_mean     | 251      |
|    ep_rew_mean     | 516      |
| time/              |          |
|    episodes        | 980      |
|    fps             | 258      |
|    time_elapsed    | 455      |
|    total_timesteps | 117756   |
| train/             |          |
|    actor_loss      | -118     |
|    critic_loss     | 13.9     |
|    ent_coef        | 0.041    |
|    ent_coef_loss   | 1.57     |
|    learning_rate   | 0.0003   |
|    n_updates       | 107755   |
---------------------------------
---------------------------------
| rollout/           |          |
|    ep_len_mean     | 241      |
|    ep_rew_mean     | 495      |
| time/              |          |
|    episodes        | 984      |
|    fps             | 258      |
|    time_elapsed    | 459      |
|    total_timesteps | 118627   |
| train/             |          |
|    actor_loss      | -119     |
|    critic_loss     | 13.7     |
|    ent_coef        | 0.0411   |
|    ent_coef_loss   | -1.2     |
|    learning_rate   | 0.0003   |
|    n_updates       | 108626   |
---------------------------------
---------------------------------
| rollout/           |          |
|    ep_len_mean     | 237      |
|    ep_rew_mean     | 488      |
| time/              |          |
|    episodes        | 988      |
|    fps             | 258      |
|    time_elapsed    | 462      |
|    total_timesteps | 119456   |
| train/             |          |
|    actor_loss      | -120     |
|    critic_loss     | 12.9     |
|    ent_coef        | 0.0416   |
|    ent_coef_loss   | -0.36    |
|    learning_rate   | 0.0003   |
|    n_updates       | 109455   |
---------------------------------
Eval num_timesteps=120000, episode_reward=333.97 +/- 225.45
Episode length: 179.20 +/- 77.22
---------------------------------
| eval/              |          |
|    mean_ep_length  | 179      |
|    mean_reward     | 334      |
| time/              |          |
|    total_timesteps | 120000   |
| train/             |          |
|    actor_loss      | -118     |
|    critic_loss     | 8.15     |
|    ent_coef        | 0.0424   |
|    ent_coef_loss   | 2.24     |
|    learning_rate   | 0.0003   |
|    n_updates       | 109999   |
---------------------------------
---------------------------------
| rollout/           |          |
|    ep_len_mean     | 232      |
|    ep_rew_mean     | 479      |
| time/              |          |
|    episodes        | 992      |
|    fps             | 257      |
|    time_elapsed    | 466      |
|    total_timesteps | 120153   |
| train/             |          |
|    actor_loss      | -122     |
|    critic_loss     | 11.5     |
|    ent_coef        | 0.0422   |
|    ent_coef_loss   | -0.273   |
|    learning_rate   | 0.0003   |
|    n_updates       | 110152   |
---------------------------------
---------------------------------
| rollout/           |          |
|    ep_len_mean     | 229      |
|    ep_rew_mean     | 471      |
| time/              |          |
|    episodes        | 996      |
|    fps             | 257      |
|    time_elapsed    | 470      |
|    total_timesteps | 121238   |
| train/             |          |
|    actor_loss      | -120     |
|    critic_loss     | 13.5     |
|    ent_coef        | 0.0416   |
|    ent_coef_loss   | -1.84    |
|    learning_rate   | 0.0003   |
|    n_updates       | 111237   |
---------------------------------
---------------------------------
| rollout/           |          |
|    ep_len_mean     | 229      |
|    ep_rew_mean     | 476      |
| time/              |          |
|    episodes        | 1000     |
|    fps             | 257      |
|    time_elapsed    | 474      |
|    total_timesteps | 122183   |
| train/             |          |
|    actor_loss      | -120     |
|    critic_loss     | 9.48     |
|    ent_coef        | 0.042    |
|    ent_coef_loss   | -1.92    |
|    learning_rate   | 0.0003   |
|    n_updates       | 112182   |
---------------------------------
---------------------------------
| rollout/           |          |
|    ep_len_mean     | 230      |
|    ep_rew_mean     | 480      |
| time/              |          |
|    episodes        | 1004     |
|    fps             | 257      |
|    time_elapsed    | 479      |
|    total_timesteps | 123435   |
| train/             |          |
|    actor_loss      | -120     |
|    critic_loss     | 8.6      |
|    ent_coef        | 0.0429   |
|    ent_coef_loss   | 0.841    |
|    learning_rate   | 0.0003   |
|    n_updates       | 113434   |
---------------------------------
---------------------------------
| rollout/           |          |
|    ep_len_mean     | 226      |
|    ep_rew_mean     | 472      |
| time/              |          |
|    episodes        | 1008     |
|    fps             | 257      |
|    time_elapsed    | 481      |
|    total_timesteps | 123981   |
| train/             |          |
|    actor_loss      | -125     |
|    critic_loss     | 13.3     |
|    ent_coef        | 0.0427   |
|    ent_coef_loss   | -0.711   |
|    learning_rate   | 0.0003   |
|    n_updates       | 113980   |
---------------------------------
---------------------------------
| rollout/           |          |
|    ep_len_mean     | 225      |
|    ep_rew_mean     | 471      |
| time/              |          |
|    episodes        | 1012     |
|    fps             | 257      |
|    time_elapsed    | 484      |
|    total_timesteps | 124645   |
| train/             |          |
|    actor_loss      | -124     |
|    critic_loss     | 10.4     |
|    ent_coef        | 0.0422   |
|    ent_coef_loss   | 0.0362   |
|    learning_rate   | 0.0003   |
|    n_updates       | 114644   |
---------------------------------
---------------------------------
| rollout/           |          |
|    ep_len_mean     | 224      |
|    ep_rew_mean     | 467      |
| time/              |          |
|    episodes        | 1016     |
|    fps             | 257      |
|    time_elapsed    | 489      |
|    total_timesteps | 125735   |
| train/             |          |
|    actor_loss      | -120     |
|    critic_loss     | 12.2     |
|    ent_coef        | 0.0432   |
|    ent_coef_loss   | -1.11    |
|    learning_rate   | 0.0003   |
|    n_updates       | 115734   |
---------------------------------
---------------------------------
| rollout/           |          |
|    ep_len_mean     | 223      |
|    ep_rew_mean     | 467      |
| time/              |          |
|    episodes        | 1020     |
|    fps             | 256      |
|    time_elapsed    | 493      |
|    total_timesteps | 126679   |
| train/             |          |
|    actor_loss      | -118     |
|    critic_loss     | 14.5     |
|    ent_coef        | 0.0432   |
|    ent_coef_loss   | -0.0834  |
|    learning_rate   | 0.0003   |
|    n_updates       | 116678   |
---------------------------------
---------------------------------
| rollout/           |          |
|    ep_len_mean     | 226      |
|    ep_rew_mean     | 476      |
| time/              |          |
|    episodes        | 1024     |
|    fps             | 256      |
|    time_elapsed    | 497      |
|    total_timesteps | 127621   |
| train/             |          |
|    actor_loss      | -115     |
|    critic_loss     | 22.5     |
|    ent_coef        | 0.0435   |
|    ent_coef_loss   | -0.855   |
|    learning_rate   | 0.0003   |
|    n_updates       | 117620   |
---------------------------------
---------------------------------
| rollout/           |          |
|    ep_len_mean     | 227      |
|    ep_rew_mean     | 485      |
| time/              |          |
|    episodes        | 1028     |
|    fps             | 256      |
|    time_elapsed    | 501      |
|    total_timesteps | 128752   |
| train/             |          |
|    actor_loss      | -122     |
|    critic_loss     | 11       |
|    ent_coef        | 0.045    |
|    ent_coef_loss   | 2.19     |
|    learning_rate   | 0.0003   |
|    n_updates       | 118751   |
---------------------------------
---------------------------------
| rollout/           |          |
|    ep_len_mean     | 225      |
|    ep_rew_mean     | 478      |
| time/              |          |
|    episodes        | 1032     |
|    fps             | 256      |
|    time_elapsed    | 505      |
|    total_timesteps | 129676   |
| train/             |          |
|    actor_loss      | -122     |
|    critic_loss     | 14.7     |
|    ent_coef        | 0.0467   |
|    ent_coef_loss   | -2.11    |
|    learning_rate   | 0.0003   |
|    n_updates       | 119675   |
---------------------------------
Eval num_timesteps=130000, episode_reward=889.49 +/- 353.46
Episode length: 324.90 +/- 115.70
---------------------------------
| eval/              |          |
|    mean_ep_length  | 325      |
|    mean_reward     | 889      |
| time/              |          |
|    total_timesteps | 130000   |
| train/             |          |
|    actor_loss      | -122     |
|    critic_loss     | 13.1     |
|    ent_coef        | 0.0461   |
|    ent_coef_loss   | 1.59     |
|    learning_rate   | 0.0003   |
|    n_updates       | 119999   |
---------------------------------
New best mean reward!
---------------------------------
| rollout/           |          |
|    ep_len_mean     | 230      |
|    ep_rew_mean     | 500      |
| time/              |          |
|    episodes        | 1036     |
|    fps             | 255      |
|    time_elapsed    | 512      |
|    total_timesteps | 131183   |
| train/             |          |
|    actor_loss      | -127     |
|    critic_loss     | 11.3     |
|    ent_coef        | 0.0466   |
|    ent_coef_loss   | -1.17    |
|    learning_rate   | 0.0003   |
|    n_updates       | 121182   |
---------------------------------
---------------------------------
| rollout/           |          |
|    ep_len_mean     | 230      |
|    ep_rew_mean     | 506      |
| time/              |          |
|    episodes        | 1040     |
|    fps             | 255      |
|    time_elapsed    | 516      |
|    total_timesteps | 132115   |
| train/             |          |
|    actor_loss      | -124     |
|    critic_loss     | 9.92     |
|    ent_coef        | 0.0472   |
|    ent_coef_loss   | -0.011   |
|    learning_rate   | 0.0003   |
|    n_updates       | 122114   |
---------------------------------
---------------------------------
| rollout/           |          |
|    ep_len_mean     | 231      |
|    ep_rew_mean     | 512      |
| time/              |          |
|    episodes        | 1044     |
|    fps             | 255      |
|    time_elapsed    | 519      |
|    total_timesteps | 132882   |
| train/             |          |
|    actor_loss      | -123     |
|    critic_loss     | 11.2     |
|    ent_coef        | 0.0476   |
|    ent_coef_loss   | 0.637    |
|    learning_rate   | 0.0003   |
|    n_updates       | 122881   |
---------------------------------
---------------------------------
| rollout/           |          |
|    ep_len_mean     | 234      |
|    ep_rew_mean     | 521      |
| time/              |          |
|    episodes        | 1048     |
|    fps             | 255      |
|    time_elapsed    | 524      |
|    total_timesteps | 133864   |
| train/             |          |
|    actor_loss      | -127     |
|    critic_loss     | 11.9     |
|    ent_coef        | 0.0494   |
|    ent_coef_loss   | -0.609   |
|    learning_rate   | 0.0003   |
|    n_updates       | 123863   |
---------------------------------
---------------------------------
| rollout/           |          |
|    ep_len_mean     | 238      |
|    ep_rew_mean     | 541      |
| time/              |          |
|    episodes        | 1052     |
|    fps             | 255      |
|    time_elapsed    | 529      |
|    total_timesteps | 135145   |
| train/             |          |
|    actor_loss      | -128     |
|    critic_loss     | 12.5     |
|    ent_coef        | 0.0485   |
|    ent_coef_loss   | -1.23    |
|    learning_rate   | 0.0003   |
|    n_updates       | 125144   |
---------------------------------
---------------------------------
| rollout/           |          |
|    ep_len_mean     | 240      |
|    ep_rew_mean     | 555      |
| time/              |          |
|    episodes        | 1056     |
|    fps             | 254      |
|    time_elapsed    | 535      |
|    total_timesteps | 136516   |
| train/             |          |
|    actor_loss      | -128     |
|    critic_loss     | 15.1     |
|    ent_coef        | 0.0502   |
|    ent_coef_loss   | 2.58     |
|    learning_rate   | 0.0003   |
|    n_updates       | 126515   |
---------------------------------
---------------------------------
| rollout/           |          |
|    ep_len_mean     | 245      |
|    ep_rew_mean     | 571      |
| time/              |          |
|    episodes        | 1060     |
|    fps             | 254      |
|    time_elapsed    | 540      |
|    total_timesteps | 137653   |
| train/             |          |
|    actor_loss      | -129     |
|    critic_loss     | 15.5     |
|    ent_coef        | 0.049    |
|    ent_coef_loss   | -0.751   |
|    learning_rate   | 0.0003   |
|    n_updates       | 127652   |
---------------------------------
---------------------------------
| rollout/           |          |
|    ep_len_mean     | 245      |
|    ep_rew_mean     | 575      |
| time/              |          |
|    episodes        | 1064     |
|    fps             | 254      |
|    time_elapsed    | 544      |
|    total_timesteps | 138617   |
| train/             |          |
|    actor_loss      | -129     |
|    critic_loss     | 15.4     |
|    ent_coef        | 0.049    |
|    ent_coef_loss   | 0.417    |
|    learning_rate   | 0.0003   |
|    n_updates       | 128616   |
---------------------------------
---------------------------------
| rollout/           |          |
|    ep_len_mean     | 249      |
|    ep_rew_mean     | 591      |
| time/              |          |
|    episodes        | 1068     |
|    fps             | 254      |
|    time_elapsed    | 548      |
|    total_timesteps | 139778   |
| train/             |          |
|    actor_loss      | -128     |
|    critic_loss     | 11.5     |
|    ent_coef        | 0.0493   |
|    ent_coef_loss   | 1.39     |
|    learning_rate   | 0.0003   |
|    n_updates       | 129777   |
---------------------------------
Eval num_timesteps=140000, episode_reward=660.48 +/- 88.32
Episode length: 238.40 +/- 31.69
---------------------------------
| eval/              |          |
|    mean_ep_length  | 238      |
|    mean_reward     | 660      |
| time/              |          |
|    total_timesteps | 140000   |
| train/             |          |
|    actor_loss      | -128     |
|    critic_loss     | 11       |
|    ent_coef        | 0.0494   |
|    ent_coef_loss   | -0.0714  |
|    learning_rate   | 0.0003   |
|    n_updates       | 129999   |
---------------------------------
---------------------------------
| rollout/           |          |
|    ep_len_mean     | 253      |
|    ep_rew_mean     | 607      |
| time/              |          |
|    episodes        | 1072     |
|    fps             | 254      |
|    time_elapsed    | 554      |
|    total_timesteps | 141123   |
| train/             |          |
|    actor_loss      | -127     |
|    critic_loss     | 11.7     |
|    ent_coef        | 0.0502   |
|    ent_coef_loss   | -0.583   |
|    learning_rate   | 0.0003   |
|    n_updates       | 131122   |
---------------------------------
---------------------------------
| rollout/           |          |
|    ep_len_mean     | 255      |
|    ep_rew_mean     | 622      |
| time/              |          |
|    episodes        | 1076     |
|    fps             | 254      |
|    time_elapsed    | 559      |
|    total_timesteps | 142265   |
| train/             |          |
|    actor_loss      | -130     |
|    critic_loss     | 10.4     |
|    ent_coef        | 0.0494   |
|    ent_coef_loss   | -1.92    |
|    learning_rate   | 0.0003   |
|    n_updates       | 132264   |
---------------------------------
---------------------------------
| rollout/           |          |
|    ep_len_mean     | 258      |
|    ep_rew_mean     | 636      |
| time/              |          |
|    episodes        | 1080     |
|    fps             | 254      |
|    time_elapsed    | 564      |
|    total_timesteps | 143595   |
| train/             |          |
|    actor_loss      | -130     |
|    critic_loss     | 15       |
|    ent_coef        | 0.0509   |
|    ent_coef_loss   | 0.417    |
|    learning_rate   | 0.0003   |
|    n_updates       | 133594   |
---------------------------------
---------------------------------
| rollout/           |          |
|    ep_len_mean     | 269      |
|    ep_rew_mean     | 679      |
| time/              |          |
|    episodes        | 1084     |
|    fps             | 254      |
|    time_elapsed    | 572      |
|    total_timesteps | 145555   |
| train/             |          |
|    actor_loss      | -128     |
|    critic_loss     | 14.2     |
|    ent_coef        | 0.0519   |
|    ent_coef_loss   | 0.0966   |
|    learning_rate   | 0.0003   |
|    n_updates       | 135554   |
---------------------------------
---------------------------------
| rollout/           |          |
|    ep_len_mean     | 279      |
|    ep_rew_mean     | 715      |
| time/              |          |
|    episodes        | 1088     |
|    fps             | 253      |
|    time_elapsed    | 580      |
|    total_timesteps | 147328   |
| train/             |          |
|    actor_loss      | -135     |
|    critic_loss     | 15.5     |
|    ent_coef        | 0.0534   |
|    ent_coef_loss   | 2.61     |
|    learning_rate   | 0.0003   |
|    n_updates       | 137327   |
---------------------------------
---------------------------------
| rollout/           |          |
|    ep_len_mean     | 287      |
|    ep_rew_mean     | 745      |
| time/              |          |
|    episodes        | 1092     |
|    fps             | 253      |
|    time_elapsed    | 586      |
|    total_timesteps | 148824   |
| train/             |          |
|    actor_loss      | -139     |
|    critic_loss     | 12.4     |
|    ent_coef        | 0.0539   |
|    ent_coef_loss   | -0.551   |
|    learning_rate   | 0.0003   |
|    n_updates       | 138823   |
---------------------------------
Eval num_timesteps=150000, episode_reward=886.66 +/- 463.51
Episode length: 405.70 +/- 240.61
---------------------------------
| eval/              |          |
|    mean_ep_length  | 406      |
|    mean_reward     | 887      |
| time/              |          |
|    total_timesteps | 150000   |
| train/             |          |
|    actor_loss      | -138     |
|    critic_loss     | 15.1     |
|    ent_coef        | 0.0545   |
|    ent_coef_loss   | -0.487   |
|    learning_rate   | 0.0003   |
|    n_updates       | 139999   |
---------------------------------
---------------------------------
| rollout/           |          |
|    ep_len_mean     | 298      |
|    ep_rew_mean     | 791      |
| time/              |          |
|    episodes        | 1096     |
|    fps             | 252      |
|    time_elapsed    | 597      |
|    total_timesteps | 151072   |
| train/             |          |
|    actor_loss      | -139     |
|    critic_loss     | 21.5     |
|    ent_coef        | 0.056    |
|    ent_coef_loss   | -0.157   |
|    learning_rate   | 0.0003   |
|    n_updates       | 141071   |
---------------------------------
---------------------------------
| rollout/           |          |
|    ep_len_mean     | 305      |
|    ep_rew_mean     | 818      |
| time/              |          |
|    episodes        | 1100     |
|    fps             | 252      |
|    time_elapsed    | 603      |
|    total_timesteps | 152680   |
| train/             |          |
|    actor_loss      | -142     |
|    critic_loss     | 11.5     |
|    ent_coef        | 0.0545   |
|    ent_coef_loss   | -1.65    |
|    learning_rate   | 0.0003   |
|    n_updates       | 142679   |
---------------------------------
---------------------------------
| rollout/           |          |
|    ep_len_mean     | 305      |
|    ep_rew_mean     | 823      |
| time/              |          |
|    episodes        | 1104     |
|    fps             | 252      |
|    time_elapsed    | 608      |
|    total_timesteps | 153962   |
| train/             |          |
|    actor_loss      | -143     |
|    critic_loss     | 15.8     |
|    ent_coef        | 0.0557   |
|    ent_coef_loss   | 0.0531   |
|    learning_rate   | 0.0003   |
|    n_updates       | 143961   |
---------------------------------
---------------------------------
| rollout/           |          |
|    ep_len_mean     | 315      |
|    ep_rew_mean     | 859      |
| time/              |          |
|    episodes        | 1108     |
|    fps             | 252      |
|    time_elapsed    | 615      |
|    total_timesteps | 155468   |
| train/             |          |
|    actor_loss      | -141     |
|    critic_loss     | 19.2     |
|    ent_coef        | 0.0557   |
|    ent_coef_loss   | -1.1     |
|    learning_rate   | 0.0003   |
|    n_updates       | 145467   |
---------------------------------
---------------------------------
| rollout/           |          |
|    ep_len_mean     | 323      |
|    ep_rew_mean     | 889      |
| time/              |          |
|    episodes        | 1112     |
|    fps             | 252      |
|    time_elapsed    | 621      |
|    total_timesteps | 156989   |
| train/             |          |
|    actor_loss      | -143     |
|    critic_loss     | 13.3     |
|    ent_coef        | 0.0566   |
|    ent_coef_loss   | -0.646   |
|    learning_rate   | 0.0003   |
|    n_updates       | 146988   |
---------------------------------
---------------------------------
| rollout/           |          |
|    ep_len_mean     | 324      |
|    ep_rew_mean     | 900      |
| time/              |          |
|    episodes        | 1116     |
|    fps             | 252      |
|    time_elapsed    | 626      |
|    total_timesteps | 158168   |
| train/             |          |
|    actor_loss      | -147     |
|    critic_loss     | 17.2     |
|    ent_coef        | 0.0584   |
|    ent_coef_loss   | -0.907   |
|    learning_rate   | 0.0003   |
|    n_updates       | 148167   |
---------------------------------
---------------------------------
| rollout/           |          |
|    ep_len_mean     | 328      |
|    ep_rew_mean     | 918      |
| time/              |          |
|    episodes        | 1120     |
|    fps             | 252      |
|    time_elapsed    | 631      |
|    total_timesteps | 159477   |
| train/             |          |
|    actor_loss      | -150     |
|    critic_loss     | 16.9     |
|    ent_coef        | 0.059    |
|    ent_coef_loss   | 0.257    |
|    learning_rate   | 0.0003   |
|    n_updates       | 149476   |
---------------------------------
Eval num_timesteps=160000, episode_reward=620.70 +/- 476.82
Episode length: 245.90 +/- 138.55
---------------------------------
| eval/              |          |
|    mean_ep_length  | 246      |
|    mean_reward     | 621      |
| time/              |          |
|    total_timesteps | 160000   |
| train/             |          |
|    actor_loss      | -149     |
|    critic_loss     | 17.9     |
|    ent_coef        | 0.0592   |
|    ent_coef_loss   | -0.0452  |
|    learning_rate   | 0.0003   |
|    n_updates       | 149999   |
---------------------------------
---------------------------------
| rollout/           |          |
|    ep_len_mean     | 341      |
|    ep_rew_mean     | 960      |
| time/              |          |
|    episodes        | 1124     |
|    fps             | 252      |
|    time_elapsed    | 641      |
|    total_timesteps | 161683   |
| train/             |          |
|    actor_loss      | -149     |
|    critic_loss     | 18.6     |
|    ent_coef        | 0.0615   |
|    ent_coef_loss   | 1.24     |
|    learning_rate   | 0.0003   |
|    n_updates       | 151682   |
---------------------------------
---------------------------------
| rollout/           |          |
|    ep_len_mean     | 343      |
|    ep_rew_mean     | 966      |
| time/              |          |
|    episodes        | 1128     |
|    fps             | 252      |
|    time_elapsed    | 647      |
|    total_timesteps | 163096   |
| train/             |          |
|    actor_loss      | -155     |
|    critic_loss     | 18.5     |
|    ent_coef        | 0.0605   |
|    ent_coef_loss   | 0.405    |
|    learning_rate   | 0.0003   |
|    n_updates       | 153095   |
---------------------------------
---------------------------------
| rollout/           |          |
|    ep_len_mean     | 356      |
|    ep_rew_mean     | 1.01e+03 |
| time/              |          |
|    episodes        | 1132     |
|    fps             | 251      |
|    time_elapsed    | 656      |
|    total_timesteps | 165261   |
| train/             |          |
|    actor_loss      | -157     |
|    critic_loss     | 18.2     |
|    ent_coef        | 0.063    |
|    ent_coef_loss   | -1.05    |
|    learning_rate   | 0.0003   |
|    n_updates       | 155260   |
---------------------------------
---------------------------------
| rollout/           |          |
|    ep_len_mean     | 370      |
|    ep_rew_mean     | 1.05e+03 |
| time/              |          |
|    episodes        | 1136     |
|    fps             | 251      |
|    time_elapsed    | 667      |
|    total_timesteps | 168137   |
| train/             |          |
|    actor_loss      | -157     |
|    critic_loss     | 19.8     |
|    ent_coef        | 0.0663   |
|    ent_coef_loss   | 1.89     |
|    learning_rate   | 0.0003   |
|    n_updates       | 158136   |
---------------------------------
Eval num_timesteps=170000, episode_reward=2658.65 +/- 651.64
Episode length: 862.70 +/- 187.59
---------------------------------
| eval/              |          |
|    mean_ep_length  | 863      |
|    mean_reward     | 2.66e+03 |
| time/              |          |
|    total_timesteps | 170000   |
| train/             |          |
|    actor_loss      | -165     |
|    critic_loss     | 15.3     |
|    ent_coef        | 0.0644   |
|    ent_coef_loss   | -0.916   |
|    learning_rate   | 0.0003   |
|    n_updates       | 159999   |
---------------------------------
New best mean reward!
---------------------------------
| rollout/           |          |
|    ep_len_mean     | 385      |
|    ep_rew_mean     | 1.1e+03  |
| time/              |          |
|    episodes        | 1140     |
|    fps             | 250      |
|    time_elapsed    | 680      |
|    total_timesteps | 170616   |
| train/             |          |
|    actor_loss      | -164     |
|    critic_loss     | 17.9     |
|    ent_coef        | 0.0653   |
|    ent_coef_loss   | 1.67     |
|    learning_rate   | 0.0003   |
|    n_updates       | 160615   |
---------------------------------
---------------------------------
| rollout/           |          |
|    ep_len_mean     | 394      |
|    ep_rew_mean     | 1.12e+03 |
| time/              |          |
|    episodes        | 1144     |
|    fps             | 250      |
|    time_elapsed    | 686      |
|    total_timesteps | 172311   |
| train/             |          |
|    actor_loss      | -158     |
|    critic_loss     | 16.5     |
|    ent_coef        | 0.0674   |
|    ent_coef_loss   | 0.342    |
|    learning_rate   | 0.0003   |
|    n_updates       | 162310   |
---------------------------------
---------------------------------
| rollout/           |          |
|    ep_len_mean     | 406      |
|    ep_rew_mean     | 1.16e+03 |
| time/              |          |
|    episodes        | 1148     |
|    fps             | 250      |
|    time_elapsed    | 695      |
|    total_timesteps | 174455   |
| train/             |          |
|    actor_loss      | -158     |
|    critic_loss     | 23.4     |
|    ent_coef        | 0.0672   |
|    ent_coef_loss   | 0.62     |
|    learning_rate   | 0.0003   |
|    n_updates       | 164454   |
---------------------------------
---------------------------------
| rollout/           |          |
|    ep_len_mean     | 424      |
|    ep_rew_mean     | 1.22e+03 |
| time/              |          |
|    episodes        | 1152     |
|    fps             | 250      |
|    time_elapsed    | 709      |
|    total_timesteps | 177595   |
| train/             |          |
|    actor_loss      | -166     |
|    critic_loss     | 17.8     |
|    ent_coef        | 0.0674   |
|    ent_coef_loss   | -0.187   |
|    learning_rate   | 0.0003   |
|    n_updates       | 167594   |
---------------------------------
Eval num_timesteps=180000, episode_reward=2108.93 +/- 996.80
Episode length: 626.20 +/- 273.67
---------------------------------
| eval/              |          |
|    mean_ep_length  | 626      |
|    mean_reward     | 2.11e+03 |
| time/              |          |
|    total_timesteps | 180000   |
| train/             |          |
|    actor_loss      | -163     |
|    critic_loss     | 24.1     |
|    ent_coef        | 0.0682   |
|    ent_coef_loss   | 0.545    |
|    learning_rate   | 0.0003   |
|    n_updates       | 169999   |
---------------------------------
---------------------------------
| rollout/           |          |
|    ep_len_mean     | 443      |
|    ep_rew_mean     | 1.28e+03 |
| time/              |          |
|    episodes        | 1156     |
|    fps             | 249      |
|    time_elapsed    | 724      |
|    total_timesteps | 180817   |
| train/             |          |
|    actor_loss      | -164     |
|    critic_loss     | 23.2     |
|    ent_coef        | 0.0681   |
|    ent_coef_loss   | 0.627    |
|    learning_rate   | 0.0003   |
|    n_updates       | 170816   |
---------------------------------
---------------------------------
| rollout/           |          |
|    ep_len_mean     | 464      |
|    ep_rew_mean     | 1.36e+03 |
| time/              |          |
|    episodes        | 1160     |
|    fps             | 249      |
|    time_elapsed    | 737      |
|    total_timesteps | 184094   |
| train/             |          |
|    actor_loss      | -177     |
|    critic_loss     | 17.4     |
|    ent_coef        | 0.0694   |
|    ent_coef_loss   | -1.41    |
|    learning_rate   | 0.0003   |
|    n_updates       | 174093   |
---------------------------------
---------------------------------
| rollout/           |          |
|    ep_len_mean     | 476      |
|    ep_rew_mean     | 1.41e+03 |
| time/              |          |
|    episodes        | 1164     |
|    fps             | 249      |
|    time_elapsed    | 746      |
|    total_timesteps | 186228   |
| train/             |          |
|    actor_loss      | -175     |
|    critic_loss     | 25.1     |
|    ent_coef        | 0.069    |
|    ent_coef_loss   | 1.62     |
|    learning_rate   | 0.0003   |
|    n_updates       | 176227   |
---------------------------------
---------------------------------
| rollout/           |          |
|    ep_len_mean     | 494      |
|    ep_rew_mean     | 1.47e+03 |
| time/              |          |
|    episodes        | 1168     |
|    fps             | 249      |
|    time_elapsed    | 758      |
|    total_timesteps | 189205   |
| train/             |          |
|    actor_loss      | -178     |
|    critic_loss     | 20.6     |
|    ent_coef        | 0.0704   |
|    ent_coef_loss   | -1.44    |
|    learning_rate   | 0.0003   |
|    n_updates       | 179204   |
---------------------------------
Eval num_timesteps=190000, episode_reward=2570.72 +/- 951.23
Episode length: 749.90 +/- 271.44
---------------------------------
| eval/              |          |
|    mean_ep_length  | 750      |
|    mean_reward     | 2.57e+03 |
| time/              |          |
|    total_timesteps | 190000   |
| train/             |          |
|    actor_loss      | -178     |
|    critic_loss     | 20.9     |
|    ent_coef        | 0.0698   |
|    ent_coef_loss   | -0.18    |
|    learning_rate   | 0.0003   |
|    n_updates       | 179999   |
---------------------------------
---------------------------------
| rollout/           |          |
|    ep_len_mean     | 514      |
|    ep_rew_mean     | 1.54e+03 |
| time/              |          |
|    episodes        | 1172     |
|    fps             | 248      |
|    time_elapsed    | 774      |
|    total_timesteps | 192546   |
| train/             |          |
|    actor_loss      | -180     |
|    critic_loss     | 26.9     |
|    ent_coef        | 0.0713   |
|    ent_coef_loss   | 0.349    |
|    learning_rate   | 0.0003   |
|    n_updates       | 182545   |
---------------------------------
---------------------------------
| rollout/           |          |
|    ep_len_mean     | 525      |
|    ep_rew_mean     | 1.58e+03 |
| time/              |          |
|    episodes        | 1176     |
|    fps             | 248      |
|    time_elapsed    | 783      |
|    total_timesteps | 194721   |
| train/             |          |
|    actor_loss      | -181     |
|    critic_loss     | 20.4     |
|    ent_coef        | 0.0728   |
|    ent_coef_loss   | -1.25    |
|    learning_rate   | 0.0003   |
|    n_updates       | 184720   |
---------------------------------
---------------------------------
| rollout/           |          |
|    ep_len_mean     | 539      |
|    ep_rew_mean     | 1.63e+03 |
| time/              |          |
|    episodes        | 1180     |
|    fps             | 248      |
|    time_elapsed    | 794      |
|    total_timesteps | 197533   |
| train/             |          |
|    actor_loss      | -187     |
|    critic_loss     | 18.6     |
|    ent_coef        | 0.0718   |
|    ent_coef_loss   | -2.03    |
|    learning_rate   | 0.0003   |
|    n_updates       | 187532   |
---------------------------------
---------------------------------
| rollout/           |          |
|    ep_len_mean     | 539      |
|    ep_rew_mean     | 1.63e+03 |
| time/              |          |
|    episodes        | 1184     |
|    fps             | 248      |
|    time_elapsed    | 802      |
|    total_timesteps | 199429   |
| train/             |          |
|    actor_loss      | -185     |
|    critic_loss     | 32.2     |
|    ent_coef        | 0.0724   |
|    ent_coef_loss   | 2.1      |
|    learning_rate   | 0.0003   |
|    n_updates       | 189428   |
---------------------------------
Eval num_timesteps=200000, episode_reward=2475.13 +/- 612.85
Episode length: 713.80 +/- 177.14
---------------------------------
| eval/              |          |
|    mean_ep_length  | 714      |
|    mean_reward     | 2.48e+03 |
| time/              |          |
|    total_timesteps | 200000   |
| train/             |          |
|    actor_loss      | -184     |
|    critic_loss     | 22.8     |
|    ent_coef        | 0.0728   |
|    ent_coef_loss   | 0.288    |
|    learning_rate   | 0.0003   |
|    n_updates       | 189999   |
---------------------------------
---------------------------------
| rollout/           |          |
|    ep_len_mean     | 550      |
|    ep_rew_mean     | 1.67e+03 |
| time/              |          |
|    episodes        | 1188     |
|    fps             | 247      |
|    time_elapsed    | 815      |
|    total_timesteps | 202297   |
| train/             |          |
|    actor_loss      | -184     |
|    critic_loss     | 24.3     |
|    ent_coef        | 0.0743   |
|    ent_coef_loss   | -0.679   |
|    learning_rate   | 0.0003   |
|    n_updates       | 192296   |
---------------------------------
---------------------------------
| rollout/           |          |
|    ep_len_mean     | 562      |
|    ep_rew_mean     | 1.73e+03 |
| time/              |          |
|    episodes        | 1192     |
|    fps             | 247      |
|    time_elapsed    | 827      |
|    total_timesteps | 205043   |
| train/             |          |
|    actor_loss      | -193     |
|    critic_loss     | 21       |
|    ent_coef        | 0.0752   |
|    ent_coef_loss   | -0.969   |
|    learning_rate   | 0.0003   |
|    n_updates       | 195042   |
---------------------------------
---------------------------------
| rollout/           |          |
|    ep_len_mean     | 563      |
|    ep_rew_mean     | 1.74e+03 |
| time/              |          |
|    episodes        | 1196     |
|    fps             | 247      |
|    time_elapsed    | 837      |
|    total_timesteps | 207363   |
| train/             |          |
|    actor_loss      | -193     |
|    critic_loss     | 22.6     |
|    ent_coef        | 0.0749   |
|    ent_coef_loss   | -1.51    |
|    learning_rate   | 0.0003   |
|    n_updates       | 197362   |
---------------------------------
---------------------------------
| rollout/           |          |
|    ep_len_mean     | 565      |
|    ep_rew_mean     | 1.75e+03 |
| time/              |          |
|    episodes        | 1200     |
|    fps             | 247      |
|    time_elapsed    | 844      |
|    total_timesteps | 209184   |
| train/             |          |
|    actor_loss      | -190     |
|    critic_loss     | 15.4     |
|    ent_coef        | 0.0763   |
|    ent_coef_loss   | -0.607   |
|    learning_rate   | 0.0003   |
|    n_updates       | 199183   |
---------------------------------
Eval num_timesteps=210000, episode_reward=1834.17 +/- 1071.85
Episode length: 516.20 +/- 248.85
---------------------------------
| eval/              |          |
|    mean_ep_length  | 516      |
|    mean_reward     | 1.83e+03 |
| time/              |          |
|    total_timesteps | 210000   |
| train/             |          |
|    actor_loss      | -194     |
|    critic_loss     | 37.5     |
|    ent_coef        | 0.0749   |
|    ent_coef_loss   | 0.769    |
|    learning_rate   | 0.0003   |
|    n_updates       | 199999   |
---------------------------------
---------------------------------
| rollout/           |          |
|    ep_len_mean     | 582      |
|    ep_rew_mean     | 1.82e+03 |
| time/              |          |
|    episodes        | 1204     |
|    fps             | 247      |
|    time_elapsed    | 858      |
|    total_timesteps | 212140   |
| train/             |          |
|    actor_loss      | -191     |
|    critic_loss     | 19.1     |
|    ent_coef        | 0.0761   |
|    ent_coef_loss   | -1.64    |
|    learning_rate   | 0.0003   |
|    n_updates       | 202139   |
---------------------------------
---------------------------------
| rollout/           |          |
|    ep_len_mean     | 588      |
|    ep_rew_mean     | 1.85e+03 |
| time/              |          |
|    episodes        | 1208     |
|    fps             | 247      |
|    time_elapsed    | 866      |
|    total_timesteps | 214229   |
| train/             |          |
|    actor_loss      | -199     |
|    critic_loss     | 16.9     |
|    ent_coef        | 0.0755   |
|    ent_coef_loss   | 0.0218   |
|    learning_rate   | 0.0003   |
|    n_updates       | 204228   |
---------------------------------
---------------------------------
| rollout/           |          |
|    ep_len_mean     | 603      |
|    ep_rew_mean     | 1.91e+03 |
| time/              |          |
|    episodes        | 1212     |
|    fps             | 247      |
|    time_elapsed    | 879      |
|    total_timesteps | 217268   |
| train/             |          |
|    actor_loss      | -191     |
|    critic_loss     | 19.5     |
|    ent_coef        | 0.078    |
|    ent_coef_loss   | 0.508    |
|    learning_rate   | 0.0003   |
|    n_updates       | 207267   |
---------------------------------
---------------------------------
| rollout/           |          |
|    ep_len_mean     | 612      |
|    ep_rew_mean     | 1.94e+03 |
| time/              |          |
|    episodes        | 1216     |
|    fps             | 246      |
|    time_elapsed    | 888      |
|    total_timesteps | 219326   |
| train/             |          |
|    actor_loss      | -201     |
|    critic_loss     | 26       |
|    ent_coef        | 0.0788   |
|    ent_coef_loss   | 1.6      |
|    learning_rate   | 0.0003   |
|    n_updates       | 209325   |
---------------------------------
Eval num_timesteps=220000, episode_reward=2972.43 +/- 1033.76
Episode length: 791.70 +/- 251.56
---------------------------------
| eval/              |          |
|    mean_ep_length  | 792      |
|    mean_reward     | 2.97e+03 |
| time/              |          |
|    total_timesteps | 220000   |
| train/             |          |
|    actor_loss      | -200     |
|    critic_loss     | 17.3     |
|    ent_coef        | 0.0783   |
|    ent_coef_loss   | -0.431   |
|    learning_rate   | 0.0003   |
|    n_updates       | 209999   |
---------------------------------
New best mean reward!
---------------------------------
| rollout/           |          |
|    ep_len_mean     | 622      |
|    ep_rew_mean     | 1.99e+03 |
| time/              |          |
|    episodes        | 1220     |
|    fps             | 246      |
|    time_elapsed    | 899      |
|    total_timesteps | 221707   |
| train/             |          |
|    actor_loss      | -198     |
|    critic_loss     | 24       |
|    ent_coef        | 0.0808   |
|    ent_coef_loss   | 0.215    |
|    learning_rate   | 0.0003   |
|    n_updates       | 211706   |
---------------------------------
---------------------------------
| rollout/           |          |
|    ep_len_mean     | 640      |
|    ep_rew_mean     | 2.07e+03 |
| time/              |          |
|    episodes        | 1224     |
|    fps             | 246      |
|    time_elapsed    | 916      |
|    total_timesteps | 225707   |
| train/             |          |
|    actor_loss      | -192     |
|    critic_loss     | 25.8     |
|    ent_coef        | 0.0806   |
|    ent_coef_loss   | -1.24    |
|    learning_rate   | 0.0003   |
|    n_updates       | 215706   |
---------------------------------
---------------------------------
| rollout/           |          |
|    ep_len_mean     | 666      |
|    ep_rew_mean     | 2.18e+03 |
| time/              |          |
|    episodes        | 1228     |
|    fps             | 245      |
|    time_elapsed    | 933      |
|    total_timesteps | 229707   |
| train/             |          |
|    actor_loss      | -205     |
|    critic_loss     | 19.7     |
|    ent_coef        | 0.0796   |
|    ent_coef_loss   | 0.355    |
|    learning_rate   | 0.0003   |
|    n_updates       | 219706   |
---------------------------------
Eval num_timesteps=230000, episode_reward=2814.89 +/- 1296.45
Episode length: 834.20 +/- 331.60
---------------------------------
| eval/              |          |
|    mean_ep_length  | 834      |
|    mean_reward     | 2.81e+03 |
| time/              |          |
|    total_timesteps | 230000   |
| train/             |          |
|    actor_loss      | -196     |
|    critic_loss     | 22.3     |
|    ent_coef        | 0.0788   |
|    ent_coef_loss   | -0.766   |
|    learning_rate   | 0.0003   |
|    n_updates       | 219999   |
---------------------------------
---------------------------------
| rollout/           |          |
|    ep_len_mean     | 684      |
|    ep_rew_mean     | 2.26e+03 |
| time/              |          |
|    episodes        | 1232     |
|    fps             | 245      |
|    time_elapsed    | 952      |
|    total_timesteps | 233707   |
| train/             |          |
|    actor_loss      | -210     |
|    critic_loss     | 16.2     |
|    ent_coef        | 0.0811   |
|    ent_coef_loss   | 0.202    |
|    learning_rate   | 0.0003   |
|    n_updates       | 223706   |
---------------------------------
---------------------------------
| rollout/           |          |
|    ep_len_mean     | 696      |
|    ep_rew_mean     | 2.31e+03 |
| time/              |          |
|    episodes        | 1236     |
|    fps             | 245      |
|    time_elapsed    | 969      |
|    total_timesteps | 237699   |
| train/             |          |
|    actor_loss      | -209     |
|    critic_loss     | 29       |
|    ent_coef        | 0.078    |
|    ent_coef_loss   | 1.1      |
|    learning_rate   | 0.0003   |
|    n_updates       | 227698   |
---------------------------------
Eval num_timesteps=240000, episode_reward=3559.72 +/- 444.73
Episode length: 959.60 +/- 121.20
---------------------------------
| eval/              |          |
|    mean_ep_length  | 960      |
|    mean_reward     | 3.56e+03 |
| time/              |          |
|    total_timesteps | 240000   |
| train/             |          |
|    actor_loss      | -207     |
|    critic_loss     | 24       |
|    ent_coef        | 0.0779   |
|    ent_coef_loss   | -0.329   |
|    learning_rate   | 0.0003   |
|    n_updates       | 229999   |
---------------------------------
New best mean reward!
---------------------------------
| rollout/           |          |
|    ep_len_mean     | 701      |
|    ep_rew_mean     | 2.35e+03 |
| time/              |          |
|    episodes        | 1240     |
|    fps             | 244      |
|    time_elapsed    | 983      |
|    total_timesteps | 240715   |
| train/             |          |
|    actor_loss      | -214     |
|    critic_loss     | 26.5     |
|    ent_coef        | 0.0787   |
|    ent_coef_loss   | -0.284   |
|    learning_rate   | 0.0003   |
|    n_updates       | 230714   |
---------------------------------
---------------------------------
| rollout/           |          |
|    ep_len_mean     | 724      |
|    ep_rew_mean     | 2.45e+03 |
| time/              |          |
|    episodes        | 1244     |
|    fps             | 244      |
|    time_elapsed    | 1000     |
|    total_timesteps | 244715   |
| train/             |          |
|    actor_loss      | -208     |
|    critic_loss     | 23.5     |
|    ent_coef        | 0.0774   |
|    ent_coef_loss   | 0.657    |
|    learning_rate   | 0.0003   |
|    n_updates       | 234714   |
---------------------------------
---------------------------------
| rollout/           |          |
|    ep_len_mean     | 743      |
|    ep_rew_mean     | 2.53e+03 |
| time/              |          |
|    episodes        | 1248     |
|    fps             | 244      |
|    time_elapsed    | 1017     |
|    total_timesteps | 248715   |
| train/             |          |
|    actor_loss      | -222     |
|    critic_loss     | 24.3     |
|    ent_coef        | 0.0761   |
|    ent_coef_loss   | 0.255    |
|    learning_rate   | 0.0003   |
|    n_updates       | 238714   |
---------------------------------
Eval num_timesteps=250000, episode_reward=3556.42 +/- 53.20
Episode length: 1000.00 +/- 0.00
---------------------------------
| eval/              |          |
|    mean_ep_length  | 1e+03    |
|    mean_reward     | 3.56e+03 |
| time/              |          |
|    total_timesteps | 250000   |
| train/             |          |
|    actor_loss      | -209     |
|    critic_loss     | 23.5     |
|    ent_coef        | 0.0771   |
|    ent_coef_loss   | 0.857    |
|    learning_rate   | 0.0003   |
|    n_updates       | 239999   |
---------------------------------
---------------------------------
| rollout/           |          |
|    ep_len_mean     | 751      |
|    ep_rew_mean     | 2.58e+03 |
| time/              |          |
|    episodes        | 1252     |
|    fps             | 243      |
|    time_elapsed    | 1036     |
|    total_timesteps | 252715   |
| train/             |          |
|    actor_loss      | -212     |
|    critic_loss     | 21.1     |
|    ent_coef        | 0.0783   |
|    ent_coef_loss   | 0.942    |
|    learning_rate   | 0.0003   |
|    n_updates       | 242714   |
---------------------------------
---------------------------------
| rollout/           |          |
|    ep_len_mean     | 759      |
|    ep_rew_mean     | 2.63e+03 |
| time/              |          |
|    episodes        | 1256     |
|    fps             | 243      |
|    time_elapsed    | 1052     |
|    total_timesteps | 256715   |
| train/             |          |
|    actor_loss      | -217     |
|    critic_loss     | 28.4     |
|    ent_coef        | 0.0793   |
|    ent_coef_loss   | 0.594    |
|    learning_rate   | 0.0003   |
|    n_updates       | 246714   |
---------------------------------
---------------------------------
| rollout/           |          |
|    ep_len_mean     | 751      |
|    ep_rew_mean     | 2.61e+03 |
| time/              |          |
|    episodes        | 1260     |
|    fps             | 243      |
|    time_elapsed    | 1063     |
|    total_timesteps | 259156   |
| train/             |          |
|    actor_loss      | -226     |
|    critic_loss     | 33.5     |
|    ent_coef        | 0.0742   |
|    ent_coef_loss   | -0.255   |
|    learning_rate   | 0.0003   |
|    n_updates       | 249155   |
---------------------------------
Eval num_timesteps=260000, episode_reward=3090.84 +/- 1166.47
Episode length: 809.90 +/- 279.36
---------------------------------
| eval/              |          |
|    mean_ep_length  | 810      |
|    mean_reward     | 3.09e+03 |
| time/              |          |
|    total_timesteps | 260000   |
| train/             |          |
|    actor_loss      | -223     |
|    critic_loss     | 21.4     |
|    ent_coef        | 0.0759   |
|    ent_coef_loss   | -0.398   |
|    learning_rate   | 0.0003   |
|    n_updates       | 249999   |
---------------------------------
---------------------------------
| rollout/           |          |
|    ep_len_mean     | 749      |
|    ep_rew_mean     | 2.6e+03  |
| time/              |          |
|    episodes        | 1264     |
|    fps             | 243      |
|    time_elapsed    | 1072     |
|    total_timesteps | 261081   |
| train/             |          |
|    actor_loss      | -224     |
|    critic_loss     | 21.3     |
|    ent_coef        | 0.073    |
|    ent_coef_loss   | 2.68     |
|    learning_rate   | 0.0003   |
|    n_updates       | 251080   |
---------------------------------
---------------------------------
| rollout/           |          |
|    ep_len_mean     | 750      |
|    ep_rew_mean     | 2.63e+03 |
| time/              |          |
|    episodes        | 1268     |
|    fps             | 243      |
|    time_elapsed    | 1086     |
|    total_timesteps | 264233   |
| train/             |          |
|    actor_loss      | -234     |
|    critic_loss     | 20.5     |
|    ent_coef        | 0.0742   |
|    ent_coef_loss   | 1.3      |
|    learning_rate   | 0.0003   |
|    n_updates       | 254232   |
---------------------------------
---------------------------------
| rollout/           |          |
|    ep_len_mean     | 748      |
|    ep_rew_mean     | 2.63e+03 |
| time/              |          |
|    episodes        | 1272     |
|    fps             | 243      |
|    time_elapsed    | 1099     |
|    total_timesteps | 267381   |
| train/             |          |
|    actor_loss      | -234     |
|    critic_loss     | 30.8     |
|    ent_coef        | 0.0782   |
|    ent_coef_loss   | -0.917   |
|    learning_rate   | 0.0003   |
|    n_updates       | 257380   |
---------------------------------
---------------------------------
| rollout/           |          |
|    ep_len_mean     | 748      |
|    ep_rew_mean     | 2.64e+03 |
| time/              |          |
|    episodes        | 1276     |
|    fps             | 243      |
|    time_elapsed    | 1108     |
|    total_timesteps | 269476   |
| train/             |          |
|    actor_loss      | -241     |
|    critic_loss     | 18.5     |
|    ent_coef        | 0.0764   |
|    ent_coef_loss   | -1.2     |
|    learning_rate   | 0.0003   |
|    n_updates       | 259475   |
---------------------------------
Eval num_timesteps=270000, episode_reward=1758.71 +/- 1849.47
Episode length: 464.10 +/- 437.58
---------------------------------
| eval/              |          |
|    mean_ep_length  | 464      |
|    mean_reward     | 1.76e+03 |
| time/              |          |
|    total_timesteps | 270000   |
| train/             |          |
|    actor_loss      | -232     |
|    critic_loss     | 21.8     |
|    ent_coef        | 0.0764   |
|    ent_coef_loss   | 0.81     |
|    learning_rate   | 0.0003   |
|    n_updates       | 259999   |
---------------------------------
---------------------------------
| rollout/           |          |
|    ep_len_mean     | 743      |
|    ep_rew_mean     | 2.64e+03 |
| time/              |          |
|    episodes        | 1280     |
|    fps             | 242      |
|    time_elapsed    | 1119     |
|    total_timesteps | 271833   |
| train/             |          |
|    actor_loss      | -236     |
|    critic_loss     | 20.7     |
|    ent_coef        | 0.079    |
|    ent_coef_loss   | 0.463    |
|    learning_rate   | 0.0003   |
|    n_updates       | 261832   |
---------------------------------
---------------------------------
| rollout/           |          |
|    ep_len_mean     | 746      |
|    ep_rew_mean     | 2.66e+03 |
| time/              |          |
|    episodes        | 1284     |
|    fps             | 242      |
|    time_elapsed    | 1128     |
|    total_timesteps | 274072   |
| train/             |          |
|    actor_loss      | -234     |
|    critic_loss     | 26.2     |
|    ent_coef        | 0.0782   |
|    ent_coef_loss   | 0.31     |
|    learning_rate   | 0.0003   |
|    n_updates       | 264071   |
---------------------------------
---------------------------------
| rollout/           |          |
|    ep_len_mean     | 742      |
|    ep_rew_mean     | 2.65e+03 |
| time/              |          |
|    episodes        | 1288     |
|    fps             | 242      |
|    time_elapsed    | 1138     |
|    total_timesteps | 276472   |
| train/             |          |
|    actor_loss      | -233     |
|    critic_loss     | 25.2     |
|    ent_coef        | 0.079    |
|    ent_coef_loss   | -0.756   |
|    learning_rate   | 0.0003   |
|    n_updates       | 266471   |
---------------------------------
Eval num_timesteps=280000, episode_reward=3902.48 +/- 105.27
Episode length: 1000.00 +/- 0.00
---------------------------------
| eval/              |          |
|    mean_ep_length  | 1e+03    |
|    mean_reward     | 3.9e+03  |
| time/              |          |
|    total_timesteps | 280000   |
| train/             |          |
|    actor_loss      | -235     |
|    critic_loss     | 28.6     |
|    ent_coef        | 0.0744   |
|    ent_coef_loss   | 0.342    |
|    learning_rate   | 0.0003   |
|    n_updates       | 269999   |
---------------------------------
New best mean reward!
---------------------------------
| rollout/           |          |
|    ep_len_mean     | 754      |
|    ep_rew_mean     | 2.7e+03  |
| time/              |          |
|    episodes        | 1292     |
|    fps             | 242      |
|    time_elapsed    | 1157     |
|    total_timesteps | 280472   |
| train/             |          |
|    actor_loss      | -243     |
|    critic_loss     | 18.1     |
|    ent_coef        | 0.0761   |
|    ent_coef_loss   | 0.934    |
|    learning_rate   | 0.0003   |
|    n_updates       | 270471   |
---------------------------------
---------------------------------
| rollout/           |          |
|    ep_len_mean     | 771      |
|    ep_rew_mean     | 2.78e+03 |
| time/              |          |
|    episodes        | 1296     |
|    fps             | 242      |
|    time_elapsed    | 1173     |
|    total_timesteps | 284472   |
| train/             |          |
|    actor_loss      | -246     |
|    critic_loss     | 23.4     |
|    ent_coef        | 0.0759   |
|    ent_coef_loss   | -0.0781  |
|    learning_rate   | 0.0003   |
|    n_updates       | 274471   |
---------------------------------
---------------------------------
| rollout/           |          |
|    ep_len_mean     | 793      |
|    ep_rew_mean     | 2.87e+03 |
| time/              |          |
|    episodes        | 1300     |
|    fps             | 242      |
|    time_elapsed    | 1190     |
|    total_timesteps | 288472   |
| train/             |          |
|    actor_loss      | -240     |
|    critic_loss     | 27.3     |
|    ent_coef        | 0.0761   |
|    ent_coef_loss   | 0.355    |
|    learning_rate   | 0.0003   |
|    n_updates       | 278471   |
---------------------------------
Eval num_timesteps=290000, episode_reward=3120.53 +/- 670.37
Episode length: 804.60 +/- 152.09
---------------------------------
| eval/              |          |
|    mean_ep_length  | 805      |
|    mean_reward     | 3.12e+03 |
| time/              |          |
|    total_timesteps | 290000   |
| train/             |          |
|    actor_loss      | -249     |
|    critic_loss     | 23.3     |
|    ent_coef        | 0.0774   |
|    ent_coef_loss   | -1.63    |
|    learning_rate   | 0.0003   |
|    n_updates       | 279999   |
---------------------------------
---------------------------------
| rollout/           |          |
|    ep_len_mean     | 795      |
|    ep_rew_mean     | 2.89e+03 |
| time/              |          |
|    episodes        | 1304     |
|    fps             | 241      |
|    time_elapsed    | 1205     |
|    total_timesteps | 291654   |
| train/             |          |
|    actor_loss      | -244     |
|    critic_loss     | 14.7     |
|    ent_coef        | 0.0734   |
|    ent_coef_loss   | 0.514    |
|    learning_rate   | 0.0003   |
|    n_updates       | 281653   |
---------------------------------
---------------------------------
| rollout/           |          |
|    ep_len_mean     | 802      |
|    ep_rew_mean     | 2.91e+03 |
| time/              |          |
|    episodes        | 1308     |
|    fps             | 241      |
|    time_elapsed    | 1218     |
|    total_timesteps | 294393   |
| train/             |          |
|    actor_loss      | -245     |
|    critic_loss     | 19.9     |
|    ent_coef        | 0.0751   |
|    ent_coef_loss   | -0.563   |
|    learning_rate   | 0.0003   |
|    n_updates       | 284392   |
---------------------------------
---------------------------------
| rollout/           |          |
|    ep_len_mean     | 811      |
|    ep_rew_mean     | 2.97e+03 |
| time/              |          |
|    episodes        | 1312     |
|    fps             | 241      |
|    time_elapsed    | 1236     |
|    total_timesteps | 298393   |
| train/             |          |
|    actor_loss      | -251     |
|    critic_loss     | 20.4     |
|    ent_coef        | 0.0756   |
|    ent_coef_loss   | -0.272   |
|    learning_rate   | 0.0003   |
|    n_updates       | 288392   |
---------------------------------
Eval num_timesteps=300000, episode_reward=2675.33 +/- 882.67
Episode length: 676.80 +/- 196.98
---------------------------------
| eval/              |          |
|    mean_ep_length  | 677      |
|    mean_reward     | 2.68e+03 |
| time/              |          |
|    total_timesteps | 300000   |
| train/             |          |
|    actor_loss      | -241     |
|    critic_loss     | 20.4     |
|    ent_coef        | 0.0759   |
|    ent_coef_loss   | 0.0111   |
|    learning_rate   | 0.0003   |
|    n_updates       | 289999   |
---------------------------------
---------------------------------
| rollout/           |          |
|    ep_len_mean     | 822      |
|    ep_rew_mean     | 3.02e+03 |
| time/              |          |
|    episodes        | 1316     |
|    fps             | 240      |
|    time_elapsed    | 1251     |
|    total_timesteps | 301533   |
| train/             |          |
|    actor_loss      | -247     |
|    critic_loss     | 32.8     |
|    ent_coef        | 0.0772   |
|    ent_coef_loss   | -0.0432  |
|    learning_rate   | 0.0003   |
|    n_updates       | 291532   |
---------------------------------
---------------------------------
| rollout/           |          |
|    ep_len_mean     | 824      |
|    ep_rew_mean     | 3.03e+03 |
| time/              |          |
|    episodes        | 1320     |
|    fps             | 240      |
|    time_elapsed    | 1262     |
|    total_timesteps | 304092   |
| train/             |          |
|    actor_loss      | -249     |
|    critic_loss     | 16.3     |
|    ent_coef        | 0.0775   |
|    ent_coef_loss   | 0.357    |
|    learning_rate   | 0.0003   |
|    n_updates       | 294091   |
---------------------------------
---------------------------------
| rollout/           |          |
|    ep_len_mean     | 805      |
|    ep_rew_mean     | 2.96e+03 |
| time/              |          |
|    episodes        | 1324     |
|    fps             | 240      |
|    time_elapsed    | 1271     |
|    total_timesteps | 306163   |
| train/             |          |
|    actor_loss      | -242     |
|    critic_loss     | 21.6     |
|    ent_coef        | 0.0755   |
|    ent_coef_loss   | -1.2     |
|    learning_rate   | 0.0003   |
|    n_updates       | 296162   |
---------------------------------
---------------------------------
| rollout/           |          |
|    ep_len_mean     | 792      |
|    ep_rew_mean     | 2.92e+03 |
| time/              |          |
|    episodes        | 1328     |
|    fps             | 240      |
|    time_elapsed    | 1281     |
|    total_timesteps | 308859   |
| train/             |          |
|    actor_loss      | -250     |
|    critic_loss     | 18.7     |
|    ent_coef        | 0.077    |
|    ent_coef_loss   | -0.303   |
|    learning_rate   | 0.0003   |
|    n_updates       | 298858   |
---------------------------------
Eval num_timesteps=310000, episode_reward=2259.90 +/- 905.47
Episode length: 584.50 +/- 213.48
---------------------------------
| eval/              |          |
|    mean_ep_length  | 584      |
|    mean_reward     | 2.26e+03 |
| time/              |          |
|    total_timesteps | 310000   |
| train/             |          |
|    actor_loss      | -247     |
|    critic_loss     | 19.6     |
|    ent_coef        | 0.0771   |
|    ent_coef_loss   | 0.058    |
|    learning_rate   | 0.0003   |
|    n_updates       | 299999   |
---------------------------------
---------------------------------
| rollout/           |          |
|    ep_len_mean     | 785      |
|    ep_rew_mean     | 2.91e+03 |
| time/              |          |
|    episodes        | 1332     |
|    fps             | 240      |
|    time_elapsed    | 1296     |
|    total_timesteps | 312188   |
| train/             |          |
|    actor_loss      | -251     |
|    critic_loss     | 21.4     |
|    ent_coef        | 0.0766   |
|    ent_coef_loss   | -0.88    |
|    learning_rate   | 0.0003   |
|    n_updates       | 302187   |
---------------------------------
---------------------------------
| rollout/           |          |
|    ep_len_mean     | 785      |
|    ep_rew_mean     | 2.93e+03 |
| time/              |          |
|    episodes        | 1336     |
|    fps             | 240      |
|    time_elapsed    | 1314     |
|    total_timesteps | 316188   |
| train/             |          |
|    actor_loss      | -261     |
|    critic_loss     | 25       |
|    ent_coef        | 0.0781   |
|    ent_coef_loss   | 1.77     |
|    learning_rate   | 0.0003   |
|    n_updates       | 306187   |
---------------------------------
Eval num_timesteps=320000, episode_reward=2979.30 +/- 1360.04
Episode length: 800.90 +/- 319.52
---------------------------------
| eval/              |          |
|    mean_ep_length  | 801      |
|    mean_reward     | 2.98e+03 |
| time/              |          |
|    total_timesteps | 320000   |
| train/             |          |
|    actor_loss      | -257     |
|    critic_loss     | 17.3     |
|    ent_coef        | 0.0754   |
|    ent_coef_loss   | 1        |
|    learning_rate   | 0.0003   |
|    n_updates       | 309999   |
---------------------------------
---------------------------------
| rollout/           |          |
|    ep_len_mean     | 794      |
|    ep_rew_mean     | 2.97e+03 |
| time/              |          |
|    episodes        | 1340     |
|    fps             | 240      |
|    time_elapsed    | 1331     |
|    total_timesteps | 320072   |
| train/             |          |
|    actor_loss      | -250     |
|    critic_loss     | 16.9     |
|    ent_coef        | 0.0759   |
|    ent_coef_loss   | -1.98    |
|    learning_rate   | 0.0003   |
|    n_updates       | 310071   |
---------------------------------
---------------------------------
| rollout/           |          |
|    ep_len_mean     | 782      |
|    ep_rew_mean     | 2.94e+03 |
| time/              |          |
|    episodes        | 1344     |
|    fps             | 240      |
|    time_elapsed    | 1343     |
|    total_timesteps | 322924   |
| train/             |          |
|    actor_loss      | -254     |
|    critic_loss     | 20.8     |
|    ent_coef        | 0.0765   |
|    ent_coef_loss   | -0.224   |
|    learning_rate   | 0.0003   |
|    n_updates       | 312923   |
---------------------------------
---------------------------------
| rollout/           |          |
|    ep_len_mean     | 782      |
|    ep_rew_mean     | 2.95e+03 |
| time/              |          |
|    episodes        | 1348     |
|    fps             | 240      |
|    time_elapsed    | 1360     |
|    total_timesteps | 326924   |
| train/             |          |
|    actor_loss      | -245     |
|    critic_loss     | 29.1     |
|    ent_coef        | 0.0756   |
|    ent_coef_loss   | 1.45     |
|    learning_rate   | 0.0003   |
|    n_updates       | 316923   |
---------------------------------
Eval num_timesteps=330000, episode_reward=3798.86 +/- 38.37
Episode length: 1000.00 +/- 0.00
---------------------------------
| eval/              |          |
|    mean_ep_length  | 1e+03    |
|    mean_reward     | 3.8e+03  |
| time/              |          |
|    total_timesteps | 330000   |
| train/             |          |
|    actor_loss      | -254     |
|    critic_loss     | 25.8     |
|    ent_coef        | 0.0778   |
|    ent_coef_loss   | -0.742   |
|    learning_rate   | 0.0003   |
|    n_updates       | 319999   |
---------------------------------
---------------------------------
| rollout/           |          |
|    ep_len_mean     | 777      |
|    ep_rew_mean     | 2.94e+03 |
| time/              |          |
|    episodes        | 1352     |
|    fps             | 239      |
|    time_elapsed    | 1376     |
|    total_timesteps | 330426   |
| train/             |          |
|    actor_loss      | -253     |
|    critic_loss     | 24.5     |
|    ent_coef        | 0.0794   |
|    ent_coef_loss   | -0.433   |
|    learning_rate   | 0.0003   |
|    n_updates       | 320425   |
---------------------------------
---------------------------------
| rollout/           |          |
|    ep_len_mean     | 777      |
|    ep_rew_mean     | 2.95e+03 |
| time/              |          |
|    episodes        | 1356     |
|    fps             | 239      |
|    time_elapsed    | 1393     |
|    total_timesteps | 334426   |
| train/             |          |
|    actor_loss      | -256     |
|    critic_loss     | 18.4     |
|    ent_coef        | 0.0763   |
|    ent_coef_loss   | 0.814    |
|    learning_rate   | 0.0003   |
|    n_updates       | 324425   |
---------------------------------
---------------------------------
| rollout/           |          |
|    ep_len_mean     | 793      |
|    ep_rew_mean     | 3.02e+03 |
| time/              |          |
|    episodes        | 1360     |
|    fps             | 240      |
|    time_elapsed    | 1409     |
|    total_timesteps | 338426   |
| train/             |          |
|    actor_loss      | -261     |
|    critic_loss     | 19.6     |
|    ent_coef        | 0.0746   |
|    ent_coef_loss   | 1.49     |
|    learning_rate   | 0.0003   |
|    n_updates       | 328425   |
---------------------------------
Eval num_timesteps=340000, episode_reward=3877.07 +/- 92.68
Episode length: 1000.00 +/- 0.00
---------------------------------
| eval/              |          |
|    mean_ep_length  | 1e+03    |
|    mean_reward     | 3.88e+03 |
| time/              |          |
|    total_timesteps | 340000   |
| train/             |          |
|    actor_loss      | -271     |
|    critic_loss     | 18.4     |
|    ent_coef        | 0.0747   |
|    ent_coef_loss   | -0.347   |
|    learning_rate   | 0.0003   |
|    n_updates       | 329999   |
---------------------------------
---------------------------------
| rollout/           |          |
|    ep_len_mean     | 810      |
|    ep_rew_mean     | 3.1e+03  |
| time/              |          |
|    episodes        | 1364     |
|    fps             | 239      |
|    time_elapsed    | 1427     |
|    total_timesteps | 342050   |
| train/             |          |
|    actor_loss      | -264     |
|    critic_loss     | 16.8     |
|    ent_coef        | 0.0744   |
|    ent_coef_loss   | -0.672   |
|    learning_rate   | 0.0003   |
|    n_updates       | 332049   |
---------------------------------
---------------------------------
| rollout/           |          |
|    ep_len_mean     | 811      |
|    ep_rew_mean     | 3.11e+03 |
| time/              |          |
|    episodes        | 1368     |
|    fps             | 239      |
|    time_elapsed    | 1441     |
|    total_timesteps | 345360   |
| train/             |          |
|    actor_loss      | -269     |
|    critic_loss     | 16.6     |
|    ent_coef        | 0.0755   |
|    ent_coef_loss   | 0.851    |
|    learning_rate   | 0.0003   |
|    n_updates       | 335359   |
---------------------------------
---------------------------------
| rollout/           |          |
|    ep_len_mean     | 820      |
|    ep_rew_mean     | 3.15e+03 |
| time/              |          |
|    episodes        | 1372     |
|    fps             | 239      |
|    time_elapsed    | 1458     |
|    total_timesteps | 349360   |
| train/             |          |
|    actor_loss      | -267     |
|    critic_loss     | 15.5     |
|    ent_coef        | 0.0771   |
|    ent_coef_loss   | -0.475   |
|    learning_rate   | 0.0003   |
|    n_updates       | 339359   |
---------------------------------
Eval num_timesteps=350000, episode_reward=3754.09 +/- 462.69
Episode length: 961.90 +/- 114.30
---------------------------------
| eval/              |          |
|    mean_ep_length  | 962      |
|    mean_reward     | 3.75e+03 |
| time/              |          |
|    total_timesteps | 350000   |
| train/             |          |
|    actor_loss      | -269     |
|    critic_loss     | 18.8     |
|    ent_coef        | 0.0757   |
|    ent_coef_loss   | 0.311    |
|    learning_rate   | 0.0003   |
|    n_updates       | 339999   |
---------------------------------
---------------------------------
| rollout/           |          |
|    ep_len_mean     | 834      |
|    ep_rew_mean     | 3.21e+03 |
| time/              |          |
|    episodes        | 1376     |
|    fps             | 239      |
|    time_elapsed    | 1475     |
|    total_timesteps | 352912   |
| train/             |          |
|    actor_loss      | -265     |
|    critic_loss     | 20       |
|    ent_coef        | 0.0749   |
|    ent_coef_loss   | -0.59    |
|    learning_rate   | 0.0003   |
|    n_updates       | 342911   |
---------------------------------
---------------------------------
| rollout/           |          |
|    ep_len_mean     | 851      |
|    ep_rew_mean     | 3.28e+03 |
| time/              |          |
|    episodes        | 1380     |
|    fps             | 239      |
|    time_elapsed    | 1492     |
|    total_timesteps | 356912   |
| train/             |          |
|    actor_loss      | -266     |
|    critic_loss     | 21.7     |
|    ent_coef        | 0.0733   |
|    ent_coef_loss   | -0.782   |
|    learning_rate   | 0.0003   |
|    n_updates       | 346911   |
---------------------------------
Eval num_timesteps=360000, episode_reward=4051.74 +/- 77.75
Episode length: 1000.00 +/- 0.00
---------------------------------
| eval/              |          |
|    mean_ep_length  | 1e+03    |
|    mean_reward     | 4.05e+03 |
| time/              |          |
|    total_timesteps | 360000   |
| train/             |          |
|    actor_loss      | -275     |
|    critic_loss     | 25.7     |
|    ent_coef        | 0.0755   |
|    ent_coef_loss   | 2.89     |
|    learning_rate   | 0.0003   |
|    n_updates       | 349999   |
---------------------------------
New best mean reward!
---------------------------------
| rollout/           |          |
|    ep_len_mean     | 868      |
|    ep_rew_mean     | 3.36e+03 |
| time/              |          |
|    episodes        | 1384     |
|    fps             | 238      |
|    time_elapsed    | 1511     |
|    total_timesteps | 360912   |
| train/             |          |
|    actor_loss      | -269     |
|    critic_loss     | 16.1     |
|    ent_coef        | 0.0746   |
|    ent_coef_loss   | 0.321    |
|    learning_rate   | 0.0003   |
|    n_updates       | 350911   |
---------------------------------
---------------------------------
| rollout/           |          |
|    ep_len_mean     | 876      |
|    ep_rew_mean     | 3.39e+03 |
| time/              |          |
|    episodes        | 1388     |
|    fps             | 238      |
|    time_elapsed    | 1524     |
|    total_timesteps | 364022   |
| train/             |          |
|    actor_loss      | -258     |
|    critic_loss     | 21.8     |
|    ent_coef        | 0.0719   |
|    ent_coef_loss   | 0.379    |
|    learning_rate   | 0.0003   |
|    n_updates       | 354021   |
---------------------------------
---------------------------------
| rollout/           |          |
|    ep_len_mean     | 866      |
|    ep_rew_mean     | 3.36e+03 |
| time/              |          |
|    episodes        | 1392     |
|    fps             | 238      |
|    time_elapsed    | 1537     |
|    total_timesteps | 367065   |
| train/             |          |
|    actor_loss      | -275     |
|    critic_loss     | 17.9     |
|    ent_coef        | 0.0697   |
|    ent_coef_loss   | -0.713   |
|    learning_rate   | 0.0003   |
|    n_updates       | 357064   |
---------------------------------
Eval num_timesteps=370000, episode_reward=4031.75 +/- 27.23
Episode length: 1000.00 +/- 0.00
---------------------------------
| eval/              |          |
|    mean_ep_length  | 1e+03    |
|    mean_reward     | 4.03e+03 |
| time/              |          |
|    total_timesteps | 370000   |
| train/             |          |
|    actor_loss      | -269     |
|    critic_loss     | 15.5     |
|    ent_coef        | 0.0687   |
|    ent_coef_loss   | 0.00734  |
|    learning_rate   | 0.0003   |
|    n_updates       | 359999   |
---------------------------------
---------------------------------
| rollout/           |          |
|    ep_len_mean     | 857      |
|    ep_rew_mean     | 3.33e+03 |
| time/              |          |
|    episodes        | 1396     |
|    fps             | 238      |
|    time_elapsed    | 1552     |
|    total_timesteps | 370153   |
| train/             |          |
|    actor_loss      | -271     |
|    critic_loss     | 19.5     |
|    ent_coef        | 0.0684   |
|    ent_coef_loss   | 1.1      |
|    learning_rate   | 0.0003   |
|    n_updates       | 360152   |
---------------------------------
---------------------------------
| rollout/           |          |
|    ep_len_mean     | 849      |
|    ep_rew_mean     | 3.3e+03  |
| time/              |          |
|    episodes        | 1400     |
|    fps             | 238      |
|    time_elapsed    | 1565     |
|    total_timesteps | 373370   |
| train/             |          |
|    actor_loss      | -269     |
|    critic_loss     | 11.1     |
|    ent_coef        | 0.0688   |
|    ent_coef_loss   | -0.00434 |
|    learning_rate   | 0.0003   |
|    n_updates       | 363369   |
---------------------------------
---------------------------------
| rollout/           |          |
|    ep_len_mean     | 857      |
|    ep_rew_mean     | 3.35e+03 |
| time/              |          |
|    episodes        | 1404     |
|    fps             | 238      |
|    time_elapsed    | 1582     |
|    total_timesteps | 377370   |
| train/             |          |
|    actor_loss      | -275     |
|    critic_loss     | 16.9     |
|    ent_coef        | 0.0686   |
|    ent_coef_loss   | 0.188    |
|    learning_rate   | 0.0003   |
|    n_updates       | 367369   |
---------------------------------
Eval num_timesteps=380000, episode_reward=4177.85 +/- 105.69
Episode length: 1000.00 +/- 0.00
---------------------------------
| eval/              |          |
|    mean_ep_length  | 1e+03    |
|    mean_reward     | 4.18e+03 |
| time/              |          |
|    total_timesteps | 380000   |
| train/             |          |
|    actor_loss      | -278     |
|    critic_loss     | 16.9     |
|    ent_coef        | 0.0673   |
|    ent_coef_loss   | -1.4     |
|    learning_rate   | 0.0003   |
|    n_updates       | 369999   |
---------------------------------
New best mean reward!
---------------------------------
| rollout/           |          |
|    ep_len_mean     | 870      |
|    ep_rew_mean     | 3.41e+03 |
| time/              |          |
|    episodes        | 1408     |
|    fps             | 238      |
|    time_elapsed    | 1601     |
|    total_timesteps | 381370   |
| train/             |          |
|    actor_loss      | -277     |
|    critic_loss     | 31.2     |
|    ent_coef        | 0.0699   |
|    ent_coef_loss   | 0.0596   |
|    learning_rate   | 0.0003   |
|    n_updates       | 371369   |
---------------------------------
---------------------------------
| rollout/           |          |
|    ep_len_mean     | 870      |
|    ep_rew_mean     | 3.41e+03 |
| time/              |          |
|    episodes        | 1412     |
|    fps             | 238      |
|    time_elapsed    | 1618     |
|    total_timesteps | 385370   |
| train/             |          |
|    actor_loss      | -274     |
|    critic_loss     | 23.7     |
|    ent_coef        | 0.0678   |
|    ent_coef_loss   | 0.519    |
|    learning_rate   | 0.0003   |
|    n_updates       | 375369   |
---------------------------------
---------------------------------
| rollout/           |          |
|    ep_len_mean     | 878      |
|    ep_rew_mean     | 3.46e+03 |
| time/              |          |
|    episodes        | 1416     |
|    fps             | 238      |
|    time_elapsed    | 1634     |
|    total_timesteps | 389370   |
| train/             |          |
|    actor_loss      | -283     |
|    critic_loss     | 19.6     |
|    ent_coef        | 0.0686   |
|    ent_coef_loss   | 0.794    |
|    learning_rate   | 0.0003   |
|    n_updates       | 379369   |
---------------------------------
Eval num_timesteps=390000, episode_reward=3969.69 +/- 59.94
Episode length: 1000.00 +/- 0.00
---------------------------------
| eval/              |          |
|    mean_ep_length  | 1e+03    |
|    mean_reward     | 3.97e+03 |
| time/              |          |
|    total_timesteps | 390000   |
| train/             |          |
|    actor_loss      | -274     |
|    critic_loss     | 15.7     |
|    ent_coef        | 0.0689   |
|    ent_coef_loss   | -0.359   |
|    learning_rate   | 0.0003   |
|    n_updates       | 379999   |
---------------------------------
---------------------------------
| rollout/           |          |
|    ep_len_mean     | 885      |
|    ep_rew_mean     | 3.49e+03 |
| time/              |          |
|    episodes        | 1420     |
|    fps             | 237      |
|    time_elapsed    | 1650     |
|    total_timesteps | 392566   |
| train/             |          |
|    actor_loss      | -284     |
|    critic_loss     | 15.9     |
|    ent_coef        | 0.0705   |
|    ent_coef_loss   | -0.593   |
|    learning_rate   | 0.0003   |
|    n_updates       | 382565   |
---------------------------------
---------------------------------
| rollout/           |          |
|    ep_len_mean     | 904      |
|    ep_rew_mean     | 3.57e+03 |
| time/              |          |
|    episodes        | 1424     |
|    fps             | 237      |
|    time_elapsed    | 1666     |
|    total_timesteps | 396566   |
| train/             |          |
|    actor_loss      | -278     |
|    critic_loss     | 17.6     |
|    ent_coef        | 0.0663   |
|    ent_coef_loss   | -0.537   |
|    learning_rate   | 0.0003   |
|    n_updates       | 386565   |
---------------------------------
---------------------------------
| rollout/           |          |
|    ep_len_mean     | 908      |
|    ep_rew_mean     | 3.59e+03 |
| time/              |          |
|    episodes        | 1428     |
|    fps             | 237      |
|    time_elapsed    | 1679     |
|    total_timesteps | 399680   |
| train/             |          |
|    actor_loss      | -283     |
|    critic_loss     | 24.1     |
|    ent_coef        | 0.0703   |
|    ent_coef_loss   | 1.06     |
|    learning_rate   | 0.0003   |
|    n_updates       | 389679   |
---------------------------------
Eval num_timesteps=400000, episode_reward=3551.99 +/- 653.51
Episode length: 881.40 +/- 158.90
---------------------------------
| eval/              |          |
|    mean_ep_length  | 881      |
|    mean_reward     | 3.55e+03 |
| time/              |          |
|    total_timesteps | 400000   |
| train/             |          |
|    actor_loss      | -282     |
|    critic_loss     | 20.9     |
|    ent_coef        | 0.0687   |
|    ent_coef_loss   | 0.792    |
|    learning_rate   | 0.0003   |
|    n_updates       | 389999   |
---------------------------------
---------------------------------
| rollout/           |          |
|    ep_len_mean     | 906      |
|    ep_rew_mean     | 3.58e+03 |
| time/              |          |
|    episodes        | 1432     |
|    fps             | 237      |
|    time_elapsed    | 1694     |
|    total_timesteps | 402771   |
| train/             |          |
|    actor_loss      | -280     |
|    critic_loss     | 18       |
|    ent_coef        | 0.0696   |
|    ent_coef_loss   | -1.45    |
|    learning_rate   | 0.0003   |
|    n_updates       | 392770   |
---------------------------------
---------------------------------
| rollout/           |          |
|    ep_len_mean     | 903      |
|    ep_rew_mean     | 3.57e+03 |
| time/              |          |
|    episodes        | 1436     |
|    fps             | 237      |
|    time_elapsed    | 1709     |
|    total_timesteps | 406447   |
| train/             |          |
|    actor_loss      | -281     |
|    critic_loss     | 18.2     |
|    ent_coef        | 0.0722   |
|    ent_coef_loss   | -0.22    |
|    learning_rate   | 0.0003   |
|    n_updates       | 396446   |
---------------------------------
Eval num_timesteps=410000, episode_reward=3704.92 +/- 719.34
Episode length: 913.20 +/- 169.75
---------------------------------
| eval/              |          |
|    mean_ep_length  | 913      |
|    mean_reward     | 3.7e+03  |
| time/              |          |
|    total_timesteps | 410000   |
| train/             |          |
|    actor_loss      | -281     |
|    critic_loss     | 17.7     |
|    ent_coef        | 0.0698   |
|    ent_coef_loss   | 1.64     |
|    learning_rate   | 0.0003   |
|    n_updates       | 399999   |
---------------------------------
---------------------------------
| rollout/           |          |
|    ep_len_mean     | 900      |
|    ep_rew_mean     | 3.56e+03 |
| time/              |          |
|    episodes        | 1440     |
|    fps             | 237      |
|    time_elapsed    | 1726     |
|    total_timesteps | 410049   |
| train/             |          |
|    actor_loss      | -285     |
|    critic_loss     | 13.8     |
|    ent_coef        | 0.0697   |
|    ent_coef_loss   | -2.4     |
|    learning_rate   | 0.0003   |
|    n_updates       | 400048   |
---------------------------------
---------------------------------
| rollout/           |          |
|    ep_len_mean     | 909      |
|    ep_rew_mean     | 3.6e+03  |
| time/              |          |
|    episodes        | 1444     |
|    fps             | 237      |
|    time_elapsed    | 1742     |
|    total_timesteps | 413829   |
| train/             |          |
|    actor_loss      | -284     |
|    critic_loss     | 15.6     |
|    ent_coef        | 0.0693   |
|    ent_coef_loss   | -2.15    |
|    learning_rate   | 0.0003   |
|    n_updates       | 403828   |
---------------------------------
---------------------------------
| rollout/           |          |
|    ep_len_mean     | 899      |
|    ep_rew_mean     | 3.57e+03 |
| time/              |          |
|    episodes        | 1448     |
|    fps             | 237      |
|    time_elapsed    | 1755     |
|    total_timesteps | 416869   |
| train/             |          |
|    actor_loss      | -285     |
|    critic_loss     | 24       |
|    ent_coef        | 0.0692   |
|    ent_coef_loss   | 0.302    |
|    learning_rate   | 0.0003   |
|    n_updates       | 406868   |
---------------------------------
Eval num_timesteps=420000, episode_reward=4045.57 +/- 45.65
Episode length: 1000.00 +/- 0.00
---------------------------------
| eval/              |          |
|    mean_ep_length  | 1e+03    |
|    mean_reward     | 4.05e+03 |
| time/              |          |
|    total_timesteps | 420000   |
| train/             |          |
|    actor_loss      | -294     |
|    critic_loss     | 13.8     |
|    ent_coef        | 0.0693   |
|    ent_coef_loss   | -0.998   |
|    learning_rate   | 0.0003   |
|    n_updates       | 409999   |
---------------------------------
---------------------------------
| rollout/           |          |
|    ep_len_mean     | 904      |
|    ep_rew_mean     | 3.6e+03  |
| time/              |          |
|    episodes        | 1452     |
|    fps             | 237      |
|    time_elapsed    | 1773     |
|    total_timesteps | 420869   |
| train/             |          |
|    actor_loss      | -288     |
|    critic_loss     | 13.8     |
|    ent_coef        | 0.0713   |
|    ent_coef_loss   | -1.34    |
|    learning_rate   | 0.0003   |
|    n_updates       | 410868   |
---------------------------------
---------------------------------
| rollout/           |          |
|    ep_len_mean     | 896      |
|    ep_rew_mean     | 3.56e+03 |
| time/              |          |
|    episodes        | 1456     |
|    fps             | 237      |
|    time_elapsed    | 1787     |
|    total_timesteps | 424004   |
| train/             |          |
|    actor_loss      | -280     |
|    critic_loss     | 16.6     |
|    ent_coef        | 0.0678   |
|    ent_coef_loss   | 1.28     |
|    learning_rate   | 0.0003   |
|    n_updates       | 414003   |
---------------------------------
---------------------------------
| rollout/           |          |
|    ep_len_mean     | 893      |
|    ep_rew_mean     | 3.55e+03 |
| time/              |          |
|    episodes        | 1460     |
|    fps             | 237      |
|    time_elapsed    | 1802     |
|    total_timesteps | 427718   |
| train/             |          |
|    actor_loss      | -290     |
|    critic_loss     | 16.2     |
|    ent_coef        | 0.0707   |
|    ent_coef_loss   | -0.972   |
|    learning_rate   | 0.0003   |
|    n_updates       | 417717   |
---------------------------------
Eval num_timesteps=430000, episode_reward=3396.41 +/- 1206.38
Episode length: 865.50 +/- 283.55
---------------------------------
| eval/              |          |
|    mean_ep_length  | 866      |
|    mean_reward     | 3.4e+03  |
| time/              |          |
|    total_timesteps | 430000   |
| train/             |          |
|    actor_loss      | -290     |
|    critic_loss     | 16.4     |
|    ent_coef        | 0.0706   |
|    ent_coef_loss   | -1.3     |
|    learning_rate   | 0.0003   |
|    n_updates       | 419999   |
---------------------------------
---------------------------------
| rollout/           |          |
|    ep_len_mean     | 894      |
|    ep_rew_mean     | 3.56e+03 |
| time/              |          |
|    episodes        | 1464     |
|    fps             | 237      |
|    time_elapsed    | 1819     |
|    total_timesteps | 431439   |
| train/             |          |
|    actor_loss      | -287     |
|    critic_loss     | 27.8     |
|    ent_coef        | 0.0671   |
|    ent_coef_loss   | 0.443    |
|    learning_rate   | 0.0003   |
|    n_updates       | 421438   |
---------------------------------
---------------------------------
| rollout/           |          |
|    ep_len_mean     | 901      |
|    ep_rew_mean     | 3.59e+03 |
| time/              |          |
|    episodes        | 1468     |
|    fps             | 237      |
|    time_elapsed    | 1836     |
|    total_timesteps | 435439   |
| train/             |          |
|    actor_loss      | -284     |
|    critic_loss     | 30.7     |
|    ent_coef        | 0.0708   |
|    ent_coef_loss   | -1.28    |
|    learning_rate   | 0.0003   |
|    n_updates       | 425438   |
---------------------------------
---------------------------------
| rollout/           |          |
|    ep_len_mean     | 901      |
|    ep_rew_mean     | 3.6e+03  |
| time/              |          |
|    episodes        | 1472     |
|    fps             | 236      |
|    time_elapsed    | 1854     |
|    total_timesteps | 439439   |
| train/             |          |
|    actor_loss      | -293     |
|    critic_loss     | 15.7     |
|    ent_coef        | 0.0687   |
|    ent_coef_loss   | -0.685   |
|    learning_rate   | 0.0003   |
|    n_updates       | 429438   |
---------------------------------
Eval num_timesteps=440000, episode_reward=3257.20 +/- 1369.78
Episode length: 790.10 +/- 304.01
---------------------------------
| eval/              |          |
|    mean_ep_length  | 790      |
|    mean_reward     | 3.26e+03 |
| time/              |          |
|    total_timesteps | 440000   |
| train/             |          |
|    actor_loss      | -283     |
|    critic_loss     | 13.6     |
|    ent_coef        | 0.0688   |
|    ent_coef_loss   | 1.41     |
|    learning_rate   | 0.0003   |
|    n_updates       | 429999   |
---------------------------------
---------------------------------
| rollout/           |          |
|    ep_len_mean     | 905      |
|    ep_rew_mean     | 3.62e+03 |
| time/              |          |
|    episodes        | 1476     |
|    fps             | 236      |
|    time_elapsed    | 1872     |
|    total_timesteps | 443439   |
| train/             |          |
|    actor_loss      | -294     |
|    critic_loss     | 14.2     |
|    ent_coef        | 0.0693   |
|    ent_coef_loss   | -0.22    |
|    learning_rate   | 0.0003   |
|    n_updates       | 433438   |
---------------------------------
---------------------------------
| rollout/           |          |
|    ep_len_mean     | 905      |
|    ep_rew_mean     | 3.63e+03 |
| time/              |          |
|    episodes        | 1480     |
|    fps             | 236      |
|    time_elapsed    | 1889     |
|    total_timesteps | 447439   |
| train/             |          |
|    actor_loss      | -301     |
|    critic_loss     | 13.6     |
|    ent_coef        | 0.0695   |
|    ent_coef_loss   | -0.762   |
|    learning_rate   | 0.0003   |
|    n_updates       | 437438   |
---------------------------------
Eval num_timesteps=450000, episode_reward=4055.29 +/- 50.43
Episode length: 1000.00 +/- 0.00
---------------------------------
| eval/              |          |
|    mean_ep_length  | 1e+03    |
|    mean_reward     | 4.06e+03 |
| time/              |          |
|    total_timesteps | 450000   |
| train/             |          |
|    actor_loss      | -295     |
|    critic_loss     | 18.1     |
|    ent_coef        | 0.0688   |
|    ent_coef_loss   | 0.931    |
|    learning_rate   | 0.0003   |
|    n_updates       | 439999   |
---------------------------------
---------------------------------
| rollout/           |          |
|    ep_len_mean     | 897      |
|    ep_rew_mean     | 3.59e+03 |
| time/              |          |
|    episodes        | 1484     |
|    fps             | 236      |
|    time_elapsed    | 1904     |
|    total_timesteps | 450610   |
| train/             |          |
|    actor_loss      | -301     |
|    critic_loss     | 12.5     |
|    ent_coef        | 0.0686   |
|    ent_coef_loss   | -0.302   |
|    learning_rate   | 0.0003   |
|    n_updates       | 440609   |
---------------------------------
---------------------------------
| rollout/           |          |
|    ep_len_mean     | 906      |
|    ep_rew_mean     | 3.64e+03 |
| time/              |          |
|    episodes        | 1488     |
|    fps             | 236      |
|    time_elapsed    | 1921     |
|    total_timesteps | 454610   |
| train/             |          |
|    actor_loss      | -296     |
|    critic_loss     | 19.4     |
|    ent_coef        | 0.0671   |
|    ent_coef_loss   | 0.466    |
|    learning_rate   | 0.0003   |
|    n_updates       | 444609   |
---------------------------------
---------------------------------
| rollout/           |          |
|    ep_len_mean     | 915      |
|    ep_rew_mean     | 3.68e+03 |
| time/              |          |
|    episodes        | 1492     |
|    fps             | 236      |
|    time_elapsed    | 1938     |
|    total_timesteps | 458610   |
| train/             |          |
|    actor_loss      | -297     |
|    critic_loss     | 23.9     |
|    ent_coef        | 0.068    |
|    ent_coef_loss   | -0.736   |
|    learning_rate   | 0.0003   |
|    n_updates       | 448609   |
---------------------------------
Eval num_timesteps=460000, episode_reward=3457.05 +/- 900.28
Episode length: 828.90 +/- 211.51
---------------------------------
| eval/              |          |
|    mean_ep_length  | 829      |
|    mean_reward     | 3.46e+03 |
| time/              |          |
|    total_timesteps | 460000   |
| train/             |          |
|    actor_loss      | -298     |
|    critic_loss     | 16.9     |
|    ent_coef        | 0.067    |
|    ent_coef_loss   | 0.871    |
|    learning_rate   | 0.0003   |
|    n_updates       | 449999   |
---------------------------------
---------------------------------
| rollout/           |          |
|    ep_len_mean     | 925      |
|    ep_rew_mean     | 3.72e+03 |
| time/              |          |
|    episodes        | 1496     |
|    fps             | 236      |
|    time_elapsed    | 1956     |
|    total_timesteps | 462610   |
| train/             |          |
|    actor_loss      | -296     |
|    critic_loss     | 16.3     |
|    ent_coef        | 0.0666   |
|    ent_coef_loss   | 0.559    |
|    learning_rate   | 0.0003   |
|    n_updates       | 452609   |
---------------------------------
---------------------------------
| rollout/           |          |
|    ep_len_mean     | 923      |
|    ep_rew_mean     | 3.72e+03 |
| time/              |          |
|    episodes        | 1500     |
|    fps             | 236      |
|    time_elapsed    | 1969     |
|    total_timesteps | 465659   |
| train/             |          |
|    actor_loss      | -302     |
|    critic_loss     | 13.4     |
|    ent_coef        | 0.0671   |
|    ent_coef_loss   | 0.257    |
|    learning_rate   | 0.0003   |
|    n_updates       | 455658   |
---------------------------------
---------------------------------
| rollout/           |          |
|    ep_len_mean     | 923      |
|    ep_rew_mean     | 3.72e+03 |
| time/              |          |
|    episodes        | 1504     |
|    fps             | 236      |
|    time_elapsed    | 1986     |
|    total_timesteps | 469659   |
| train/             |          |
|    actor_loss      | -294     |
|    critic_loss     | 18.2     |
|    ent_coef        | 0.0664   |
|    ent_coef_loss   | 0.13     |
|    learning_rate   | 0.0003   |
|    n_updates       | 459658   |
---------------------------------
Eval num_timesteps=470000, episode_reward=3947.27 +/- 422.53
Episode length: 967.30 +/- 98.10
---------------------------------
| eval/              |          |
|    mean_ep_length  | 967      |
|    mean_reward     | 3.95e+03 |
| time/              |          |
|    total_timesteps | 470000   |
| train/             |          |
|    actor_loss      | -290     |
|    critic_loss     | 21.2     |
|    ent_coef        | 0.0663   |
|    ent_coef_loss   | 0.0776   |
|    learning_rate   | 0.0003   |
|    n_updates       | 459999   |
---------------------------------
---------------------------------
| rollout/           |          |
|    ep_len_mean     | 923      |
|    ep_rew_mean     | 3.72e+03 |
| time/              |          |
|    episodes        | 1508     |
|    fps             | 236      |
|    time_elapsed    | 2005     |
|    total_timesteps | 473659   |
| train/             |          |
|    actor_loss      | -298     |
|    critic_loss     | 14       |
|    ent_coef        | 0.0669   |
|    ent_coef_loss   | 0.148    |
|    learning_rate   | 0.0003   |
|    n_updates       | 463658   |
---------------------------------
---------------------------------
| rollout/           |          |
|    ep_len_mean     | 923      |
|    ep_rew_mean     | 3.73e+03 |
| time/              |          |
|    episodes        | 1512     |
|    fps             | 236      |
|    time_elapsed    | 2022     |
|    total_timesteps | 477659   |
| train/             |          |
|    actor_loss      | -300     |
|    critic_loss     | 23.7     |
|    ent_coef        | 0.0652   |
|    ent_coef_loss   | 0.117    |
|    learning_rate   | 0.0003   |
|    n_updates       | 467658   |
---------------------------------
Eval num_timesteps=480000, episode_reward=3784.67 +/- 560.33
Episode length: 934.60 +/- 134.60
---------------------------------
| eval/              |          |
|    mean_ep_length  | 935      |
|    mean_reward     | 3.78e+03 |
| time/              |          |
|    total_timesteps | 480000   |
| train/             |          |
|    actor_loss      | -307     |
|    critic_loss     | 11.4     |
|    ent_coef        | 0.0652   |
|    ent_coef_loss   | 0.487    |
|    learning_rate   | 0.0003   |
|    n_updates       | 469999   |
---------------------------------
---------------------------------
| rollout/           |          |
|    ep_len_mean     | 923      |
|    ep_rew_mean     | 3.72e+03 |
| time/              |          |
|    episodes        | 1516     |
|    fps             | 235      |
|    time_elapsed    | 2041     |
|    total_timesteps | 481659   |
| train/             |          |
|    actor_loss      | -297     |
|    critic_loss     | 18       |
|    ent_coef        | 0.0637   |
|    ent_coef_loss   | 0.0745   |
|    learning_rate   | 0.0003   |
|    n_updates       | 471658   |
---------------------------------
---------------------------------
| rollout/           |          |
|    ep_len_mean     | 931      |
|    ep_rew_mean     | 3.76e+03 |
| time/              |          |
|    episodes        | 1520     |
|    fps             | 235      |
|    time_elapsed    | 2058     |
|    total_timesteps | 485659   |
| train/             |          |
|    actor_loss      | -310     |
|    critic_loss     | 26.3     |
|    ent_coef        | 0.065    |
|    ent_coef_loss   | 0.488    |
|    learning_rate   | 0.0003   |
|    n_updates       | 475658   |
---------------------------------
---------------------------------
| rollout/           |          |
|    ep_len_mean     | 913      |
|    ep_rew_mean     | 3.68e+03 |
| time/              |          |
|    episodes        | 1524     |
|    fps             | 235      |
|    time_elapsed    | 2067     |
|    total_timesteps | 487860   |
| train/             |          |
|    actor_loss      | -302     |
|    critic_loss     | 19.8     |
|    ent_coef        | 0.0644   |
|    ent_coef_loss   | -0.275   |
|    learning_rate   | 0.0003   |
|    n_updates       | 477859   |
---------------------------------
Eval num_timesteps=490000, episode_reward=3957.61 +/- 41.14
Episode length: 1000.00 +/- 0.00
---------------------------------
| eval/              |          |
|    mean_ep_length  | 1e+03    |
|    mean_reward     | 3.96e+03 |
| time/              |          |
|    total_timesteps | 490000   |
| train/             |          |
|    actor_loss      | -295     |
|    critic_loss     | 19.1     |
|    ent_coef        | 0.0645   |
|    ent_coef_loss   | -0.277   |
|    learning_rate   | 0.0003   |
|    n_updates       | 479999   |
---------------------------------
---------------------------------
| rollout/           |          |
|    ep_len_mean     | 913      |
|    ep_rew_mean     | 3.68e+03 |
| time/              |          |
|    episodes        | 1528     |
|    fps             | 235      |
|    time_elapsed    | 2082     |
|    total_timesteps | 490958   |
| train/             |          |
|    actor_loss      | -316     |
|    critic_loss     | 18.6     |
|    ent_coef        | 0.0651   |
|    ent_coef_loss   | -1.27    |
|    learning_rate   | 0.0003   |
|    n_updates       | 480957   |
---------------------------------
---------------------------------
| rollout/           |          |
|    ep_len_mean     | 913      |
|    ep_rew_mean     | 3.68e+03 |
| time/              |          |
|    episodes        | 1532     |
|    fps             | 235      |
|    time_elapsed    | 2095     |
|    total_timesteps | 494039   |
| train/             |          |
|    actor_loss      | -294     |
|    critic_loss     | 19       |
|    ent_coef        | 0.0648   |
|    ent_coef_loss   | -0.285   |
|    learning_rate   | 0.0003   |
|    n_updates       | 484038   |
---------------------------------
---------------------------------
| rollout/           |          |
|    ep_len_mean     | 916      |
|    ep_rew_mean     | 3.7e+03  |
| time/              |          |
|    episodes        | 1536     |
|    fps             | 235      |
|    time_elapsed    | 2112     |
|    total_timesteps | 498039   |
| train/             |          |
|    actor_loss      | -307     |
|    critic_loss     | 11.5     |
|    ent_coef        | 0.0635   |
|    ent_coef_loss   | 0.274    |
|    learning_rate   | 0.0003   |
|    n_updates       | 488038   |
---------------------------------
Eval num_timesteps=500000, episode_reward=3601.78 +/- 713.70
Episode length: 843.40 +/- 154.15
---------------------------------
| eval/              |          |
|    mean_ep_length  | 843      |
|    mean_reward     | 3.6e+03  |
| time/              |          |
|    total_timesteps | 500000   |
| train/             |          |
|    actor_loss      | -303     |
|    critic_loss     | 17.9     |
|    ent_coef        | 0.064    |
|    ent_coef_loss   | 2.45     |
|    learning_rate   | 0.0003   |
|    n_updates       | 489999   |
---------------------------------
---------------------------------
| rollout/           |          |
|    ep_len_mean     | 920      |
|    ep_rew_mean     | 3.72e+03 |
| time/              |          |
|    episodes        | 1540     |
|    fps             | 235      |
|    time_elapsed    | 2129     |
|    total_timesteps | 502039   |
| train/             |          |
|    actor_loss      | -300     |
|    critic_loss     | 20.9     |
|    ent_coef        | 0.0666   |
|    ent_coef_loss   | 1.12     |
|    learning_rate   | 0.0003   |
|    n_updates       | 492038   |
---------------------------------
---------------------------------
| rollout/           |          |
|    ep_len_mean     | 914      |
|    ep_rew_mean     | 3.7e+03  |
| time/              |          |
|    episodes        | 1544     |
|    fps             | 235      |
|    time_elapsed    | 2143     |
|    total_timesteps | 505253   |
| train/             |          |
|    actor_loss      | -301     |
|    critic_loss     | 24.8     |
|    ent_coef        | 0.0644   |
|    ent_coef_loss   | 0.605    |
|    learning_rate   | 0.0003   |
|    n_updates       | 495252   |
---------------------------------
---------------------------------
| rollout/           |          |
|    ep_len_mean     | 922      |
|    ep_rew_mean     | 3.73e+03 |
| time/              |          |
|    episodes        | 1548     |
|    fps             | 235      |
|    time_elapsed    | 2160     |
|    total_timesteps | 509038   |
| train/             |          |
|    actor_loss      | -311     |
|    critic_loss     | 19.1     |
|    ent_coef        | 0.0644   |
|    ent_coef_loss   | -1.95    |
|    learning_rate   | 0.0003   |
|    n_updates       | 499037   |
---------------------------------
Eval num_timesteps=510000, episode_reward=3876.20 +/- 1166.97
Episode length: 916.50 +/- 250.50
---------------------------------
| eval/              |          |
|    mean_ep_length  | 916      |
|    mean_reward     | 3.88e+03 |
| time/              |          |
|    total_timesteps | 510000   |
| train/             |          |
|    actor_loss      | -309     |
|    critic_loss     | 14.7     |
|    ent_coef        | 0.0635   |
|    ent_coef_loss   | -1.08    |
|    learning_rate   | 0.0003   |
|    n_updates       | 499999   |
---------------------------------
---------------------------------
| rollout/           |          |
|    ep_len_mean     | 913      |
|    ep_rew_mean     | 3.69e+03 |
| time/              |          |
|    episodes        | 1552     |
|    fps             | 235      |
|    time_elapsed    | 2174     |
|    total_timesteps | 512192   |
| train/             |          |
|    actor_loss      | -308     |
|    critic_loss     | 16.8     |
|    ent_coef        | 0.0638   |
|    ent_coef_loss   | -1.36    |
|    learning_rate   | 0.0003   |
|    n_updates       | 502191   |
---------------------------------
---------------------------------
| rollout/           |          |
|    ep_len_mean     | 922      |
|    ep_rew_mean     | 3.74e+03 |
| time/              |          |
|    episodes        | 1556     |
|    fps             | 235      |
|    time_elapsed    | 2191     |
|    total_timesteps | 516192   |
| train/             |          |
|    actor_loss      | -313     |
|    critic_loss     | 16.1     |
|    ent_coef        | 0.0654   |
|    ent_coef_loss   | -0.0658  |
|    learning_rate   | 0.0003   |
|    n_updates       | 506191   |
---------------------------------
Eval num_timesteps=520000, episode_reward=3748.19 +/- 1205.78
Episode length: 907.80 +/- 276.60
---------------------------------
| eval/              |          |
|    mean_ep_length  | 908      |
|    mean_reward     | 3.75e+03 |
| time/              |          |
|    total_timesteps | 520000   |
| train/             |          |
|    actor_loss      | -312     |
|    critic_loss     | 34.5     |
|    ent_coef        | 0.0656   |
|    ent_coef_loss   | 0.685    |
|    learning_rate   | 0.0003   |
|    n_updates       | 509999   |
---------------------------------
---------------------------------
| rollout/           |          |
|    ep_len_mean     | 925      |
|    ep_rew_mean     | 3.75e+03 |
| time/              |          |
|    episodes        | 1560     |
|    fps             | 235      |
|    time_elapsed    | 2209     |
|    total_timesteps | 520192   |
| train/             |          |
|    actor_loss      | -305     |
|    critic_loss     | 14.8     |
|    ent_coef        | 0.0651   |
|    ent_coef_loss   | -1.47    |
|    learning_rate   | 0.0003   |
|    n_updates       | 510191   |
---------------------------------
---------------------------------
| rollout/           |          |
|    ep_len_mean     | 928      |
|    ep_rew_mean     | 3.77e+03 |
| time/              |          |
|    episodes        | 1564     |
|    fps             | 235      |
|    time_elapsed    | 2226     |
|    total_timesteps | 524192   |
| train/             |          |
|    actor_loss      | -307     |
|    critic_loss     | 13.2     |
|    ent_coef        | 0.0644   |
|    ent_coef_loss   | -0.781   |
|    learning_rate   | 0.0003   |
|    n_updates       | 514191   |
---------------------------------
---------------------------------
| rollout/           |          |
|    ep_len_mean     | 928      |
|    ep_rew_mean     | 3.76e+03 |
| time/              |          |
|    episodes        | 1568     |
|    fps             | 235      |
|    time_elapsed    | 2243     |
|    total_timesteps | 528192   |
| train/             |          |
|    actor_loss      | -311     |
|    critic_loss     | 19.1     |
|    ent_coef        | 0.0641   |
|    ent_coef_loss   | 0.772    |
|    learning_rate   | 0.0003   |
|    n_updates       | 518191   |
---------------------------------
Eval num_timesteps=530000, episode_reward=4154.15 +/- 44.57
Episode length: 1000.00 +/- 0.00
---------------------------------
| eval/              |          |
|    mean_ep_length  | 1e+03    |
|    mean_reward     | 4.15e+03 |
| time/              |          |
|    total_timesteps | 530000   |
| train/             |          |
|    actor_loss      | -314     |
|    critic_loss     | 17.8     |
|    ent_coef        | 0.0635   |
|    ent_coef_loss   | -1.17    |
|    learning_rate   | 0.0003   |
|    n_updates       | 519999   |
---------------------------------
---------------------------------
| rollout/           |          |
|    ep_len_mean     | 923      |
|    ep_rew_mean     | 3.74e+03 |
| time/              |          |
|    episodes        | 1572     |
|    fps             | 235      |
|    time_elapsed    | 2260     |
|    total_timesteps | 531733   |
| train/             |          |
|    actor_loss      | -310     |
|    critic_loss     | 40.1     |
|    ent_coef        | 0.0646   |
|    ent_coef_loss   | 1.81     |
|    learning_rate   | 0.0003   |
|    n_updates       | 521732   |
---------------------------------
---------------------------------
| rollout/           |          |
|    ep_len_mean     | 914      |
|    ep_rew_mean     | 3.71e+03 |
| time/              |          |
|    episodes        | 1576     |
|    fps             | 235      |
|    time_elapsed    | 2273     |
|    total_timesteps | 534871   |
| train/             |          |
|    actor_loss      | -307     |
|    critic_loss     | 23.7     |
|    ent_coef        | 0.065    |
|    ent_coef_loss   | 0.62     |
|    learning_rate   | 0.0003   |
|    n_updates       | 524870   |
---------------------------------
---------------------------------
| rollout/           |          |
|    ep_len_mean     | 914      |
|    ep_rew_mean     | 3.71e+03 |
| time/              |          |
|    episodes        | 1580     |
|    fps             | 235      |
|    time_elapsed    | 2290     |
|    total_timesteps | 538871   |
| train/             |          |
|    actor_loss      | -315     |
|    critic_loss     | 19.9     |
|    ent_coef        | 0.063    |
|    ent_coef_loss   | 0.265    |
|    learning_rate   | 0.0003   |
|    n_updates       | 528870   |
---------------------------------
Eval num_timesteps=540000, episode_reward=4186.51 +/- 57.83
Episode length: 1000.00 +/- 0.00
---------------------------------
| eval/              |          |
|    mean_ep_length  | 1e+03    |
|    mean_reward     | 4.19e+03 |
| time/              |          |
|    total_timesteps | 540000   |
| train/             |          |
|    actor_loss      | -322     |
|    critic_loss     | 16.6     |
|    ent_coef        | 0.0633   |
|    ent_coef_loss   | -0.409   |
|    learning_rate   | 0.0003   |
|    n_updates       | 529999   |
---------------------------------
New best mean reward!
---------------------------------
| rollout/           |          |
|    ep_len_mean     | 923      |
|    ep_rew_mean     | 3.75e+03 |
| time/              |          |
|    episodes        | 1584     |
|    fps             | 235      |
|    time_elapsed    | 2308     |
|    total_timesteps | 542871   |
| train/             |          |
|    actor_loss      | -311     |
|    critic_loss     | 22.4     |
|    ent_coef        | 0.065    |
|    ent_coef_loss   | 0.272    |
|    learning_rate   | 0.0003   |
|    n_updates       | 532870   |
---------------------------------
---------------------------------
| rollout/           |          |
|    ep_len_mean     | 914      |
|    ep_rew_mean     | 3.72e+03 |
| time/              |          |
|    episodes        | 1588     |
|    fps             | 235      |
|    time_elapsed    | 2321     |
|    total_timesteps | 546003   |
| train/             |          |
|    actor_loss      | -320     |
|    critic_loss     | 14.2     |
|    ent_coef        | 0.0638   |
|    ent_coef_loss   | -0.476   |
|    learning_rate   | 0.0003   |
|    n_updates       | 536002   |
---------------------------------
Eval num_timesteps=550000, episode_reward=2719.82 +/- 1764.38
Episode length: 678.00 +/- 396.79
---------------------------------
| eval/              |          |
|    mean_ep_length  | 678      |
|    mean_reward     | 2.72e+03 |
| time/              |          |
|    total_timesteps | 550000   |
| train/             |          |
|    actor_loss      | -319     |
|    critic_loss     | 14       |
|    ent_coef        | 0.0633   |
|    ent_coef_loss   | 0.857    |
|    learning_rate   | 0.0003   |
|    n_updates       | 539999   |
---------------------------------
---------------------------------
| rollout/           |          |
|    ep_len_mean     | 914      |
|    ep_rew_mean     | 3.71e+03 |
| time/              |          |
|    episodes        | 1592     |
|    fps             | 235      |
|    time_elapsed    | 2339     |
|    total_timesteps | 550003   |
| train/             |          |
|    actor_loss      | -318     |
|    critic_loss     | 13.7     |
|    ent_coef        | 0.0633   |
|    ent_coef_loss   | 0.0112   |
|    learning_rate   | 0.0003   |
|    n_updates       | 540002   |
---------------------------------
---------------------------------
| rollout/           |          |
|    ep_len_mean     | 905      |
|    ep_rew_mean     | 3.67e+03 |
| time/              |          |
|    episodes        | 1596     |
|    fps             | 235      |
|    time_elapsed    | 2351     |
|    total_timesteps | 553075   |
| train/             |          |
|    actor_loss      | -322     |
|    critic_loss     | 12.6     |
|    ent_coef        | 0.0618   |
|    ent_coef_loss   | -1.2     |
|    learning_rate   | 0.0003   |
|    n_updates       | 543074   |
---------------------------------
---------------------------------
| rollout/           |          |
|    ep_len_mean     | 914      |
|    ep_rew_mean     | 3.72e+03 |
| time/              |          |
|    episodes        | 1600     |
|    fps             | 235      |
|    time_elapsed    | 2368     |
|    total_timesteps | 557075   |
| train/             |          |
|    actor_loss      | -321     |
|    critic_loss     | 22.4     |
|    ent_coef        | 0.0631   |
|    ent_coef_loss   | 0.447    |
|    learning_rate   | 0.0003   |
|    n_updates       | 547074   |
---------------------------------
Eval num_timesteps=560000, episode_reward=4266.19 +/- 48.53
Episode length: 1000.00 +/- 0.00
---------------------------------
| eval/              |          |
|    mean_ep_length  | 1e+03    |
|    mean_reward     | 4.27e+03 |
| time/              |          |
|    total_timesteps | 560000   |
| train/             |          |
|    actor_loss      | -328     |
|    critic_loss     | 12.9     |
|    ent_coef        | 0.0627   |
|    ent_coef_loss   | -0.288   |
|    learning_rate   | 0.0003   |
|    n_updates       | 549999   |
---------------------------------
New best mean reward!
---------------------------------
| rollout/           |          |
|    ep_len_mean     | 914      |
|    ep_rew_mean     | 3.72e+03 |
| time/              |          |
|    episodes        | 1604     |
|    fps             | 234      |
|    time_elapsed    | 2387     |
|    total_timesteps | 561075   |
| train/             |          |
|    actor_loss      | -324     |
|    critic_loss     | 15.2     |
|    ent_coef        | 0.0627   |
|    ent_coef_loss   | -0.702   |
|    learning_rate   | 0.0003   |
|    n_updates       | 551074   |
---------------------------------
---------------------------------
| rollout/           |          |
|    ep_len_mean     | 914      |
|    ep_rew_mean     | 3.72e+03 |
| time/              |          |
|    episodes        | 1608     |
|    fps             | 234      |
|    time_elapsed    | 2404     |
|    total_timesteps | 565075   |
| train/             |          |
|    actor_loss      | -315     |
|    critic_loss     | 19.8     |
|    ent_coef        | 0.063    |
|    ent_coef_loss   | -0.699   |
|    learning_rate   | 0.0003   |
|    n_updates       | 555074   |
---------------------------------
---------------------------------
| rollout/           |          |
|    ep_len_mean     | 914      |
|    ep_rew_mean     | 3.71e+03 |
| time/              |          |
|    episodes        | 1612     |
|    fps             | 235      |
|    time_elapsed    | 2421     |
|    total_timesteps | 569075   |
| train/             |          |
|    actor_loss      | -328     |
|    critic_loss     | 8.75     |
|    ent_coef        | 0.0635   |
|    ent_coef_loss   | 1.24     |
|    learning_rate   | 0.0003   |
|    n_updates       | 559074   |
---------------------------------
Eval num_timesteps=570000, episode_reward=4213.07 +/- 25.23
Episode length: 1000.00 +/- 0.00
---------------------------------
| eval/              |          |
|    mean_ep_length  | 1e+03    |
|    mean_reward     | 4.21e+03 |
| time/              |          |
|    total_timesteps | 570000   |
| train/             |          |
|    actor_loss      | -324     |
|    critic_loss     | 20.2     |
|    ent_coef        | 0.0631   |
|    ent_coef_loss   | -0.62    |
|    learning_rate   | 0.0003   |
|    n_updates       | 559999   |
---------------------------------
---------------------------------
| rollout/           |          |
|    ep_len_mean     | 906      |
|    ep_rew_mean     | 3.68e+03 |
| time/              |          |
|    episodes        | 1616     |
|    fps             | 234      |
|    time_elapsed    | 2435     |
|    total_timesteps | 572234   |
| train/             |          |
|    actor_loss      | -321     |
|    critic_loss     | 12.9     |
|    ent_coef        | 0.0644   |
|    ent_coef_loss   | 1.13     |
|    learning_rate   | 0.0003   |
|    n_updates       | 562233   |
---------------------------------
---------------------------------
| rollout/           |          |
|    ep_len_mean     | 906      |
|    ep_rew_mean     | 3.69e+03 |
| time/              |          |
|    episodes        | 1620     |
|    fps             | 234      |
|    time_elapsed    | 2452     |
|    total_timesteps | 576234   |
| train/             |          |
|    actor_loss      | -332     |
|    critic_loss     | 13.5     |
|    ent_coef        | 0.0626   |
|    ent_coef_loss   | 1.16     |
|    learning_rate   | 0.0003   |
|    n_updates       | 566233   |
---------------------------------
Eval num_timesteps=580000, episode_reward=2184.52 +/- 1851.54
Episode length: 576.30 +/- 423.85
---------------------------------
| eval/              |          |
|    mean_ep_length  | 576      |
|    mean_reward     | 2.18e+03 |
| time/              |          |
|    total_timesteps | 580000   |
| train/             |          |
|    actor_loss      | -321     |
|    critic_loss     | 17.4     |
|    ent_coef        | 0.0618   |
|    ent_coef_loss   | 0.973    |
|    learning_rate   | 0.0003   |
|    n_updates       | 569999   |
---------------------------------
---------------------------------
| rollout/           |          |
|    ep_len_mean     | 924      |
|    ep_rew_mean     | 3.77e+03 |
| time/              |          |
|    episodes        | 1624     |
|    fps             | 234      |
|    time_elapsed    | 2471     |
|    total_timesteps | 580234   |
| train/             |          |
|    actor_loss      | -325     |
|    critic_loss     | 14.3     |
|    ent_coef        | 0.061    |
|    ent_coef_loss   | -0.583   |
|    learning_rate   | 0.0003   |
|    n_updates       | 570233   |
---------------------------------
---------------------------------
| rollout/           |          |
|    ep_len_mean     | 924      |
|    ep_rew_mean     | 3.78e+03 |
| time/              |          |
|    episodes        | 1628     |
|    fps             | 234      |
|    time_elapsed    | 2484     |
|    total_timesteps | 583361   |
| train/             |          |
|    actor_loss      | -329     |
|    critic_loss     | 17.1     |
|    ent_coef        | 0.0625   |
|    ent_coef_loss   | -0.336   |
|    learning_rate   | 0.0003   |
|    n_updates       | 573360   |
---------------------------------
---------------------------------
| rollout/           |          |
|    ep_len_mean     | 933      |
|    ep_rew_mean     | 3.82e+03 |
| time/              |          |
|    episodes        | 1632     |
|    fps             | 234      |
|    time_elapsed    | 2501     |
|    total_timesteps | 587361   |
| train/             |          |
|    actor_loss      | -310     |
|    critic_loss     | 16.9     |
|    ent_coef        | 0.0625   |
|    ent_coef_loss   | 1.29     |
|    learning_rate   | 0.0003   |
|    n_updates       | 577360   |
---------------------------------
Eval num_timesteps=590000, episode_reward=4126.86 +/- 72.87
Episode length: 1000.00 +/- 0.00
---------------------------------
| eval/              |          |
|    mean_ep_length  | 1e+03    |
|    mean_reward     | 4.13e+03 |
| time/              |          |
|    total_timesteps | 590000   |
| train/             |          |
|    actor_loss      | -323     |
|    critic_loss     | 9.19     |
|    ent_coef        | 0.0636   |
|    ent_coef_loss   | 0.631    |
|    learning_rate   | 0.0003   |
|    n_updates       | 579999   |
---------------------------------
---------------------------------
| rollout/           |          |
|    ep_len_mean     | 924      |
|    ep_rew_mean     | 3.78e+03 |
| time/              |          |
|    episodes        | 1636     |
|    fps             | 234      |
|    time_elapsed    | 2516     |
|    total_timesteps | 590421   |
| train/             |          |
|    actor_loss      | -323     |
|    critic_loss     | 11.6     |
|    ent_coef        | 0.0622   |
|    ent_coef_loss   | 0.673    |
|    learning_rate   | 0.0003   |
|    n_updates       | 580420   |
---------------------------------
---------------------------------
| rollout/           |          |
|    ep_len_mean     | 924      |
|    ep_rew_mean     | 3.78e+03 |
| time/              |          |
|    episodes        | 1640     |
|    fps             | 234      |
|    time_elapsed    | 2532     |
|    total_timesteps | 594421   |
| train/             |          |
|    actor_loss      | -329     |
|    critic_loss     | 16.5     |
|    ent_coef        | 0.0631   |
|    ent_coef_loss   | 0.571    |
|    learning_rate   | 0.0003   |
|    n_updates       | 584420   |
---------------------------------
---------------------------------
| rollout/           |          |
|    ep_len_mean     | 923      |
|    ep_rew_mean     | 3.78e+03 |
| time/              |          |
|    episodes        | 1644     |
|    fps             | 234      |
|    time_elapsed    | 2545     |
|    total_timesteps | 597591   |
| train/             |          |
|    actor_loss      | -316     |
|    critic_loss     | 12.6     |
|    ent_coef        | 0.062    |
|    ent_coef_loss   | 0.214    |
|    learning_rate   | 0.0003   |
|    n_updates       | 587590   |
---------------------------------
Eval num_timesteps=600000, episode_reward=4189.62 +/- 66.67
Episode length: 1000.00 +/- 0.00
---------------------------------
| eval/              |          |
|    mean_ep_length  | 1e+03    |
|    mean_reward     | 4.19e+03 |
| time/              |          |
|    total_timesteps | 600000   |
| train/             |          |
|    actor_loss      | -331     |
|    critic_loss     | 11.8     |
|    ent_coef        | 0.0628   |
|    ent_coef_loss   | -0.659   |
|    learning_rate   | 0.0003   |
|    n_updates       | 589999   |
---------------------------------
---------------------------------
| rollout/           |          |
|    ep_len_mean     | 921      |
|    ep_rew_mean     | 3.78e+03 |
| time/              |          |
|    episodes        | 1648     |
|    fps             | 234      |
|    time_elapsed    | 2562     |
|    total_timesteps | 601105   |
| train/             |          |
|    actor_loss      | -328     |
|    critic_loss     | 14.5     |
|    ent_coef        | 0.0601   |
|    ent_coef_loss   | -1.94    |
|    learning_rate   | 0.0003   |
|    n_updates       | 591104   |
---------------------------------
---------------------------------
| rollout/           |          |
|    ep_len_mean     | 921      |
|    ep_rew_mean     | 3.78e+03 |
| time/              |          |
|    episodes        | 1652     |
|    fps             | 234      |
|    time_elapsed    | 2575     |
|    total_timesteps | 604244   |
| train/             |          |
|    actor_loss      | -323     |
|    critic_loss     | 16.9     |
|    ent_coef        | 0.0597   |
|    ent_coef_loss   | 0.0161   |
|    learning_rate   | 0.0003   |
|    n_updates       | 594243   |
---------------------------------
---------------------------------
| rollout/           |          |
|    ep_len_mean     | 921      |
|    ep_rew_mean     | 3.78e+03 |
| time/              |          |
|    episodes        | 1656     |
|    fps             | 234      |
|    time_elapsed    | 2592     |
|    total_timesteps | 608244   |
| train/             |          |
|    actor_loss      | -330     |
|    critic_loss     | 10.7     |
|    ent_coef        | 0.0609   |
|    ent_coef_loss   | -0.841   |
|    learning_rate   | 0.0003   |
|    n_updates       | 598243   |
---------------------------------
Eval num_timesteps=610000, episode_reward=3852.55 +/- 1238.08
Episode length: 908.80 +/- 273.60
---------------------------------
| eval/              |          |
|    mean_ep_length  | 909      |
|    mean_reward     | 3.85e+03 |
| time/              |          |
|    total_timesteps | 610000   |
| train/             |          |
|    actor_loss      | -325     |
|    critic_loss     | 16.1     |
|    ent_coef        | 0.062    |
|    ent_coef_loss   | -0.0754  |
|    learning_rate   | 0.0003   |
|    n_updates       | 599999   |
---------------------------------
---------------------------------
| rollout/           |          |
|    ep_len_mean     | 921      |
|    ep_rew_mean     | 3.78e+03 |
| time/              |          |
|    episodes        | 1660     |
|    fps             | 234      |
|    time_elapsed    | 2611     |
|    total_timesteps | 612244   |
| train/             |          |
|    actor_loss      | -321     |
|    critic_loss     | 12.1     |
|    ent_coef        | 0.0607   |
|    ent_coef_loss   | -0.702   |
|    learning_rate   | 0.0003   |
|    n_updates       | 602243   |
---------------------------------
---------------------------------
| rollout/           |          |
|    ep_len_mean     | 921      |
|    ep_rew_mean     | 3.79e+03 |
| time/              |          |
|    episodes        | 1664     |
|    fps             | 234      |
|    time_elapsed    | 2627     |
|    total_timesteps | 616244   |
| train/             |          |
|    actor_loss      | -332     |
|    critic_loss     | 12.7     |
|    ent_coef        | 0.0627   |
|    ent_coef_loss   | -0.199   |
|    learning_rate   | 0.0003   |
|    n_updates       | 606243   |
---------------------------------
Eval num_timesteps=620000, episode_reward=1374.67 +/- 1896.59
Episode length: 359.70 +/- 419.33
---------------------------------
| eval/              |          |
|    mean_ep_length  | 360      |
|    mean_reward     | 1.37e+03 |
| time/              |          |
|    total_timesteps | 620000   |
| train/             |          |
|    actor_loss      | -329     |
|    critic_loss     | 14.7     |
|    ent_coef        | 0.0625   |
|    ent_coef_loss   | -0.647   |
|    learning_rate   | 0.0003   |
|    n_updates       | 609999   |
---------------------------------
---------------------------------
| rollout/           |          |
|    ep_len_mean     | 921      |
|    ep_rew_mean     | 3.79e+03 |
| time/              |          |
|    episodes        | 1668     |
|    fps             | 234      |
|    time_elapsed    | 2645     |
|    total_timesteps | 620244   |
| train/             |          |
|    actor_loss      | -330     |
|    critic_loss     | 15.6     |
|    ent_coef        | 0.0628   |
|    ent_coef_loss   | 0.193    |
|    learning_rate   | 0.0003   |
|    n_updates       | 610243   |
---------------------------------
---------------------------------
| rollout/           |          |
|    ep_len_mean     | 898      |
|    ep_rew_mean     | 3.69e+03 |
| time/              |          |
|    episodes        | 1672     |
|    fps             | 234      |
|    time_elapsed    | 2650     |
|    total_timesteps | 621515   |
| train/             |          |
|    actor_loss      | -328     |
|    critic_loss     | 13.3     |
|    ent_coef        | 0.0631   |
|    ent_coef_loss   | -0.498   |
|    learning_rate   | 0.0003   |
|    n_updates       | 611514   |
---------------------------------
---------------------------------
| rollout/           |          |
|    ep_len_mean     | 897      |
|    ep_rew_mean     | 3.69e+03 |
| time/              |          |
|    episodes        | 1676     |
|    fps             | 234      |
|    time_elapsed    | 2662     |
|    total_timesteps | 624614   |
| train/             |          |
|    actor_loss      | -320     |
|    critic_loss     | 21.9     |
|    ent_coef        | 0.0611   |
|    ent_coef_loss   | -0.117   |
|    learning_rate   | 0.0003   |
|    n_updates       | 614613   |
---------------------------------
---------------------------------
| rollout/           |          |
|    ep_len_mean     | 888      |
|    ep_rew_mean     | 3.65e+03 |
| time/              |          |
|    episodes        | 1680     |
|    fps             | 234      |
|    time_elapsed    | 2675     |
|    total_timesteps | 627693   |
| train/             |          |
|    actor_loss      | -328     |
|    critic_loss     | 18.4     |
|    ent_coef        | 0.0621   |
|    ent_coef_loss   | -0.632   |
|    learning_rate   | 0.0003   |
|    n_updates       | 617692   |
---------------------------------
Eval num_timesteps=630000, episode_reward=4288.50 +/- 15.49
Episode length: 1000.00 +/- 0.00
---------------------------------
| eval/              |          |
|    mean_ep_length  | 1e+03    |
|    mean_reward     | 4.29e+03 |
| time/              |          |
|    total_timesteps | 630000   |
| train/             |          |
|    actor_loss      | -327     |
|    critic_loss     | 13.3     |
|    ent_coef        | 0.0619   |
|    ent_coef_loss   | -0.225   |
|    learning_rate   | 0.0003   |
|    n_updates       | 619999   |
---------------------------------
New best mean reward!
---------------------------------
| rollout/           |          |
|    ep_len_mean     | 888      |
|    ep_rew_mean     | 3.65e+03 |
| time/              |          |
|    episodes        | 1684     |
|    fps             | 234      |
|    time_elapsed    | 2694     |
|    total_timesteps | 631693   |
| train/             |          |
|    actor_loss      | -331     |
|    critic_loss     | 17.4     |
|    ent_coef        | 0.061    |
|    ent_coef_loss   | 0.0812   |
|    learning_rate   | 0.0003   |
|    n_updates       | 621692   |
---------------------------------
---------------------------------
| rollout/           |          |
|    ep_len_mean     | 897      |
|    ep_rew_mean     | 3.7e+03  |
| time/              |          |
|    episodes        | 1688     |
|    fps             | 234      |
|    time_elapsed    | 2710     |
|    total_timesteps | 635693   |
| train/             |          |
|    actor_loss      | -330     |
|    critic_loss     | 16.9     |
|    ent_coef        | 0.0596   |
|    ent_coef_loss   | -0.838   |
|    learning_rate   | 0.0003   |
|    n_updates       | 625692   |
---------------------------------
---------------------------------
| rollout/           |          |
|    ep_len_mean     | 897      |
|    ep_rew_mean     | 3.71e+03 |
| time/              |          |
|    episodes        | 1692     |
|    fps             | 234      |
|    time_elapsed    | 2727     |
|    total_timesteps | 639693   |
| train/             |          |
|    actor_loss      | -336     |
|    critic_loss     | 10       |
|    ent_coef        | 0.061    |
|    ent_coef_loss   | -0.0984  |
|    learning_rate   | 0.0003   |
|    n_updates       | 629692   |
---------------------------------
Eval num_timesteps=640000, episode_reward=4283.89 +/- 34.29
Episode length: 1000.00 +/- 0.00
---------------------------------
| eval/              |          |
|    mean_ep_length  | 1e+03    |
|    mean_reward     | 4.28e+03 |
| time/              |          |
|    total_timesteps | 640000   |
| train/             |          |
|    actor_loss      | -327     |
|    critic_loss     | 13.7     |
|    ent_coef        | 0.06     |
|    ent_coef_loss   | 0.344    |
|    learning_rate   | 0.0003   |
|    n_updates       | 629999   |
---------------------------------
---------------------------------
| rollout/           |          |
|    ep_len_mean     | 906      |
|    ep_rew_mean     | 3.77e+03 |
| time/              |          |
|    episodes        | 1696     |
|    fps             | 234      |
|    time_elapsed    | 2746     |
|    total_timesteps | 643693   |
| train/             |          |
|    actor_loss      | -336     |
|    critic_loss     | 18.9     |
|    ent_coef        | 0.0605   |
|    ent_coef_loss   | 0.366    |
|    learning_rate   | 0.0003   |
|    n_updates       | 633692   |
---------------------------------
---------------------------------
| rollout/           |          |
|    ep_len_mean     | 906      |
|    ep_rew_mean     | 3.78e+03 |
| time/              |          |
|    episodes        | 1700     |
|    fps             | 234      |
|    time_elapsed    | 2762     |
|    total_timesteps | 647693   |
| train/             |          |
|    actor_loss      | -330     |
|    critic_loss     | 32.3     |
|    ent_coef        | 0.0603   |
|    ent_coef_loss   | 0.6      |
|    learning_rate   | 0.0003   |
|    n_updates       | 637692   |
---------------------------------
Eval num_timesteps=650000, episode_reward=4364.14 +/- 68.31
Episode length: 1000.00 +/- 0.00
---------------------------------
| eval/              |          |
|    mean_ep_length  | 1e+03    |
|    mean_reward     | 4.36e+03 |
| time/              |          |
|    total_timesteps | 650000   |
| train/             |          |
|    actor_loss      | -331     |
|    critic_loss     | 15.8     |
|    ent_coef        | 0.0598   |
|    ent_coef_loss   | 0.494    |
|    learning_rate   | 0.0003   |
|    n_updates       | 639999   |
---------------------------------
New best mean reward!
---------------------------------
| rollout/           |          |
|    ep_len_mean     | 903      |
|    ep_rew_mean     | 3.77e+03 |
| time/              |          |
|    episodes        | 1704     |
|    fps             | 234      |
|    time_elapsed    | 2779     |
|    total_timesteps | 651359   |
| train/             |          |
|    actor_loss      | -327     |
|    critic_loss     | 18.9     |
|    ent_coef        | 0.0601   |
|    ent_coef_loss   | -0.0429  |
|    learning_rate   | 0.0003   |
|    n_updates       | 641358   |
---------------------------------
---------------------------------
| rollout/           |          |
|    ep_len_mean     | 903      |
|    ep_rew_mean     | 3.78e+03 |
| time/              |          |
|    episodes        | 1708     |
|    fps             | 234      |
|    time_elapsed    | 2795     |
|    total_timesteps | 655359   |
| train/             |          |
|    actor_loss      | -330     |
|    critic_loss     | 14.4     |
|    ent_coef        | 0.0602   |
|    ent_coef_loss   | -1.01    |
|    learning_rate   | 0.0003   |
|    n_updates       | 645358   |
---------------------------------
---------------------------------
| rollout/           |          |
|    ep_len_mean     | 903      |
|    ep_rew_mean     | 3.8e+03  |
| time/              |          |
|    episodes        | 1712     |
|    fps             | 234      |
|    time_elapsed    | 2813     |
|    total_timesteps | 659359   |
| train/             |          |
|    actor_loss      | -330     |
|    critic_loss     | 18.7     |
|    ent_coef        | 0.059    |
|    ent_coef_loss   | -0.331   |
|    learning_rate   | 0.0003   |
|    n_updates       | 649358   |
---------------------------------
Eval num_timesteps=660000, episode_reward=4373.84 +/- 36.80
Episode length: 1000.00 +/- 0.00
---------------------------------
| eval/              |          |
|    mean_ep_length  | 1e+03    |
|    mean_reward     | 4.37e+03 |
| time/              |          |
|    total_timesteps | 660000   |
| train/             |          |
|    actor_loss      | -332     |
|    critic_loss     | 17.1     |
|    ent_coef        | 0.0579   |
|    ent_coef_loss   | 0.166    |
|    learning_rate   | 0.0003   |
|    n_updates       | 649999   |
---------------------------------
New best mean reward!
---------------------------------
| rollout/           |          |
|    ep_len_mean     | 911      |
|    ep_rew_mean     | 3.84e+03 |
| time/              |          |
|    episodes        | 1716     |
|    fps             | 234      |
|    time_elapsed    | 2832     |
|    total_timesteps | 663359   |
| train/             |          |
|    actor_loss      | -337     |
|    critic_loss     | 14.7     |
|    ent_coef        | 0.0597   |
|    ent_coef_loss   | -0.153   |
|    learning_rate   | 0.0003   |
|    n_updates       | 653358   |
---------------------------------
---------------------------------
| rollout/           |          |
|    ep_len_mean     | 911      |
|    ep_rew_mean     | 3.85e+03 |
| time/              |          |
|    episodes        | 1720     |
|    fps             | 234      |
|    time_elapsed    | 2849     |
|    total_timesteps | 667359   |
| train/             |          |
|    actor_loss      | -337     |
|    critic_loss     | 13.2     |
|    ent_coef        | 0.0603   |
|    ent_coef_loss   | 0.324    |
|    learning_rate   | 0.0003   |
|    n_updates       | 657358   |
---------------------------------
Eval num_timesteps=670000, episode_reward=4514.10 +/- 32.67
Episode length: 1000.00 +/- 0.00
---------------------------------
| eval/              |          |
|    mean_ep_length  | 1e+03    |
|    mean_reward     | 4.51e+03 |
| time/              |          |
|    total_timesteps | 670000   |
| train/             |          |
|    actor_loss      | -334     |
|    critic_loss     | 11.9     |
|    ent_coef        | 0.0582   |
|    ent_coef_loss   | -0.789   |
|    learning_rate   | 0.0003   |
|    n_updates       | 659999   |
---------------------------------
New best mean reward!
---------------------------------
| rollout/           |          |
|    ep_len_mean     | 911      |
|    ep_rew_mean     | 3.86e+03 |
| time/              |          |
|    episodes        | 1724     |
|    fps             | 234      |
|    time_elapsed    | 2868     |
|    total_timesteps | 671359   |
| train/             |          |
|    actor_loss      | -335     |
|    critic_loss     | 9.87     |
|    ent_coef        | 0.057    |
|    ent_coef_loss   | -1.1     |
|    learning_rate   | 0.0003   |
|    n_updates       | 661358   |
---------------------------------
---------------------------------
| rollout/           |          |
|    ep_len_mean     | 920      |
|    ep_rew_mean     | 3.91e+03 |
| time/              |          |
|    episodes        | 1728     |
|    fps             | 234      |
|    time_elapsed    | 2885     |
|    total_timesteps | 675359   |
| train/             |          |
|    actor_loss      | -335     |
|    critic_loss     | 13.9     |
|    ent_coef        | 0.057    |
|    ent_coef_loss   | 0.684    |
|    learning_rate   | 0.0003   |
|    n_updates       | 665358   |
---------------------------------
---------------------------------
| rollout/           |          |
|    ep_len_mean     | 920      |
|    ep_rew_mean     | 3.92e+03 |
| time/              |          |
|    episodes        | 1732     |
|    fps             | 234      |
|    time_elapsed    | 2902     |
|    total_timesteps | 679359   |
| train/             |          |
|    actor_loss      | -338     |
|    critic_loss     | 16.7     |
|    ent_coef        | 0.0601   |
|    ent_coef_loss   | -0.244   |
|    learning_rate   | 0.0003   |
|    n_updates       | 669358   |
---------------------------------
Eval num_timesteps=680000, episode_reward=4482.41 +/- 76.04
Episode length: 1000.00 +/- 0.00
---------------------------------
| eval/              |          |
|    mean_ep_length  | 1e+03    |
|    mean_reward     | 4.48e+03 |
| time/              |          |
|    total_timesteps | 680000   |
| train/             |          |
|    actor_loss      | -328     |
|    critic_loss     | 16.9     |
|    ent_coef        | 0.0592   |
|    ent_coef_loss   | -0.226   |
|    learning_rate   | 0.0003   |
|    n_updates       | 669999   |
---------------------------------
---------------------------------
| rollout/           |          |
|    ep_len_mean     | 929      |
|    ep_rew_mean     | 3.98e+03 |
| time/              |          |
|    episodes        | 1736     |
|    fps             | 233      |
|    time_elapsed    | 2921     |
|    total_timesteps | 683359   |
| train/             |          |
|    actor_loss      | -341     |
|    critic_loss     | 13.1     |
|    ent_coef        | 0.0578   |
|    ent_coef_loss   | -0.461   |
|    learning_rate   | 0.0003   |
|    n_updates       | 673358   |
---------------------------------
---------------------------------
| rollout/           |          |
|    ep_len_mean     | 926      |
|    ep_rew_mean     | 3.97e+03 |
| time/              |          |
|    episodes        | 1740     |
|    fps             | 233      |
|    time_elapsed    | 2937     |
|    total_timesteps | 687005   |
| train/             |          |
|    actor_loss      | -327     |
|    critic_loss     | 25.2     |
|    ent_coef        | 0.0573   |
|    ent_coef_loss   | 0.161    |
|    learning_rate   | 0.0003   |
|    n_updates       | 677004   |
---------------------------------
Eval num_timesteps=690000, episode_reward=4298.26 +/- 822.87
Episode length: 940.40 +/- 166.83
---------------------------------
| eval/              |          |
|    mean_ep_length  | 940      |
|    mean_reward     | 4.3e+03  |
| time/              |          |
|    total_timesteps | 690000   |
| train/             |          |
|    actor_loss      | -331     |
|    critic_loss     | 24.8     |
|    ent_coef        | 0.0568   |
|    ent_coef_loss   | -0.117   |
|    learning_rate   | 0.0003   |
|    n_updates       | 679999   |
---------------------------------
---------------------------------
| rollout/           |          |
|    ep_len_mean     | 934      |
|    ep_rew_mean     | 4.02e+03 |
| time/              |          |
|    episodes        | 1744     |
|    fps             | 233      |
|    time_elapsed    | 2956     |
|    total_timesteps | 691005   |
| train/             |          |
|    actor_loss      | -336     |
|    critic_loss     | 16.1     |
|    ent_coef        | 0.0586   |
|    ent_coef_loss   | 0.198    |
|    learning_rate   | 0.0003   |
|    n_updates       | 681004   |
---------------------------------
---------------------------------
| rollout/           |          |
|    ep_len_mean     | 939      |
|    ep_rew_mean     | 4.05e+03 |
| time/              |          |
|    episodes        | 1748     |
|    fps             | 233      |
|    time_elapsed    | 2973     |
|    total_timesteps | 695005   |
| train/             |          |
|    actor_loss      | -332     |
|    critic_loss     | 14.5     |
|    ent_coef        | 0.0551   |
|    ent_coef_loss   | 1.06     |
|    learning_rate   | 0.0003   |
|    n_updates       | 685004   |
---------------------------------
---------------------------------
| rollout/           |          |
|    ep_len_mean     | 930      |
|    ep_rew_mean     | 4.01e+03 |
| time/              |          |
|    episodes        | 1752     |
|    fps             | 233      |
|    time_elapsed    | 2983     |
|    total_timesteps | 697213   |
| train/             |          |
|    actor_loss      | -343     |
|    critic_loss     | 11.2     |
|    ent_coef        | 0.0565   |
|    ent_coef_loss   | -0.154   |
|    learning_rate   | 0.0003   |
|    n_updates       | 687212   |
---------------------------------
Eval num_timesteps=700000, episode_reward=3245.31 +/- 1947.39
Episode length: 734.60 +/- 405.56
---------------------------------
| eval/              |          |
|    mean_ep_length  | 735      |
|    mean_reward     | 3.25e+03 |
| time/              |          |
|    total_timesteps | 700000   |
| train/             |          |
|    actor_loss      | -339     |
|    critic_loss     | 21.8     |
|    ent_coef        | 0.0564   |
|    ent_coef_loss   | 1.5      |
|    learning_rate   | 0.0003   |
|    n_updates       | 689999   |
---------------------------------
---------------------------------
| rollout/           |          |
|    ep_len_mean     | 921      |
|    ep_rew_mean     | 3.98e+03 |
| time/              |          |
|    episodes        | 1756     |
|    fps             | 233      |
|    time_elapsed    | 2997     |
|    total_timesteps | 700329   |
| train/             |          |
|    actor_loss      | -336     |
|    critic_loss     | 13.1     |
|    ent_coef        | 0.0575   |
|    ent_coef_loss   | -0.256   |
|    learning_rate   | 0.0003   |
|    n_updates       | 690328   |
---------------------------------
---------------------------------
| rollout/           |          |
|    ep_len_mean     | 913      |
|    ep_rew_mean     | 3.95e+03 |
| time/              |          |
|    episodes        | 1760     |
|    fps             | 233      |
|    time_elapsed    | 3010     |
|    total_timesteps | 703522   |
| train/             |          |
|    actor_loss      | -352     |
|    critic_loss     | 16.5     |
|    ent_coef        | 0.0564   |
|    ent_coef_loss   | 0.231    |
|    learning_rate   | 0.0003   |
|    n_updates       | 693521   |
---------------------------------
---------------------------------
| rollout/           |          |
|    ep_len_mean     | 896      |
|    ep_rew_mean     | 3.88e+03 |
| time/              |          |
|    episodes        | 1764     |
|    fps             | 233      |
|    time_elapsed    | 3020     |
|    total_timesteps | 705805   |
| train/             |          |
|    actor_loss      | -340     |
|    critic_loss     | 22.5     |
|    ent_coef        | 0.059    |
|    ent_coef_loss   | 0.82     |
|    learning_rate   | 0.0003   |
|    n_updates       | 695804   |
---------------------------------
---------------------------------
| rollout/           |          |
|    ep_len_mean     | 880      |
|    ep_rew_mean     | 3.82e+03 |
| time/              |          |
|    episodes        | 1768     |
|    fps             | 233      |
|    time_elapsed    | 3030     |
|    total_timesteps | 708215   |
| train/             |          |
|    actor_loss      | -337     |
|    critic_loss     | 15       |
|    ent_coef        | 0.0593   |
|    ent_coef_loss   | 0.0612   |
|    learning_rate   | 0.0003   |
|    n_updates       | 698214   |
---------------------------------
Eval num_timesteps=710000, episode_reward=1025.86 +/- 1714.33
Episode length: 280.90 +/- 361.82
---------------------------------
| eval/              |          |
|    mean_ep_length  | 281      |
|    mean_reward     | 1.03e+03 |
| time/              |          |
|    total_timesteps | 710000   |
| train/             |          |
|    actor_loss      | -340     |
|    critic_loss     | 15.3     |
|    ent_coef        | 0.0586   |
|    ent_coef_loss   | -1.24    |
|    learning_rate   | 0.0003   |
|    n_updates       | 699999   |
---------------------------------
---------------------------------
| rollout/           |          |
|    ep_len_mean     | 886      |
|    ep_rew_mean     | 3.86e+03 |
| time/              |          |
|    episodes        | 1772     |
|    fps             | 233      |
|    time_elapsed    | 3039     |
|    total_timesteps | 710156   |
| train/             |          |
|    actor_loss      | -340     |
|    critic_loss     | 16.8     |
|    ent_coef        | 0.0583   |
|    ent_coef_loss   | -0.0658  |
|    learning_rate   | 0.0003   |
|    n_updates       | 700155   |
---------------------------------
---------------------------------
| rollout/           |          |
|    ep_len_mean     | 886      |
|    ep_rew_mean     | 3.87e+03 |
| time/              |          |
|    episodes        | 1776     |
|    fps             | 233      |
|    time_elapsed    | 3052     |
|    total_timesteps | 713264   |
| train/             |          |
|    actor_loss      | -325     |
|    critic_loss     | 24       |
|    ent_coef        | 0.0604   |
|    ent_coef_loss   | 0.569    |
|    learning_rate   | 0.0003   |
|    n_updates       | 703263   |
---------------------------------
---------------------------------
| rollout/           |          |
|    ep_len_mean     | 887      |
|    ep_rew_mean     | 3.88e+03 |
| time/              |          |
|    episodes        | 1780     |
|    fps             | 233      |
|    time_elapsed    | 3066     |
|    total_timesteps | 716379   |
| train/             |          |
|    actor_loss      | -343     |
|    critic_loss     | 19.5     |
|    ent_coef        | 0.06     |
|    ent_coef_loss   | 0.45     |
|    learning_rate   | 0.0003   |
|    n_updates       | 706378   |
---------------------------------
Eval num_timesteps=720000, episode_reward=4527.75 +/- 37.19
Episode length: 1000.00 +/- 0.00
---------------------------------
| eval/              |          |
|    mean_ep_length  | 1e+03    |
|    mean_reward     | 4.53e+03 |
| time/              |          |
|    total_timesteps | 720000   |
| train/             |          |
|    actor_loss      | -347     |
|    critic_loss     | 11.9     |
|    ent_coef        | 0.0599   |
|    ent_coef_loss   | -0.901   |
|    learning_rate   | 0.0003   |
|    n_updates       | 709999   |
---------------------------------
New best mean reward!
---------------------------------
| rollout/           |          |
|    ep_len_mean     | 887      |
|    ep_rew_mean     | 3.88e+03 |
| time/              |          |
|    episodes        | 1784     |
|    fps             | 233      |
|    time_elapsed    | 3084     |
|    total_timesteps | 720379   |
| train/             |          |
|    actor_loss      | -344     |
|    critic_loss     | 13.4     |
|    ent_coef        | 0.0602   |
|    ent_coef_loss   | -0.718   |
|    learning_rate   | 0.0003   |
|    n_updates       | 710378   |
---------------------------------
---------------------------------
| rollout/           |          |
|    ep_len_mean     | 878      |
|    ep_rew_mean     | 3.85e+03 |
| time/              |          |
|    episodes        | 1788     |
|    fps             | 233      |
|    time_elapsed    | 3098     |
|    total_timesteps | 723510   |
| train/             |          |
|    actor_loss      | -327     |
|    critic_loss     | 11.8     |
|    ent_coef        | 0.0605   |
|    ent_coef_loss   | 1.15     |
|    learning_rate   | 0.0003   |
|    n_updates       | 713509   |
---------------------------------
---------------------------------
| rollout/           |          |
|    ep_len_mean     | 878      |
|    ep_rew_mean     | 3.85e+03 |
| time/              |          |
|    episodes        | 1792     |
|    fps             | 233      |
|    time_elapsed    | 3115     |
|    total_timesteps | 727510   |
| train/             |          |
|    actor_loss      | -338     |
|    critic_loss     | 15       |
|    ent_coef        | 0.0593   |
|    ent_coef_loss   | 0.244    |
|    learning_rate   | 0.0003   |
|    n_updates       | 717509   |
---------------------------------
Eval num_timesteps=730000, episode_reward=4305.04 +/- 66.92
Episode length: 1000.00 +/- 0.00
---------------------------------
| eval/              |          |
|    mean_ep_length  | 1e+03    |
|    mean_reward     | 4.31e+03 |
| time/              |          |
|    total_timesteps | 730000   |
| train/             |          |
|    actor_loss      | -342     |
|    critic_loss     | 21.3     |
|    ent_coef        | 0.0584   |
|    ent_coef_loss   | -0.201   |
|    learning_rate   | 0.0003   |
|    n_updates       | 719999   |
---------------------------------
---------------------------------
| rollout/           |          |
|    ep_len_mean     | 878      |
|    ep_rew_mean     | 3.85e+03 |
| time/              |          |
|    episodes        | 1796     |
|    fps             | 233      |
|    time_elapsed    | 3134     |
|    total_timesteps | 731510   |
| train/             |          |
|    actor_loss      | -337     |
|    critic_loss     | 16.3     |
|    ent_coef        | 0.0568   |
|    ent_coef_loss   | -0.24    |
|    learning_rate   | 0.0003   |
|    n_updates       | 721509   |
---------------------------------
---------------------------------
| rollout/           |          |
|    ep_len_mean     | 878      |
|    ep_rew_mean     | 3.84e+03 |
| time/              |          |
|    episodes        | 1800     |
|    fps             | 233      |
|    time_elapsed    | 3151     |
|    total_timesteps | 735510   |
| train/             |          |
|    actor_loss      | -345     |
|    critic_loss     | 28.5     |
|    ent_coef        | 0.0575   |
|    ent_coef_loss   | 1.44     |
|    learning_rate   | 0.0003   |
|    n_updates       | 725509   |
---------------------------------
---------------------------------
| rollout/           |          |
|    ep_len_mean     | 882      |
|    ep_rew_mean     | 3.86e+03 |
| time/              |          |
|    episodes        | 1804     |
|    fps             | 233      |
|    time_elapsed    | 3167     |
|    total_timesteps | 739510   |
| train/             |          |
|    actor_loss      | -348     |
|    critic_loss     | 10.6     |
|    ent_coef        | 0.0601   |
|    ent_coef_loss   | -0.634   |
|    learning_rate   | 0.0003   |
|    n_updates       | 729509   |
---------------------------------
Eval num_timesteps=740000, episode_reward=4626.03 +/- 39.65
Episode length: 1000.00 +/- 0.00
---------------------------------
| eval/              |          |
|    mean_ep_length  | 1e+03    |
|    mean_reward     | 4.63e+03 |
| time/              |          |
|    total_timesteps | 740000   |
| train/             |          |
|    actor_loss      | -345     |
|    critic_loss     | 15.3     |
|    ent_coef        | 0.0611   |
|    ent_coef_loss   | 0.199    |
|    learning_rate   | 0.0003   |
|    n_updates       | 729999   |
---------------------------------
New best mean reward!
---------------------------------
| rollout/           |          |
|    ep_len_mean     | 872      |
|    ep_rew_mean     | 3.82e+03 |
| time/              |          |
|    episodes        | 1808     |
|    fps             | 233      |
|    time_elapsed    | 3182     |
|    total_timesteps | 742573   |
| train/             |          |
|    actor_loss      | -354     |
|    critic_loss     | 16.1     |
|    ent_coef        | 0.0577   |
|    ent_coef_loss   | 1.96     |
|    learning_rate   | 0.0003   |
|    n_updates       | 732572   |
---------------------------------
---------------------------------
| rollout/           |          |
|    ep_len_mean     | 872      |
|    ep_rew_mean     | 3.82e+03 |
| time/              |          |
|    episodes        | 1812     |
|    fps             | 233      |
|    time_elapsed    | 3198     |
|    total_timesteps | 746573   |
| train/             |          |
|    actor_loss      | -350     |
|    critic_loss     | 18       |
|    ent_coef        | 0.0614   |
|    ent_coef_loss   | -0.49    |
|    learning_rate   | 0.0003   |
|    n_updates       | 736572   |
---------------------------------
---------------------------------
| rollout/           |          |
|    ep_len_mean     | 853      |
|    ep_rew_mean     | 3.73e+03 |
| time/              |          |
|    episodes        | 1816     |
|    fps             | 233      |
|    time_elapsed    | 3207     |
|    total_timesteps | 748696   |
| train/             |          |
|    actor_loss      | -346     |
|    critic_loss     | 10.9     |
|    ent_coef        | 0.0575   |
|    ent_coef_loss   | -0.219   |
|    learning_rate   | 0.0003   |
|    n_updates       | 738695   |
---------------------------------
Eval num_timesteps=750000, episode_reward=4489.32 +/- 98.49
Episode length: 1000.00 +/- 0.00
---------------------------------
| eval/              |          |
|    mean_ep_length  | 1e+03    |
|    mean_reward     | 4.49e+03 |
| time/              |          |
|    total_timesteps | 750000   |
| train/             |          |
|    actor_loss      | -348     |
|    critic_loss     | 15.6     |
|    ent_coef        | 0.0584   |
|    ent_coef_loss   | 0.475    |
|    learning_rate   | 0.0003   |
|    n_updates       | 739999   |
---------------------------------
---------------------------------
| rollout/           |          |
|    ep_len_mean     | 845      |
|    ep_rew_mean     | 3.69e+03 |
| time/              |          |
|    episodes        | 1820     |
|    fps             | 233      |
|    time_elapsed    | 3223     |
|    total_timesteps | 751877   |
| train/             |          |
|    actor_loss      | -341     |
|    critic_loss     | 11.9     |
|    ent_coef        | 0.0578   |
|    ent_coef_loss   | -0.61    |
|    learning_rate   | 0.0003   |
|    n_updates       | 741876   |
---------------------------------
---------------------------------
| rollout/           |          |
|    ep_len_mean     | 845      |
|    ep_rew_mean     | 3.7e+03  |
| time/              |          |
|    episodes        | 1824     |
|    fps             | 233      |
|    time_elapsed    | 3240     |
|    total_timesteps | 755877   |
| train/             |          |
|    actor_loss      | -346     |
|    critic_loss     | 9.46     |
|    ent_coef        | 0.057    |
|    ent_coef_loss   | -0.0182  |
|    learning_rate   | 0.0003   |
|    n_updates       | 745876   |
---------------------------------
---------------------------------
| rollout/           |          |
|    ep_len_mean     | 845      |
|    ep_rew_mean     | 3.7e+03  |
| time/              |          |
|    episodes        | 1828     |
|    fps             | 233      |
|    time_elapsed    | 3256     |
|    total_timesteps | 759877   |
| train/             |          |
|    actor_loss      | -356     |
|    critic_loss     | 14.9     |
|    ent_coef        | 0.0577   |
|    ent_coef_loss   | -0.121   |
|    learning_rate   | 0.0003   |
|    n_updates       | 749876   |
---------------------------------
Eval num_timesteps=760000, episode_reward=4516.69 +/- 24.45
Episode length: 1000.00 +/- 0.00
---------------------------------
| eval/              |          |
|    mean_ep_length  | 1e+03    |
|    mean_reward     | 4.52e+03 |
| time/              |          |
|    total_timesteps | 760000   |
| train/             |          |
|    actor_loss      | -347     |
|    critic_loss     | 12.9     |
|    ent_coef        | 0.0571   |
|    ent_coef_loss   | 0.107    |
|    learning_rate   | 0.0003   |
|    n_updates       | 749999   |
---------------------------------
---------------------------------
| rollout/           |          |
|    ep_len_mean     | 845      |
|    ep_rew_mean     | 3.71e+03 |
| time/              |          |
|    episodes        | 1832     |
|    fps             | 233      |
|    time_elapsed    | 3275     |
|    total_timesteps | 763877   |
| train/             |          |
|    actor_loss      | -347     |
|    critic_loss     | 13.4     |
|    ent_coef        | 0.0579   |
|    ent_coef_loss   | 0.0258   |
|    learning_rate   | 0.0003   |
|    n_updates       | 753876   |
---------------------------------
---------------------------------
| rollout/           |          |
|    ep_len_mean     | 845      |
|    ep_rew_mean     | 3.72e+03 |
| time/              |          |
|    episodes        | 1836     |
|    fps             | 233      |
|    time_elapsed    | 3292     |
|    total_timesteps | 767877   |
| train/             |          |
|    actor_loss      | -352     |
|    critic_loss     | 17.8     |
|    ent_coef        | 0.0596   |
|    ent_coef_loss   | -1.38    |
|    learning_rate   | 0.0003   |
|    n_updates       | 757876   |
---------------------------------
Eval num_timesteps=770000, episode_reward=4688.65 +/- 43.46
Episode length: 1000.00 +/- 0.00
---------------------------------
| eval/              |          |
|    mean_ep_length  | 1e+03    |
|    mean_reward     | 4.69e+03 |
| time/              |          |
|    total_timesteps | 770000   |
| train/             |          |
|    actor_loss      | -344     |
|    critic_loss     | 16       |
|    ent_coef        | 0.0584   |
|    ent_coef_loss   | 0.0189   |
|    learning_rate   | 0.0003   |
|    n_updates       | 759999   |
---------------------------------
New best mean reward!
---------------------------------
| rollout/           |          |
|    ep_len_mean     | 845      |
|    ep_rew_mean     | 3.72e+03 |
| time/              |          |
|    episodes        | 1840     |
|    fps             | 233      |
|    time_elapsed    | 3309     |
|    total_timesteps | 771464   |
| train/             |          |
|    actor_loss      | -343     |
|    critic_loss     | 21.2     |
|    ent_coef        | 0.057    |
|    ent_coef_loss   | 0.721    |
|    learning_rate   | 0.0003   |
|    n_updates       | 761463   |
---------------------------------
---------------------------------
| rollout/           |          |
|    ep_len_mean     | 845      |
|    ep_rew_mean     | 3.72e+03 |
| time/              |          |
|    episodes        | 1844     |
|    fps             | 233      |
|    time_elapsed    | 3326     |
|    total_timesteps | 775464   |
| train/             |          |
|    actor_loss      | -350     |
|    critic_loss     | 12.2     |
|    ent_coef        | 0.0574   |
|    ent_coef_loss   | -0.834   |
|    learning_rate   | 0.0003   |
|    n_updates       | 765463   |
---------------------------------
---------------------------------
| rollout/           |          |
|    ep_len_mean     | 845      |
|    ep_rew_mean     | 3.73e+03 |
| time/              |          |
|    episodes        | 1848     |
|    fps             | 233      |
|    time_elapsed    | 3342     |
|    total_timesteps | 779464   |
| train/             |          |
|    actor_loss      | -356     |
|    critic_loss     | 21.3     |
|    ent_coef        | 0.0559   |
|    ent_coef_loss   | 0.235    |
|    learning_rate   | 0.0003   |
|    n_updates       | 769463   |
---------------------------------
Eval num_timesteps=780000, episode_reward=4563.01 +/- 20.29
Episode length: 1000.00 +/- 0.00
---------------------------------
| eval/              |          |
|    mean_ep_length  | 1e+03    |
|    mean_reward     | 4.56e+03 |
| time/              |          |
|    total_timesteps | 780000   |
| train/             |          |
|    actor_loss      | -357     |
|    critic_loss     | 11.7     |
|    ent_coef        | 0.0557   |
|    ent_coef_loss   | 0.15     |
|    learning_rate   | 0.0003   |
|    n_updates       | 769999   |
---------------------------------
---------------------------------
| rollout/           |          |
|    ep_len_mean     | 863      |
|    ep_rew_mean     | 3.82e+03 |
| time/              |          |
|    episodes        | 1852     |
|    fps             | 233      |
|    time_elapsed    | 3360     |
|    total_timesteps | 783464   |
| train/             |          |
|    actor_loss      | -362     |
|    critic_loss     | 15.6     |
|    ent_coef        | 0.0568   |
|    ent_coef_loss   | 0.391    |
|    learning_rate   | 0.0003   |
|    n_updates       | 773463   |
---------------------------------
---------------------------------
| rollout/           |          |
|    ep_len_mean     | 871      |
|    ep_rew_mean     | 3.87e+03 |
| time/              |          |
|    episodes        | 1856     |
|    fps             | 233      |
|    time_elapsed    | 3375     |
|    total_timesteps | 787464   |
| train/             |          |
|    actor_loss      | -351     |
|    critic_loss     | 11.9     |
|    ent_coef        | 0.0575   |
|    ent_coef_loss   | -1.05    |
|    learning_rate   | 0.0003   |
|    n_updates       | 777463   |
---------------------------------
Eval num_timesteps=790000, episode_reward=4650.94 +/- 47.57
Episode length: 1000.00 +/- 0.00
---------------------------------
| eval/              |          |
|    mean_ep_length  | 1e+03    |
|    mean_reward     | 4.65e+03 |
| time/              |          |
|    total_timesteps | 790000   |
| train/             |          |
|    actor_loss      | -356     |
|    critic_loss     | 18.5     |
|    ent_coef        | 0.0562   |
|    ent_coef_loss   | -0.712   |
|    learning_rate   | 0.0003   |
|    n_updates       | 779999   |
---------------------------------
---------------------------------
| rollout/           |          |
|    ep_len_mean     | 879      |
|    ep_rew_mean     | 3.91e+03 |
| time/              |          |
|    episodes        | 1860     |
|    fps             | 233      |
|    time_elapsed    | 3392     |
|    total_timesteps | 791464   |
| train/             |          |
|    actor_loss      | -355     |
|    critic_loss     | 19.9     |
|    ent_coef        | 0.0555   |
|    ent_coef_loss   | 1.25     |
|    learning_rate   | 0.0003   |
|    n_updates       | 781463   |
---------------------------------
---------------------------------
| rollout/           |          |
|    ep_len_mean     | 897      |
|    ep_rew_mean     | 4e+03    |
| time/              |          |
|    episodes        | 1864     |
|    fps             | 233      |
|    time_elapsed    | 3408     |
|    total_timesteps | 795464   |
| train/             |          |
|    actor_loss      | -361     |
|    critic_loss     | 12.6     |
|    ent_coef        | 0.0566   |
|    ent_coef_loss   | -0.0878  |
|    learning_rate   | 0.0003   |
|    n_updates       | 785463   |
---------------------------------
---------------------------------
| rollout/           |          |
|    ep_len_mean     | 912      |
|    ep_rew_mean     | 4.08e+03 |
| time/              |          |
|    episodes        | 1868     |
|    fps             | 233      |
|    time_elapsed    | 3423     |
|    total_timesteps | 799464   |
| train/             |          |
|    actor_loss      | -354     |
|    critic_loss     | 13.1     |
|    ent_coef        | 0.0558   |
|    ent_coef_loss   | 0.701    |
|    learning_rate   | 0.0003   |
|    n_updates       | 789463   |
---------------------------------
Eval num_timesteps=800000, episode_reward=4440.56 +/- 81.23
Episode length: 1000.00 +/- 0.00
---------------------------------
| eval/              |          |
|    mean_ep_length  | 1e+03    |
|    mean_reward     | 4.44e+03 |
| time/              |          |
|    total_timesteps | 800000   |
| train/             |          |
|    actor_loss      | -356     |
|    critic_loss     | 12.6     |
|    ent_coef        | 0.0559   |
|    ent_coef_loss   | -0.174   |
|    learning_rate   | 0.0003   |
|    n_updates       | 789999   |
---------------------------------
---------------------------------
| rollout/           |          |
|    ep_len_mean     | 933      |
|    ep_rew_mean     | 4.18e+03 |
| time/              |          |
|    episodes        | 1872     |
|    fps             | 233      |
|    time_elapsed    | 3440     |
|    total_timesteps | 803464   |
| train/             |          |
|    actor_loss      | -357     |
|    critic_loss     | 9.82     |
|    ent_coef        | 0.0551   |
|    ent_coef_loss   | -0.687   |
|    learning_rate   | 0.0003   |
|    n_updates       | 793463   |
---------------------------------
---------------------------------
| rollout/           |          |
|    ep_len_mean     | 942      |
|    ep_rew_mean     | 4.23e+03 |
| time/              |          |
|    episodes        | 1876     |
|    fps             | 233      |
|    time_elapsed    | 3455     |
|    total_timesteps | 807464   |
| train/             |          |
|    actor_loss      | -342     |
|    critic_loss     | 27.4     |
|    ent_coef        | 0.0561   |
|    ent_coef_loss   | 0.579    |
|    learning_rate   | 0.0003   |
|    n_updates       | 797463   |
---------------------------------
Eval num_timesteps=810000, episode_reward=4574.90 +/- 134.35
Episode length: 1000.00 +/- 0.00
---------------------------------
| eval/              |          |
|    mean_ep_length  | 1e+03    |
|    mean_reward     | 4.57e+03 |
| time/              |          |
|    total_timesteps | 810000   |
| train/             |          |
|    actor_loss      | -351     |
|    critic_loss     | 15.7     |
|    ent_coef        | 0.0558   |
|    ent_coef_loss   | 0.584    |
|    learning_rate   | 0.0003   |
|    n_updates       | 799999   |
---------------------------------
---------------------------------
| rollout/           |          |
|    ep_len_mean     | 951      |
|    ep_rew_mean     | 4.28e+03 |
| time/              |          |
|    episodes        | 1880     |
|    fps             | 233      |
|    time_elapsed    | 3473     |
|    total_timesteps | 811464   |
| train/             |          |
|    actor_loss      | -359     |
|    critic_loss     | 13.9     |
|    ent_coef        | 0.058    |
|    ent_coef_loss   | -0.816   |
|    learning_rate   | 0.0003   |
|    n_updates       | 801463   |
---------------------------------
---------------------------------
| rollout/           |          |
|    ep_len_mean     | 948      |
|    ep_rew_mean     | 4.27e+03 |
| time/              |          |
|    episodes        | 1884     |
|    fps             | 233      |
|    time_elapsed    | 3486     |
|    total_timesteps | 815164   |
| train/             |          |
|    actor_loss      | -352     |
|    critic_loss     | 12.4     |
|    ent_coef        | 0.0569   |
|    ent_coef_loss   | -0.572   |
|    learning_rate   | 0.0003   |
|    n_updates       | 805163   |
---------------------------------
---------------------------------
| rollout/           |          |
|    ep_len_mean     | 951      |
|    ep_rew_mean     | 4.29e+03 |
| time/              |          |
|    episodes        | 1888     |
|    fps             | 233      |
|    time_elapsed    | 3499     |
|    total_timesteps | 818636   |
| train/             |          |
|    actor_loss      | -347     |
|    critic_loss     | 13.9     |
|    ent_coef        | 0.0556   |
|    ent_coef_loss   | -0.0802  |
|    learning_rate   | 0.0003   |
|    n_updates       | 808635   |
---------------------------------
Eval num_timesteps=820000, episode_reward=4609.14 +/- 167.23
Episode length: 1000.00 +/- 0.00
---------------------------------
| eval/              |          |
|    mean_ep_length  | 1e+03    |
|    mean_reward     | 4.61e+03 |
| time/              |          |
|    total_timesteps | 820000   |
| train/             |          |
|    actor_loss      | -360     |
|    critic_loss     | 17.4     |
|    ent_coef        | 0.0563   |
|    ent_coef_loss   | 1.23     |
|    learning_rate   | 0.0003   |
|    n_updates       | 809999   |
---------------------------------
---------------------------------
| rollout/           |          |
|    ep_len_mean     | 941      |
|    ep_rew_mean     | 4.25e+03 |
| time/              |          |
|    episodes        | 1892     |
|    fps             | 233      |
|    time_elapsed    | 3512     |
|    total_timesteps | 821634   |
| train/             |          |
|    actor_loss      | -366     |
|    critic_loss     | 10.4     |
|    ent_coef        | 0.0572   |
|    ent_coef_loss   | -2.17    |
|    learning_rate   | 0.0003   |
|    n_updates       | 811633   |
---------------------------------
---------------------------------
| rollout/           |          |
|    ep_len_mean     | 941      |
|    ep_rew_mean     | 4.26e+03 |
| time/              |          |
|    episodes        | 1896     |
|    fps             | 234      |
|    time_elapsed    | 3528     |
|    total_timesteps | 825634   |
| train/             |          |
|    actor_loss      | -364     |
|    critic_loss     | 25.7     |
|    ent_coef        | 0.0592   |
|    ent_coef_loss   | -0.0304  |
|    learning_rate   | 0.0003   |
|    n_updates       | 815633   |
---------------------------------
---------------------------------
| rollout/           |          |
|    ep_len_mean     | 932      |
|    ep_rew_mean     | 4.23e+03 |
| time/              |          |
|    episodes        | 1900     |
|    fps             | 234      |
|    time_elapsed    | 3539     |
|    total_timesteps | 828706   |
| train/             |          |
|    actor_loss      | -368     |
|    critic_loss     | 14.4     |
|    ent_coef        | 0.0569   |
|    ent_coef_loss   | -1.14    |
|    learning_rate   | 0.0003   |
|    n_updates       | 818705   |
---------------------------------
Eval num_timesteps=830000, episode_reward=3692.39 +/- 1733.41
Episode length: 825.90 +/- 349.25
---------------------------------
| eval/              |          |
|    mean_ep_length  | 826      |
|    mean_reward     | 3.69e+03 |
| time/              |          |
|    total_timesteps | 830000   |
| train/             |          |
|    actor_loss      | -365     |
|    critic_loss     | 13.3     |
|    ent_coef        | 0.0564   |
|    ent_coef_loss   | -1.19    |
|    learning_rate   | 0.0003   |
|    n_updates       | 819999   |
---------------------------------
---------------------------------
| rollout/           |          |
|    ep_len_mean     | 924      |
|    ep_rew_mean     | 4.19e+03 |
| time/              |          |
|    episodes        | 1904     |
|    fps             | 234      |
|    time_elapsed    | 3553     |
|    total_timesteps | 831893   |
| train/             |          |
|    actor_loss      | -361     |
|    critic_loss     | 15.3     |
|    ent_coef        | 0.0568   |
|    ent_coef_loss   | -0.467   |
|    learning_rate   | 0.0003   |
|    n_updates       | 821892   |
---------------------------------
---------------------------------
| rollout/           |          |
|    ep_len_mean     | 933      |
|    ep_rew_mean     | 4.24e+03 |
| time/              |          |
|    episodes        | 1908     |
|    fps             | 234      |
|    time_elapsed    | 3569     |
|    total_timesteps | 835893   |
| train/             |          |
|    actor_loss      | -366     |
|    critic_loss     | 37.6     |
|    ent_coef        | 0.0571   |
|    ent_coef_loss   | -1.53    |
|    learning_rate   | 0.0003   |
|    n_updates       | 825892   |
---------------------------------
---------------------------------
| rollout/           |          |
|    ep_len_mean     | 933      |
|    ep_rew_mean     | 4.25e+03 |
| time/              |          |
|    episodes        | 1912     |
|    fps             | 234      |
|    time_elapsed    | 3584     |
|    total_timesteps | 839893   |
| train/             |          |
|    actor_loss      | -362     |
|    critic_loss     | 13.9     |
|    ent_coef        | 0.0562   |
|    ent_coef_loss   | 1.04     |
|    learning_rate   | 0.0003   |
|    n_updates       | 829892   |
---------------------------------
Eval num_timesteps=840000, episode_reward=4722.35 +/- 61.76
Episode length: 1000.00 +/- 0.00
---------------------------------
| eval/              |          |
|    mean_ep_length  | 1e+03    |
|    mean_reward     | 4.72e+03 |
| time/              |          |
|    total_timesteps | 840000   |
| train/             |          |
|    actor_loss      | -353     |
|    critic_loss     | 18       |
|    ent_coef        | 0.0567   |
|    ent_coef_loss   | 0.845    |
|    learning_rate   | 0.0003   |
|    n_updates       | 829999   |
---------------------------------
New best mean reward!
---------------------------------
| rollout/           |          |
|    ep_len_mean     | 952      |
|    ep_rew_mean     | 4.34e+03 |
| time/              |          |
|    episodes        | 1916     |
|    fps             | 234      |
|    time_elapsed    | 3601     |
|    total_timesteps | 843893   |
| train/             |          |
|    actor_loss      | -358     |
|    critic_loss     | 18.2     |
|    ent_coef        | 0.0577   |
|    ent_coef_loss   | 0.099    |
|    learning_rate   | 0.0003   |
|    n_updates       | 833892   |
---------------------------------
---------------------------------
| rollout/           |          |
|    ep_len_mean     | 951      |
|    ep_rew_mean     | 4.34e+03 |
| time/              |          |
|    episodes        | 1920     |
|    fps             | 234      |
|    time_elapsed    | 3613     |
|    total_timesteps | 846970   |
| train/             |          |
|    actor_loss      | -370     |
|    critic_loss     | 19.3     |
|    ent_coef        | 0.0573   |
|    ent_coef_loss   | -0.772   |
|    learning_rate   | 0.0003   |
|    n_updates       | 836969   |
---------------------------------
Eval num_timesteps=850000, episode_reward=4677.35 +/- 60.96
Episode length: 1000.00 +/- 0.00
---------------------------------
| eval/              |          |
|    mean_ep_length  | 1e+03    |
|    mean_reward     | 4.68e+03 |
| time/              |          |
|    total_timesteps | 850000   |
| train/             |          |
|    actor_loss      | -365     |
|    critic_loss     | 10       |
|    ent_coef        | 0.0599   |
|    ent_coef_loss   | -0.246   |
|    learning_rate   | 0.0003   |
|    n_updates       | 839999   |
---------------------------------
---------------------------------
| rollout/           |          |
|    ep_len_mean     | 951      |
|    ep_rew_mean     | 4.35e+03 |
| time/              |          |
|    episodes        | 1924     |
|    fps             | 234      |
|    time_elapsed    | 3630     |
|    total_timesteps | 850970   |
| train/             |          |
|    actor_loss      | -369     |
|    critic_loss     | 10.6     |
|    ent_coef        | 0.059    |
|    ent_coef_loss   | -2.66    |
|    learning_rate   | 0.0003   |
|    n_updates       | 840969   |
---------------------------------
---------------------------------
| rollout/           |          |
|    ep_len_mean     | 951      |
|    ep_rew_mean     | 4.35e+03 |
| time/              |          |
|    episodes        | 1928     |
|    fps             | 234      |
|    time_elapsed    | 3645     |
|    total_timesteps | 854970   |
| train/             |          |
|    actor_loss      | -373     |
|    critic_loss     | 9.79     |
|    ent_coef        | 0.0595   |
|    ent_coef_loss   | 0.109    |
|    learning_rate   | 0.0003   |
|    n_updates       | 844969   |
---------------------------------
---------------------------------
| rollout/           |          |
|    ep_len_mean     | 951      |
|    ep_rew_mean     | 4.36e+03 |
| time/              |          |
|    episodes        | 1932     |
|    fps             | 234      |
|    time_elapsed    | 3661     |
|    total_timesteps | 858970   |
| train/             |          |
|    actor_loss      | -364     |
|    critic_loss     | 36.9     |
|    ent_coef        | 0.0588   |
|    ent_coef_loss   | -1.25    |
|    learning_rate   | 0.0003   |
|    n_updates       | 848969   |
---------------------------------
Eval num_timesteps=860000, episode_reward=4846.13 +/- 29.88
Episode length: 1000.00 +/- 0.00
---------------------------------
| eval/              |          |
|    mean_ep_length  | 1e+03    |
|    mean_reward     | 4.85e+03 |
| time/              |          |
|    total_timesteps | 860000   |
| train/             |          |
|    actor_loss      | -362     |
|    critic_loss     | 16.3     |
|    ent_coef        | 0.0591   |
|    ent_coef_loss   | 1.15     |
|    learning_rate   | 0.0003   |
|    n_updates       | 849999   |
---------------------------------
New best mean reward!
---------------------------------
| rollout/           |          |
|    ep_len_mean     | 942      |
|    ep_rew_mean     | 4.31e+03 |
| time/              |          |
|    episodes        | 1936     |
|    fps             | 234      |
|    time_elapsed    | 3674     |
|    total_timesteps | 862041   |
| train/             |          |
|    actor_loss      | -359     |
|    critic_loss     | 29.9     |
|    ent_coef        | 0.0607   |
|    ent_coef_loss   | -0.479   |
|    learning_rate   | 0.0003   |
|    n_updates       | 852040   |
---------------------------------
---------------------------------
| rollout/           |          |
|    ep_len_mean     | 946      |
|    ep_rew_mean     | 4.34e+03 |
| time/              |          |
|    episodes        | 1940     |
|    fps             | 234      |
|    time_elapsed    | 3690     |
|    total_timesteps | 866041   |
| train/             |          |
|    actor_loss      | -366     |
|    critic_loss     | 18.7     |
|    ent_coef        | 0.0591   |
|    ent_coef_loss   | -0.85    |
|    learning_rate   | 0.0003   |
|    n_updates       | 856040   |
---------------------------------
Eval num_timesteps=870000, episode_reward=4810.94 +/- 109.30
Episode length: 1000.00 +/- 0.00
---------------------------------
| eval/              |          |
|    mean_ep_length  | 1e+03    |
|    mean_reward     | 4.81e+03 |
| time/              |          |
|    total_timesteps | 870000   |
| train/             |          |
|    actor_loss      | -373     |
|    critic_loss     | 19.1     |
|    ent_coef        | 0.0611   |
|    ent_coef_loss   | -1.8     |
|    learning_rate   | 0.0003   |
|    n_updates       | 859999   |
---------------------------------
---------------------------------
| rollout/           |          |
|    ep_len_mean     | 946      |
|    ep_rew_mean     | 4.35e+03 |
| time/              |          |
|    episodes        | 1944     |
|    fps             | 234      |
|    time_elapsed    | 3708     |
|    total_timesteps | 870041   |
| train/             |          |
|    actor_loss      | -366     |
|    critic_loss     | 14.5     |
|    ent_coef        | 0.0604   |
|    ent_coef_loss   | -1.01    |
|    learning_rate   | 0.0003   |
|    n_updates       | 860040   |
---------------------------------
---------------------------------
| rollout/           |          |
|    ep_len_mean     | 946      |
|    ep_rew_mean     | 4.35e+03 |
| time/              |          |
|    episodes        | 1948     |
|    fps             | 234      |
|    time_elapsed    | 3723     |
|    total_timesteps | 874041   |
| train/             |          |
|    actor_loss      | -377     |
|    critic_loss     | 6.73     |
|    ent_coef        | 0.0583   |
|    ent_coef_loss   | 0.127    |
|    learning_rate   | 0.0003   |
|    n_updates       | 864040   |
---------------------------------
---------------------------------
| rollout/           |          |
|    ep_len_mean     | 937      |
|    ep_rew_mean     | 4.31e+03 |
| time/              |          |
|    episodes        | 1952     |
|    fps             | 234      |
|    time_elapsed    | 3735     |
|    total_timesteps | 877122   |
| train/             |          |
|    actor_loss      | -362     |
|    critic_loss     | 24.9     |
|    ent_coef        | 0.0589   |
|    ent_coef_loss   | -0.17    |
|    learning_rate   | 0.0003   |
|    n_updates       | 867121   |
---------------------------------
Eval num_timesteps=880000, episode_reward=4885.25 +/- 13.55
Episode length: 1000.00 +/- 0.00
---------------------------------
| eval/              |          |
|    mean_ep_length  | 1e+03    |
|    mean_reward     | 4.89e+03 |
| time/              |          |
|    total_timesteps | 880000   |
| train/             |          |
|    actor_loss      | -354     |
|    critic_loss     | 19.9     |
|    ent_coef        | 0.0593   |
|    ent_coef_loss   | 0.368    |
|    learning_rate   | 0.0003   |
|    n_updates       | 869999   |
---------------------------------
New best mean reward!
---------------------------------
| rollout/           |          |
|    ep_len_mean     | 937      |
|    ep_rew_mean     | 4.32e+03 |
| time/              |          |
|    episodes        | 1956     |
|    fps             | 234      |
|    time_elapsed    | 3752     |
|    total_timesteps | 881122   |
| train/             |          |
|    actor_loss      | -368     |
|    critic_loss     | 15       |
|    ent_coef        | 0.0596   |
|    ent_coef_loss   | 0.61     |
|    learning_rate   | 0.0003   |
|    n_updates       | 871121   |
---------------------------------
---------------------------------
| rollout/           |          |
|    ep_len_mean     | 937      |
|    ep_rew_mean     | 4.32e+03 |
| time/              |          |
|    episodes        | 1960     |
|    fps             | 234      |
|    time_elapsed    | 3768     |
|    total_timesteps | 885122   |
| train/             |          |
|    actor_loss      | -368     |
|    critic_loss     | 16.7     |
|    ent_coef        | 0.0564   |
|    ent_coef_loss   | 0.0663   |
|    learning_rate   | 0.0003   |
|    n_updates       | 875121   |
---------------------------------
---------------------------------
| rollout/           |          |
|    ep_len_mean     | 937      |
|    ep_rew_mean     | 4.33e+03 |
| time/              |          |
|    episodes        | 1964     |
|    fps             | 234      |
|    time_elapsed    | 3783     |
|    total_timesteps | 889122   |
| train/             |          |
|    actor_loss      | -363     |
|    critic_loss     | 11.7     |
|    ent_coef        | 0.0571   |
|    ent_coef_loss   | 0.0554   |
|    learning_rate   | 0.0003   |
|    n_updates       | 879121   |
---------------------------------
Eval num_timesteps=890000, episode_reward=4824.79 +/- 23.31
Episode length: 1000.00 +/- 0.00
---------------------------------
| eval/              |          |
|    mean_ep_length  | 1e+03    |
|    mean_reward     | 4.82e+03 |
| time/              |          |
|    total_timesteps | 890000   |
| train/             |          |
|    actor_loss      | -360     |
|    critic_loss     | 19.2     |
|    ent_coef        | 0.0583   |
|    ent_coef_loss   | -1.44    |
|    learning_rate   | 0.0003   |
|    n_updates       | 879999   |
---------------------------------
---------------------------------
| rollout/           |          |
|    ep_len_mean     | 937      |
|    ep_rew_mean     | 4.34e+03 |
| time/              |          |
|    episodes        | 1968     |
|    fps             | 234      |
|    time_elapsed    | 3800     |
|    total_timesteps | 893122   |
| train/             |          |
|    actor_loss      | -356     |
|    critic_loss     | 10.4     |
|    ent_coef        | 0.0613   |
|    ent_coef_loss   | 0.728    |
|    learning_rate   | 0.0003   |
|    n_updates       | 883121   |
---------------------------------
---------------------------------
| rollout/           |          |
|    ep_len_mean     | 933      |
|    ep_rew_mean     | 4.32e+03 |
| time/              |          |
|    episodes        | 1972     |
|    fps             | 235      |
|    time_elapsed    | 3814     |
|    total_timesteps | 896773   |
| train/             |          |
|    actor_loss      | -368     |
|    critic_loss     | 18.8     |
|    ent_coef        | 0.0581   |
|    ent_coef_loss   | -0.112   |
|    learning_rate   | 0.0003   |
|    n_updates       | 886772   |
---------------------------------
---------------------------------
| rollout/           |          |
|    ep_len_mean     | 924      |
|    ep_rew_mean     | 4.28e+03 |
| time/              |          |
|    episodes        | 1976     |
|    fps             | 235      |
|    time_elapsed    | 3826     |
|    total_timesteps | 899845   |
| train/             |          |
|    actor_loss      | -372     |
|    critic_loss     | 10.8     |
|    ent_coef        | 0.0616   |
|    ent_coef_loss   | -0.846   |
|    learning_rate   | 0.0003   |
|    n_updates       | 889844   |
---------------------------------
Eval num_timesteps=900000, episode_reward=4491.28 +/- 140.79
Episode length: 1000.00 +/- 0.00
---------------------------------
| eval/              |          |
|    mean_ep_length  | 1e+03    |
|    mean_reward     | 4.49e+03 |
| time/              |          |
|    total_timesteps | 900000   |
| train/             |          |
|    actor_loss      | -360     |
|    critic_loss     | 13.7     |
|    ent_coef        | 0.0616   |
|    ent_coef_loss   | -1.05    |
|    learning_rate   | 0.0003   |
|    n_updates       | 889999   |
---------------------------------
---------------------------------
| rollout/           |          |
|    ep_len_mean     | 914      |
|    ep_rew_mean     | 4.24e+03 |
| time/              |          |
|    episodes        | 1980     |
|    fps             | 235      |
|    time_elapsed    | 3840     |
|    total_timesteps | 902895   |
| train/             |          |
|    actor_loss      | -365     |
|    critic_loss     | 17.2     |
|    ent_coef        | 0.0589   |
|    ent_coef_loss   | 1.34     |
|    learning_rate   | 0.0003   |
|    n_updates       | 892894   |
---------------------------------
---------------------------------
| rollout/           |          |
|    ep_len_mean     | 917      |
|    ep_rew_mean     | 4.26e+03 |
| time/              |          |
|    episodes        | 1984     |
|    fps             | 235      |
|    time_elapsed    | 3855     |
|    total_timesteps | 906895   |
| train/             |          |
|    actor_loss      | -369     |
|    critic_loss     | 19.5     |
|    ent_coef        | 0.06     |
|    ent_coef_loss   | -0.268   |
|    learning_rate   | 0.0003   |
|    n_updates       | 896894   |
---------------------------------
Eval num_timesteps=910000, episode_reward=4615.30 +/- 118.50
Episode length: 1000.00 +/- 0.00
---------------------------------
| eval/              |          |
|    mean_ep_length  | 1e+03    |
|    mean_reward     | 4.62e+03 |
| time/              |          |
|    total_timesteps | 910000   |
| train/             |          |
|    actor_loss      | -376     |
|    critic_loss     | 13.1     |
|    ent_coef        | 0.0579   |
|    ent_coef_loss   | -1.67    |
|    learning_rate   | 0.0003   |
|    n_updates       | 899999   |
---------------------------------
---------------------------------
| rollout/           |          |
|    ep_len_mean     | 923      |
|    ep_rew_mean     | 4.29e+03 |
| time/              |          |
|    episodes        | 1988     |
|    fps             | 235      |
|    time_elapsed    | 3873     |
|    total_timesteps | 910895   |
| train/             |          |
|    actor_loss      | -380     |
|    critic_loss     | 18.3     |
|    ent_coef        | 0.0575   |
|    ent_coef_loss   | 0.0521   |
|    learning_rate   | 0.0003   |
|    n_updates       | 900894   |
---------------------------------
---------------------------------
| rollout/           |          |
|    ep_len_mean     | 928      |
|    ep_rew_mean     | 4.32e+03 |
| time/              |          |
|    episodes        | 1992     |
|    fps             | 235      |
|    time_elapsed    | 3887     |
|    total_timesteps | 914472   |
| train/             |          |
|    actor_loss      | -367     |
|    critic_loss     | 13.7     |
|    ent_coef        | 0.06     |
|    ent_coef_loss   | 0.939    |
|    learning_rate   | 0.0003   |
|    n_updates       | 904471   |
---------------------------------
---------------------------------
| rollout/           |          |
|    ep_len_mean     | 928      |
|    ep_rew_mean     | 4.32e+03 |
| time/              |          |
|    episodes        | 1996     |
|    fps             | 235      |
|    time_elapsed    | 3902     |
|    total_timesteps | 918472   |
| train/             |          |
|    actor_loss      | -365     |
|    critic_loss     | 13.8     |
|    ent_coef        | 0.0609   |
|    ent_coef_loss   | -0.185   |
|    learning_rate   | 0.0003   |
|    n_updates       | 908471   |
---------------------------------
Eval num_timesteps=920000, episode_reward=3225.60 +/- 2057.25
Episode length: 700.50 +/- 410.70
---------------------------------
| eval/              |          |
|    mean_ep_length  | 700      |
|    mean_reward     | 3.23e+03 |
| time/              |          |
|    total_timesteps | 920000   |
| train/             |          |
|    actor_loss      | -363     |
|    critic_loss     | 17.9     |
|    ent_coef        | 0.0601   |
|    ent_coef_loss   | 0.31     |
|    learning_rate   | 0.0003   |
|    n_updates       | 909999   |
---------------------------------
---------------------------------
| rollout/           |          |
|    ep_len_mean     | 938      |
|    ep_rew_mean     | 4.37e+03 |
| time/              |          |
|    episodes        | 2000     |
|    fps             | 235      |
|    time_elapsed    | 3919     |
|    total_timesteps | 922472   |
| train/             |          |
|    actor_loss      | -361     |
|    critic_loss     | 18.5     |
|    ent_coef        | 0.0592   |
|    ent_coef_loss   | 0.0388   |
|    learning_rate   | 0.0003   |
|    n_updates       | 912471   |
---------------------------------
---------------------------------
| rollout/           |          |
|    ep_len_mean     | 946      |
|    ep_rew_mean     | 4.41e+03 |
| time/              |          |
|    episodes        | 2004     |
|    fps             | 235      |
|    time_elapsed    | 3934     |
|    total_timesteps | 926472   |
| train/             |          |
|    actor_loss      | -371     |
|    critic_loss     | 16.6     |
|    ent_coef        | 0.0596   |
|    ent_coef_loss   | 0.766    |
|    learning_rate   | 0.0003   |
|    n_updates       | 916471   |
---------------------------------
Eval num_timesteps=930000, episode_reward=3790.52 +/- 1758.29
Episode length: 827.80 +/- 344.53
---------------------------------
| eval/              |          |
|    mean_ep_length  | 828      |
|    mean_reward     | 3.79e+03 |
| time/              |          |
|    total_timesteps | 930000   |
| train/             |          |
|    actor_loss      | -381     |
|    critic_loss     | 10.7     |
|    ent_coef        | 0.0593   |
|    ent_coef_loss   | 0.572    |
|    learning_rate   | 0.0003   |
|    n_updates       | 919999   |
---------------------------------
---------------------------------
| rollout/           |          |
|    ep_len_mean     | 946      |
|    ep_rew_mean     | 4.42e+03 |
| time/              |          |
|    episodes        | 2008     |
|    fps             | 235      |
|    time_elapsed    | 3951     |
|    total_timesteps | 930472   |
| train/             |          |
|    actor_loss      | -371     |
|    critic_loss     | 17.5     |
|    ent_coef        | 0.0592   |
|    ent_coef_loss   | -0.417   |
|    learning_rate   | 0.0003   |
|    n_updates       | 920471   |
---------------------------------
---------------------------------
| rollout/           |          |
|    ep_len_mean     | 946      |
|    ep_rew_mean     | 4.42e+03 |
| time/              |          |
|    episodes        | 2012     |
|    fps             | 235      |
|    time_elapsed    | 3966     |
|    total_timesteps | 934472   |
| train/             |          |
|    actor_loss      | -373     |
|    critic_loss     | 12.7     |
|    ent_coef        | 0.0601   |
|    ent_coef_loss   | 0.0614   |
|    learning_rate   | 0.0003   |
|    n_updates       | 924471   |
---------------------------------
---------------------------------
| rollout/           |          |
|    ep_len_mean     | 946      |
|    ep_rew_mean     | 4.43e+03 |
| time/              |          |
|    episodes        | 2016     |
|    fps             | 235      |
|    time_elapsed    | 3982     |
|    total_timesteps | 938472   |
| train/             |          |
|    actor_loss      | -361     |
|    critic_loss     | 14.4     |
|    ent_coef        | 0.0564   |
|    ent_coef_loss   | 2.1      |
|    learning_rate   | 0.0003   |
|    n_updates       | 928471   |
---------------------------------
Eval num_timesteps=940000, episode_reward=4838.39 +/- 52.40
Episode length: 1000.00 +/- 0.00
---------------------------------
| eval/              |          |
|    mean_ep_length  | 1e+03    |
|    mean_reward     | 4.84e+03 |
| time/              |          |
|    total_timesteps | 940000   |
| train/             |          |
|    actor_loss      | -376     |
|    critic_loss     | 13.5     |
|    ent_coef        | 0.0569   |
|    ent_coef_loss   | -0.179   |
|    learning_rate   | 0.0003   |
|    n_updates       | 929999   |
---------------------------------
---------------------------------
| rollout/           |          |
|    ep_len_mean     | 955      |
|    ep_rew_mean     | 4.48e+03 |
| time/              |          |
|    episodes        | 2020     |
|    fps             | 235      |
|    time_elapsed    | 3998     |
|    total_timesteps | 942472   |
| train/             |          |
|    actor_loss      | -365     |
|    critic_loss     | 9.29     |
|    ent_coef        | 0.0567   |
|    ent_coef_loss   | -1.38    |
|    learning_rate   | 0.0003   |
|    n_updates       | 932471   |
---------------------------------
---------------------------------
| rollout/           |          |
|    ep_len_mean     | 955      |
|    ep_rew_mean     | 4.49e+03 |
| time/              |          |
|    episodes        | 2024     |
|    fps             | 235      |
|    time_elapsed    | 4014     |
|    total_timesteps | 946472   |
| train/             |          |
|    actor_loss      | -380     |
|    critic_loss     | 11.4     |
|    ent_coef        | 0.0592   |
|    ent_coef_loss   | -1.13    |
|    learning_rate   | 0.0003   |
|    n_updates       | 936471   |
---------------------------------
Eval num_timesteps=950000, episode_reward=4865.39 +/- 42.89
Episode length: 1000.00 +/- 0.00
---------------------------------
| eval/              |          |
|    mean_ep_length  | 1e+03    |
|    mean_reward     | 4.87e+03 |
| time/              |          |
|    total_timesteps | 950000   |
| train/             |          |
|    actor_loss      | -373     |
|    critic_loss     | 23.4     |
|    ent_coef        | 0.0589   |
|    ent_coef_loss   | -1.31    |
|    learning_rate   | 0.0003   |
|    n_updates       | 939999   |
---------------------------------
---------------------------------
| rollout/           |          |
|    ep_len_mean     | 955      |
|    ep_rew_mean     | 4.5e+03  |
| time/              |          |
|    episodes        | 2028     |
|    fps             | 235      |
|    time_elapsed    | 4031     |
|    total_timesteps | 950472   |
| train/             |          |
|    actor_loss      | -374     |
|    critic_loss     | 11.2     |
|    ent_coef        | 0.0561   |
|    ent_coef_loss   | -0.606   |
|    learning_rate   | 0.0003   |
|    n_updates       | 940471   |
---------------------------------
---------------------------------
| rollout/           |          |
|    ep_len_mean     | 955      |
|    ep_rew_mean     | 4.5e+03  |
| time/              |          |
|    episodes        | 2032     |
|    fps             | 235      |
|    time_elapsed    | 4046     |
|    total_timesteps | 954472   |
| train/             |          |
|    actor_loss      | -366     |
|    critic_loss     | 12.3     |
|    ent_coef        | 0.0567   |
|    ent_coef_loss   | 0.267    |
|    learning_rate   | 0.0003   |
|    n_updates       | 944471   |
---------------------------------
---------------------------------
| rollout/           |          |
|    ep_len_mean     | 964      |
|    ep_rew_mean     | 4.56e+03 |
| time/              |          |
|    episodes        | 2036     |
|    fps             | 235      |
|    time_elapsed    | 4061     |
|    total_timesteps | 958472   |
| train/             |          |
|    actor_loss      | -375     |
|    critic_loss     | 13.5     |
|    ent_coef        | 0.0591   |
|    ent_coef_loss   | -0.857   |
|    learning_rate   | 0.0003   |
|    n_updates       | 948471   |
---------------------------------
Eval num_timesteps=960000, episode_reward=3258.32 +/- 2110.56
Episode length: 713.20 +/- 438.10
---------------------------------
| eval/              |          |
|    mean_ep_length  | 713      |
|    mean_reward     | 3.26e+03 |
| time/              |          |
|    total_timesteps | 960000   |
| train/             |          |
|    actor_loss      | -377     |
|    critic_loss     | 17.5     |
|    ent_coef        | 0.0589   |
|    ent_coef_loss   | -0.0615  |
|    learning_rate   | 0.0003   |
|    n_updates       | 949999   |
---------------------------------
---------------------------------
| rollout/           |          |
|    ep_len_mean     | 964      |
|    ep_rew_mean     | 4.56e+03 |
| time/              |          |
|    episodes        | 2040     |
|    fps             | 235      |
|    time_elapsed    | 4078     |
|    total_timesteps | 962472   |
| train/             |          |
|    actor_loss      | -370     |
|    critic_loss     | 10.5     |
|    ent_coef        | 0.0577   |
|    ent_coef_loss   | -0.491   |
|    learning_rate   | 0.0003   |
|    n_updates       | 952471   |
---------------------------------
---------------------------------
| rollout/           |          |
|    ep_len_mean     | 964      |
|    ep_rew_mean     | 4.56e+03 |
| time/              |          |
|    episodes        | 2044     |
|    fps             | 236      |
|    time_elapsed    | 4094     |
|    total_timesteps | 966472   |
| train/             |          |
|    actor_loss      | -378     |
|    critic_loss     | 13.9     |
|    ent_coef        | 0.0603   |
|    ent_coef_loss   | -0.585   |
|    learning_rate   | 0.0003   |
|    n_updates       | 956471   |
---------------------------------
Eval num_timesteps=970000, episode_reward=5053.41 +/- 30.22
Episode length: 1000.00 +/- 0.00
---------------------------------
| eval/              |          |
|    mean_ep_length  | 1e+03    |
|    mean_reward     | 5.05e+03 |
| time/              |          |
|    total_timesteps | 970000   |
| train/             |          |
|    actor_loss      | -380     |
|    critic_loss     | 21.6     |
|    ent_coef        | 0.0587   |
|    ent_coef_loss   | 0.197    |
|    learning_rate   | 0.0003   |
|    n_updates       | 959999   |
---------------------------------
New best mean reward!
---------------------------------
| rollout/           |          |
|    ep_len_mean     | 964      |
|    ep_rew_mean     | 4.57e+03 |
| time/              |          |
|    episodes        | 2048     |
|    fps             | 236      |
|    time_elapsed    | 4111     |
|    total_timesteps | 970472   |
| train/             |          |
|    actor_loss      | -386     |
|    critic_loss     | 11.2     |
|    ent_coef        | 0.0587   |
|    ent_coef_loss   | 0.0206   |
|    learning_rate   | 0.0003   |
|    n_updates       | 960471   |
---------------------------------
---------------------------------
| rollout/           |          |
|    ep_len_mean     | 974      |
|    ep_rew_mean     | 4.62e+03 |
| time/              |          |
|    episodes        | 2052     |
|    fps             | 236      |
|    time_elapsed    | 4126     |
|    total_timesteps | 974472   |
| train/             |          |
|    actor_loss      | -383     |
|    critic_loss     | 9.24     |
|    ent_coef        | 0.0582   |
|    ent_coef_loss   | -0.844   |
|    learning_rate   | 0.0003   |
|    n_updates       | 964471   |
---------------------------------
---------------------------------
| rollout/           |          |
|    ep_len_mean     | 974      |
|    ep_rew_mean     | 4.63e+03 |
| time/              |          |
|    episodes        | 2056     |
|    fps             | 236      |
|    time_elapsed    | 4142     |
|    total_timesteps | 978472   |
| train/             |          |
|    actor_loss      | -389     |
|    critic_loss     | 13       |
|    ent_coef        | 0.0571   |
|    ent_coef_loss   | -1.06    |
|    learning_rate   | 0.0003   |
|    n_updates       | 968471   |
---------------------------------
Eval num_timesteps=980000, episode_reward=5012.19 +/- 97.75
Episode length: 1000.00 +/- 0.00
---------------------------------
| eval/              |          |
|    mean_ep_length  | 1e+03    |
|    mean_reward     | 5.01e+03 |
| time/              |          |
|    total_timesteps | 980000   |
| train/             |          |
|    actor_loss      | -383     |
|    critic_loss     | 9.21     |
|    ent_coef        | 0.059    |
|    ent_coef_loss   | 0.925    |
|    learning_rate   | 0.0003   |
|    n_updates       | 969999   |
---------------------------------
---------------------------------
| rollout/           |          |
|    ep_len_mean     | 974      |
|    ep_rew_mean     | 4.63e+03 |
| time/              |          |
|    episodes        | 2060     |
|    fps             | 236      |
|    time_elapsed    | 4159     |
|    total_timesteps | 982472   |
| train/             |          |
|    actor_loss      | -375     |
|    critic_loss     | 17.5     |
|    ent_coef        | 0.06     |
|    ent_coef_loss   | 1.13     |
|    learning_rate   | 0.0003   |
|    n_updates       | 972471   |
---------------------------------
---------------------------------
| rollout/           |          |
|    ep_len_mean     | 974      |
|    ep_rew_mean     | 4.64e+03 |
| time/              |          |
|    episodes        | 2064     |
|    fps             | 236      |
|    time_elapsed    | 4175     |
|    total_timesteps | 986472   |
| train/             |          |
|    actor_loss      | -387     |
|    critic_loss     | 10.5     |
|    ent_coef        | 0.0594   |
|    ent_coef_loss   | -0.139   |
|    learning_rate   | 0.0003   |
|    n_updates       | 976471   |
---------------------------------
Eval num_timesteps=990000, episode_reward=4167.10 +/- 1104.96
Episode length: 869.90 +/- 209.44
---------------------------------
| eval/              |          |
|    mean_ep_length  | 870      |
|    mean_reward     | 4.17e+03 |
| time/              |          |
|    total_timesteps | 990000   |
| train/             |          |
|    actor_loss      | -389     |
|    critic_loss     | 12.9     |
|    ent_coef        | 0.0612   |
|    ent_coef_loss   | 0.3      |
|    learning_rate   | 0.0003   |
|    n_updates       | 979999   |
---------------------------------
---------------------------------
| rollout/           |          |
|    ep_len_mean     | 974      |
|    ep_rew_mean     | 4.65e+03 |
| time/              |          |
|    episodes        | 2068     |
|    fps             | 236      |
|    time_elapsed    | 4192     |
|    total_timesteps | 990472   |
| train/             |          |
|    actor_loss      | -382     |
|    critic_loss     | 19       |
|    ent_coef        | 0.0613   |
|    ent_coef_loss   | 0.539    |
|    learning_rate   | 0.0003   |
|    n_updates       | 980471   |
---------------------------------
---------------------------------
| rollout/           |          |
|    ep_len_mean     | 977      |
|    ep_rew_mean     | 4.67e+03 |
| time/              |          |
|    episodes        | 2072     |
|    fps             | 236      |
|    time_elapsed    | 4207     |
|    total_timesteps | 994472   |
| train/             |          |
|    actor_loss      | -381     |
|    critic_loss     | 9.98     |
|    ent_coef        | 0.0586   |
|    ent_coef_loss   | -0.548   |
|    learning_rate   | 0.0003   |
|    n_updates       | 984471   |
---------------------------------
---------------------------------
| rollout/           |          |
|    ep_len_mean     | 986      |
|    ep_rew_mean     | 4.72e+03 |
| time/              |          |
|    episodes        | 2076     |
|    fps             | 236      |
|    time_elapsed    | 4222     |
|    total_timesteps | 998472   |
| train/             |          |
|    actor_loss      | -383     |
|    critic_loss     | 10.8     |
|    ent_coef        | 0.057    |
|    ent_coef_loss   | -0.783   |
|    learning_rate   | 0.0003   |
|    n_updates       | 988471   |
---------------------------------
Eval num_timesteps=1000000, episode_reward=5015.51 +/- 46.12
Episode length: 1000.00 +/- 0.00
---------------------------------
| eval/              |          |
|    mean_ep_length  | 1e+03    |
|    mean_reward     | 5.02e+03 |
| time/              |          |
|    total_timesteps | 1000000  |
| train/             |          |
|    actor_loss      | -380     |
|    critic_loss     | 16.9     |
|    ent_coef        | 0.0563   |
|    ent_coef_loss   | -0.486   |
|    learning_rate   | 0.0003   |
|    n_updates       | 989999   |
---------------------------------
Done: sac seed 2 -> results/Walker2d-v5/sac/seed_2
