Using cpu device
---------------------------------
| rollout/           |          |
|    ep_len_mean     | 41.5     |
|    ep_rew_mean     | 46.2     |
| time/              |          |
|    episodes        | 4        |
|    fps             | 5210     |
|    time_elapsed    | 0        |
|    total_timesteps | 166      |
---------------------------------
---------------------------------
| rollout/           |          |
|    ep_len_mean     | 33.1     |
|    ep_rew_mean     | 30.5     |
| time/              |          |
|    episodes        | 8        |
|    fps             | 4099     |
|    time_elapsed    | 0        |
|    total_timesteps | 265      |
---------------------------------
---------------------------------
| rollout/           |          |
|    ep_len_mean     | 28.2     |
|    ep_rew_mean     | 25.7     |
| time/              |          |
|    episodes        | 12       |
|    fps             | 4536     |
|    time_elapsed    | 0        |
|    total_timesteps | 338      |
---------------------------------
---------------------------------
| rollout/           |          |
|    ep_len_mean     | 26.2     |
|    ep_rew_mean     | 21.8     |
| time/              |          |
|    episodes        | 16       |
|    fps             | 4918     |
|    time_elapsed    | 0        |
|    total_timesteps | 420      |
---------------------------------
---------------------------------
| rollout/           |          |
|    ep_len_mean     | 25.4     |
|    ep_rew_mean     | 21.4     |
| time/              |          |
|    episodes        | 20       |
|    fps             | 5245     |
|    time_elapsed    | 0        |
|    total_timesteps | 508      |
---------------------------------
---------------------------------
| rollout/           |          |
|    ep_len_mean     | 24.4     |
|    ep_rew_mean     | 19.9     |
| time/              |          |
|    episodes        | 24       |
|    fps             | 5466     |
|    time_elapsed    | 0        |
|    total_timesteps | 585      |
---------------------------------
---------------------------------
| rollout/           |          |
|    ep_len_mean     | 23       |
|    ep_rew_mean     | 18.2     |
| time/              |          |
|    episodes        | 28       |
|    fps             | 5607     |
|    time_elapsed    | 0        |
|    total_timesteps | 645      |
---------------------------------
---------------------------------
| rollout/           |          |
|    ep_len_mean     | 22       |
|    ep_rew_mean     | 17       |
| time/              |          |
|    episodes        | 32       |
|    fps             | 5739     |
|    time_elapsed    | 0        |
|    total_timesteps | 703      |
---------------------------------
---------------------------------
| rollout/           |          |
|    ep_len_mean     | 21.7     |
|    ep_rew_mean     | 16.9     |
| time/              |          |
|    episodes        | 36       |
|    fps             | 5891     |
|    time_elapsed    | 0        |
|    total_timesteps | 782      |
---------------------------------
---------------------------------
| rollout/           |          |
|    ep_len_mean     | 21.8     |
|    ep_rew_mean     | 16.9     |
| time/              |          |
|    episodes        | 40       |
|    fps             | 5755     |
|    time_elapsed    | 0        |
|    total_timesteps | 872      |
---------------------------------
---------------------------------
| rollout/           |          |
|    ep_len_mean     | 21.3     |
|    ep_rew_mean     | 16.4     |
| time/              |          |
|    episodes        | 44       |
|    fps             | 5791     |
|    time_elapsed    | 0        |
|    total_timesteps | 938      |
---------------------------------
---------------------------------
| rollout/           |          |
|    ep_len_mean     | 21.3     |
|    ep_rew_mean     | 16.7     |
| time/              |          |
|    episodes        | 48       |
|    fps             | 5715     |
|    time_elapsed    | 0        |
|    total_timesteps | 1021     |
---------------------------------
---------------------------------
| rollout/           |          |
|    ep_len_mean     | 21.3     |
|    ep_rew_mean     | 16.2     |
| time/              |          |
|    episodes        | 52       |
|    fps             | 5790     |
|    time_elapsed    | 0        |
|    total_timesteps | 1110     |
---------------------------------
---------------------------------
| rollout/           |          |
|    ep_len_mean     | 21       |
|    ep_rew_mean     | 15.9     |
| time/              |          |
|    episodes        | 56       |
|    fps             | 5837     |
|    time_elapsed    | 0        |
|    total_timesteps | 1178     |
---------------------------------
---------------------------------
| rollout/           |          |
|    ep_len_mean     | 20.6     |
|    ep_rew_mean     | 15.5     |
| time/              |          |
|    episodes        | 60       |
|    fps             | 5870     |
|    time_elapsed    | 0        |
|    total_timesteps | 1236     |
---------------------------------
---------------------------------
| rollout/           |          |
|    ep_len_mean     | 21       |
|    ep_rew_mean     | 15.2     |
| time/              |          |
|    episodes        | 64       |
|    fps             | 5938     |
|    time_elapsed    | 0        |
|    total_timesteps | 1342     |
---------------------------------
---------------------------------
| rollout/           |          |
|    ep_len_mean     | 20.7     |
|    ep_rew_mean     | 15       |
| time/              |          |
|    episodes        | 68       |
|    fps             | 5970     |
|    time_elapsed    | 0        |
|    total_timesteps | 1407     |
---------------------------------
---------------------------------
| rollout/           |          |
|    ep_len_mean     | 21.4     |
|    ep_rew_mean     | 16.2     |
| time/              |          |
|    episodes        | 72       |
|    fps             | 6072     |
|    time_elapsed    | 0        |
|    total_timesteps | 1542     |
---------------------------------
---------------------------------
| rollout/           |          |
|    ep_len_mean     | 21.9     |
|    ep_rew_mean     | 17.1     |
| time/              |          |
|    episodes        | 76       |
|    fps             | 6177     |
|    time_elapsed    | 0        |
|    total_timesteps | 1661     |
---------------------------------
---------------------------------
| rollout/           |          |
|    ep_len_mean     | 22.4     |
|    ep_rew_mean     | 18.3     |
| time/              |          |
|    episodes        | 80       |
|    fps             | 6250     |
|    time_elapsed    | 0        |
|    total_timesteps | 1794     |
---------------------------------
---------------------------------
| rollout/           |          |
|    ep_len_mean     | 22.6     |
|    ep_rew_mean     | 18.4     |
| time/              |          |
|    episodes        | 84       |
|    fps             | 6317     |
|    time_elapsed    | 0        |
|    total_timesteps | 1895     |
---------------------------------
---------------------------------
| rollout/           |          |
|    ep_len_mean     | 22.4     |
|    ep_rew_mean     | 18.1     |
| time/              |          |
|    episodes        | 88       |
|    fps             | 6364     |
|    time_elapsed    | 0        |
|    total_timesteps | 1975     |
---------------------------------
---------------------------------
| rollout/           |          |
|    ep_len_mean     | 22.9     |
|    ep_rew_mean     | 19.2     |
| time/              |          |
|    episodes        | 92       |
|    fps             | 6440     |
|    time_elapsed    | 0        |
|    total_timesteps | 2110     |
---------------------------------
---------------------------------
| rollout/           |          |
|    ep_len_mean     | 22.5     |
|    ep_rew_mean     | 18.7     |
| time/              |          |
|    episodes        | 96       |
|    fps             | 6470     |
|    time_elapsed    | 0        |
|    total_timesteps | 2158     |
---------------------------------
---------------------------------
| rollout/           |          |
|    ep_len_mean     | 22.2     |
|    ep_rew_mean     | 18.4     |
| time/              |          |
|    episodes        | 100      |
|    fps             | 6501     |
|    time_elapsed    | 0        |
|    total_timesteps | 2225     |
---------------------------------
---------------------------------
| rollout/           |          |
|    ep_len_mean     | 21.3     |
|    ep_rew_mean     | 17.2     |
| time/              |          |
|    episodes        | 104      |
|    fps             | 6514     |
|    time_elapsed    | 0        |
|    total_timesteps | 2299     |
---------------------------------
---------------------------------
| rollout/           |          |
|    ep_len_mean     | 21.4     |
|    ep_rew_mean     | 17.6     |
| time/              |          |
|    episodes        | 108      |
|    fps             | 6521     |
|    time_elapsed    | 0        |
|    total_timesteps | 2402     |
---------------------------------
---------------------------------
| rollout/           |          |
|    ep_len_mean     | 21.6     |
|    ep_rew_mean     | 17.4     |
| time/              |          |
|    episodes        | 112      |
|    fps             | 6521     |
|    time_elapsed    | 0        |
|    total_timesteps | 2493     |
---------------------------------
---------------------------------
| rollout/           |          |
|    ep_len_mean     | 21.5     |
|    ep_rew_mean     | 17.7     |
| time/              |          |
|    episodes        | 116      |
|    fps             | 6526     |
|    time_elapsed    | 0        |
|    total_timesteps | 2571     |
---------------------------------
---------------------------------
| rollout/           |          |
|    ep_len_mean     | 21.8     |
|    ep_rew_mean     | 18.1     |
| time/              |          |
|    episodes        | 120      |
|    fps             | 6548     |
|    time_elapsed    | 0        |
|    total_timesteps | 2683     |
---------------------------------
---------------------------------
| rollout/           |          |
|    ep_len_mean     | 21.8     |
|    ep_rew_mean     | 18.2     |
| time/              |          |
|    episodes        | 124      |
|    fps             | 6578     |
|    time_elapsed    | 0        |
|    total_timesteps | 2766     |
---------------------------------
---------------------------------
| rollout/           |          |
|    ep_len_mean     | 22.1     |
|    ep_rew_mean     | 18.5     |
| time/              |          |
|    episodes        | 128      |
|    fps             | 6607     |
|    time_elapsed    | 0        |
|    total_timesteps | 2852     |
---------------------------------
---------------------------------
| rollout/           |          |
|    ep_len_mean     | 22.3     |
|    ep_rew_mean     | 18.7     |
| time/              |          |
|    episodes        | 132      |
|    fps             | 6635     |
|    time_elapsed    | 0        |
|    total_timesteps | 2932     |
---------------------------------
---------------------------------
| rollout/           |          |
|    ep_len_mean     | 22.7     |
|    ep_rew_mean     | 19       |
| time/              |          |
|    episodes        | 136      |
|    fps             | 6670     |
|    time_elapsed    | 0        |
|    total_timesteps | 3052     |
---------------------------------
---------------------------------
| rollout/           |          |
|    ep_len_mean     | 22.8     |
|    ep_rew_mean     | 19.1     |
| time/              |          |
|    episodes        | 140      |
|    fps             | 6702     |
|    time_elapsed    | 0        |
|    total_timesteps | 3156     |
---------------------------------
---------------------------------
| rollout/           |          |
|    ep_len_mean     | 22.9     |
|    ep_rew_mean     | 19.2     |
| time/              |          |
|    episodes        | 144      |
|    fps             | 6722     |
|    time_elapsed    | 0        |
|    total_timesteps | 3226     |
---------------------------------
---------------------------------
| rollout/           |          |
|    ep_len_mean     | 22.8     |
|    ep_rew_mean     | 18.8     |
| time/              |          |
|    episodes        | 148      |
|    fps             | 6744     |
|    time_elapsed    | 0        |
|    total_timesteps | 3300     |
---------------------------------
---------------------------------
| rollout/           |          |
|    ep_len_mean     | 22.8     |
|    ep_rew_mean     | 19.2     |
| time/              |          |
|    episodes        | 152      |
|    fps             | 6770     |
|    time_elapsed    | 0        |
|    total_timesteps | 3393     |
---------------------------------
---------------------------------
| rollout/           |          |
|    ep_len_mean     | 23.4     |
|    ep_rew_mean     | 19.6     |
| time/              |          |
|    episodes        | 156      |
|    fps             | 6778     |
|    time_elapsed    | 0        |
|    total_timesteps | 3519     |
---------------------------------
---------------------------------
| rollout/           |          |
|    ep_len_mean     | 23.5     |
|    ep_rew_mean     | 19.7     |
| time/              |          |
|    episodes        | 160      |
|    fps             | 6767     |
|    time_elapsed    | 0        |
|    total_timesteps | 3583     |
---------------------------------
---------------------------------
| rollout/           |          |
|    ep_len_mean     | 23       |
|    ep_rew_mean     | 19.6     |
| time/              |          |
|    episodes        | 164      |
|    fps             | 6763     |
|    time_elapsed    | 0        |
|    total_timesteps | 3643     |
---------------------------------
---------------------------------
| rollout/           |          |
|    ep_len_mean     | 23.3     |
|    ep_rew_mean     | 19.7     |
| time/              |          |
|    episodes        | 168      |
|    fps             | 6753     |
|    time_elapsed    | 0        |
|    total_timesteps | 3734     |
---------------------------------
---------------------------------
| rollout/           |          |
|    ep_len_mean     | 22.9     |
|    ep_rew_mean     | 19       |
| time/              |          |
|    episodes        | 172      |
|    fps             | 6748     |
|    time_elapsed    | 0        |
|    total_timesteps | 3834     |
---------------------------------
---------------------------------
| rollout/           |          |
|    ep_len_mean     | 22.8     |
|    ep_rew_mean     | 18.7     |
| time/              |          |
|    episodes        | 176      |
|    fps             | 6770     |
|    time_elapsed    | 0        |
|    total_timesteps | 3944     |
---------------------------------
---------------------------------
| rollout/           |          |
|    ep_len_mean     | 22.5     |
|    ep_rew_mean     | 17.5     |
| time/              |          |
|    episodes        | 180      |
|    fps             | 6790     |
|    time_elapsed    | 0        |
|    total_timesteps | 4046     |
---------------------------------
---------------------------------
| rollout/           |          |
|    ep_len_mean     | 22.7     |
|    ep_rew_mean     | 18.1     |
| time/              |          |
|    episodes        | 184      |
|    fps             | 6812     |
|    time_elapsed    | 0        |
|    total_timesteps | 4168     |
---------------------------------
---------------------------------
| rollout/           |          |
|    ep_len_mean     | 22.9     |
|    ep_rew_mean     | 18.3     |
| time/              |          |
|    episodes        | 188      |
|    fps             | 6830     |
|    time_elapsed    | 0        |
|    total_timesteps | 4270     |
---------------------------------
---------------------------------
| rollout/           |          |
|    ep_len_mean     | 22.2     |
|    ep_rew_mean     | 16.9     |
| time/              |          |
|    episodes        | 192      |
|    fps             | 6843     |
|    time_elapsed    | 0        |
|    total_timesteps | 4331     |
---------------------------------
---------------------------------
| rollout/           |          |
|    ep_len_mean     | 22.5     |
|    ep_rew_mean     | 17.1     |
| time/              |          |
|    episodes        | 196      |
|    fps             | 6858     |
|    time_elapsed    | 0        |
|    total_timesteps | 4409     |
---------------------------------
---------------------------------
| rollout/           |          |
|    ep_len_mean     | 22.8     |
|    ep_rew_mean     | 17.3     |
| time/              |          |
|    episodes        | 200      |
|    fps             | 6876     |
|    time_elapsed    | 0        |
|    total_timesteps | 4509     |
---------------------------------
---------------------------------
| rollout/           |          |
|    ep_len_mean     | 23.1     |
|    ep_rew_mean     | 17.1     |
| time/              |          |
|    episodes        | 204      |
|    fps             | 6890     |
|    time_elapsed    | 0        |
|    total_timesteps | 4606     |
---------------------------------
---------------------------------
| rollout/           |          |
|    ep_len_mean     | 23.8     |
|    ep_rew_mean     | 18.1     |
| time/              |          |
|    episodes        | 208      |
|    fps             | 6890     |
|    time_elapsed    | 0        |
|    total_timesteps | 4782     |
---------------------------------
---------------------------------
| rollout/           |          |
|    ep_len_mean     | 24       |
|    ep_rew_mean     | 18.5     |
| time/              |          |
|    episodes        | 212      |
|    fps             | 6885     |
|    time_elapsed    | 0        |
|    total_timesteps | 4890     |
---------------------------------
---------------------------------
| rollout/           |          |
|    ep_len_mean     | 24.2     |
|    ep_rew_mean     | 18.4     |
| time/              |          |
|    episodes        | 216      |
|    fps             | 6882     |
|    time_elapsed    | 0        |
|    total_timesteps | 4987     |
---------------------------------
---------------------------------
| rollout/           |          |
|    ep_len_mean     | 24.1     |
|    ep_rew_mean     | 18.3     |
| time/              |          |
|    episodes        | 220      |
|    fps             | 6889     |
|    time_elapsed    | 0        |
|    total_timesteps | 5097     |
---------------------------------
---------------------------------
| rollout/           |          |
|    ep_len_mean     | 24.2     |
|    ep_rew_mean     | 18.5     |
| time/              |          |
|    episodes        | 224      |
|    fps             | 6901     |
|    time_elapsed    | 0        |
|    total_timesteps | 5187     |
---------------------------------
---------------------------------
| rollout/           |          |
|    ep_len_mean     | 23.9     |
|    ep_rew_mean     | 18.3     |
| time/              |          |
|    episodes        | 228      |
|    fps             | 6911     |
|    time_elapsed    | 0        |
|    total_timesteps | 5240     |
---------------------------------
---------------------------------
| rollout/           |          |
|    ep_len_mean     | 24.1     |
|    ep_rew_mean     | 18.5     |
| time/              |          |
|    episodes        | 232      |
|    fps             | 6925     |
|    time_elapsed    | 0        |
|    total_timesteps | 5346     |
---------------------------------
---------------------------------
| rollout/           |          |
|    ep_len_mean     | 23.9     |
|    ep_rew_mean     | 18.4     |
| time/              |          |
|    episodes        | 236      |
|    fps             | 6937     |
|    time_elapsed    | 0        |
|    total_timesteps | 5437     |
---------------------------------
---------------------------------
| rollout/           |          |
|    ep_len_mean     | 23.9     |
|    ep_rew_mean     | 19.3     |
| time/              |          |
|    episodes        | 240      |
|    fps             | 6954     |
|    time_elapsed    | 0        |
|    total_timesteps | 5548     |
---------------------------------
---------------------------------
| rollout/           |          |
|    ep_len_mean     | 24.2     |
|    ep_rew_mean     | 19.5     |
| time/              |          |
|    episodes        | 244      |
|    fps             | 6969     |
|    time_elapsed    | 0        |
|    total_timesteps | 5644     |
---------------------------------
---------------------------------
| rollout/           |          |
|    ep_len_mean     | 24       |
|    ep_rew_mean     | 19.4     |
| time/              |          |
|    episodes        | 248      |
|    fps             | 6975     |
|    time_elapsed    | 0        |
|    total_timesteps | 5699     |
---------------------------------
---------------------------------
| rollout/           |          |
|    ep_len_mean     | 24       |
|    ep_rew_mean     | 19.4     |
| time/              |          |
|    episodes        | 252      |
|    fps             | 6985     |
|    time_elapsed    | 0        |
|    total_timesteps | 5797     |
---------------------------------
---------------------------------
| rollout/           |          |
|    ep_len_mean     | 23.4     |
|    ep_rew_mean     | 18.9     |
| time/              |          |
|    episodes        | 256      |
|    fps             | 6988     |
|    time_elapsed    | 0        |
|    total_timesteps | 5859     |
---------------------------------
---------------------------------
| rollout/           |          |
|    ep_len_mean     | 23.8     |
|    ep_rew_mean     | 18.9     |
| time/              |          |
|    episodes        | 260      |
|    fps             | 6980     |
|    time_elapsed    | 0        |
|    total_timesteps | 5962     |
---------------------------------
---------------------------------
| rollout/           |          |
|    ep_len_mean     | 23.9     |
|    ep_rew_mean     | 19.2     |
| time/              |          |
|    episodes        | 264      |
|    fps             | 6978     |
|    time_elapsed    | 0        |
|    total_timesteps | 6036     |
---------------------------------
---------------------------------
| rollout/           |          |
|    ep_len_mean     | 24.3     |
|    ep_rew_mean     | 19.8     |
| time/              |          |
|    episodes        | 268      |
|    fps             | 6969     |
|    time_elapsed    | 0        |
|    total_timesteps | 6165     |
---------------------------------
---------------------------------
| rollout/           |          |
|    ep_len_mean     | 24.7     |
|    ep_rew_mean     | 21.1     |
| time/              |          |
|    episodes        | 272      |
|    fps             | 6972     |
|    time_elapsed    | 0        |
|    total_timesteps | 6301     |
---------------------------------
---------------------------------
| rollout/           |          |
|    ep_len_mean     | 24.9     |
|    ep_rew_mean     | 21.5     |
| time/              |          |
|    episodes        | 276      |
|    fps             | 6986     |
|    time_elapsed    | 0        |
|    total_timesteps | 6431     |
---------------------------------
---------------------------------
| rollout/           |          |
|    ep_len_mean     | 24.7     |
|    ep_rew_mean     | 21.7     |
| time/              |          |
|    episodes        | 280      |
|    fps             | 6995     |
|    time_elapsed    | 0        |
|    total_timesteps | 6519     |
---------------------------------
---------------------------------
| rollout/           |          |
|    ep_len_mean     | 24.5     |
|    ep_rew_mean     | 21.1     |
| time/              |          |
|    episodes        | 284      |
|    fps             | 7005     |
|    time_elapsed    | 0        |
|    total_timesteps | 6616     |
---------------------------------
---------------------------------
| rollout/           |          |
|    ep_len_mean     | 24.6     |
|    ep_rew_mean     | 21.3     |
| time/              |          |
|    episodes        | 288      |
|    fps             | 7017     |
|    time_elapsed    | 0        |
|    total_timesteps | 6725     |
---------------------------------
---------------------------------
| rollout/           |          |
|    ep_len_mean     | 25       |
|    ep_rew_mean     | 21.5     |
| time/              |          |
|    episodes        | 292      |
|    fps             | 7028     |
|    time_elapsed    | 0        |
|    total_timesteps | 6833     |
---------------------------------
---------------------------------
| rollout/           |          |
|    ep_len_mean     | 25.3     |
|    ep_rew_mean     | 21.7     |
| time/              |          |
|    episodes        | 296      |
|    fps             | 7038     |
|    time_elapsed    | 0        |
|    total_timesteps | 6943     |
---------------------------------
---------------------------------
| rollout/           |          |
|    ep_len_mean     | 25.5     |
|    ep_rew_mean     | 22.5     |
| time/              |          |
|    episodes        | 300      |
|    fps             | 7043     |
|    time_elapsed    | 1        |
|    total_timesteps | 7062     |
---------------------------------
---------------------------------
| rollout/           |          |
|    ep_len_mean     | 25.4     |
|    ep_rew_mean     | 22.5     |
| time/              |          |
|    episodes        | 304      |
|    fps             | 7039     |
|    time_elapsed    | 1        |
|    total_timesteps | 7145     |
---------------------------------
---------------------------------
| rollout/           |          |
|    ep_len_mean     | 24.3     |
|    ep_rew_mean     | 21       |
| time/              |          |
|    episodes        | 308      |
|    fps             | 7035     |
|    time_elapsed    | 1        |
|    total_timesteps | 7215     |
---------------------------------
---------------------------------
| rollout/           |          |
|    ep_len_mean     | 24.1     |
|    ep_rew_mean     | 20.7     |
| time/              |          |
|    episodes        | 312      |
|    fps             | 7031     |
|    time_elapsed    | 1        |
|    total_timesteps | 7302     |
---------------------------------
---------------------------------
| rollout/           |          |
|    ep_len_mean     | 23.8     |
|    ep_rew_mean     | 20.5     |
| time/              |          |
|    episodes        | 316      |
|    fps             | 7028     |
|    time_elapsed    | 1        |
|    total_timesteps | 7364     |
---------------------------------
---------------------------------
| rollout/           |          |
|    ep_len_mean     | 23.3     |
|    ep_rew_mean     | 19.7     |
| time/              |          |
|    episodes        | 320      |
|    fps             | 7028     |
|    time_elapsed    | 1        |
|    total_timesteps | 7423     |
---------------------------------
---------------------------------
| rollout/           |          |
|    ep_len_mean     | 23.1     |
|    ep_rew_mean     | 19.5     |
| time/              |          |
|    episodes        | 324      |
|    fps             | 7032     |
|    time_elapsed    | 1        |
|    total_timesteps | 7498     |
---------------------------------
---------------------------------
| rollout/           |          |
|    ep_len_mean     | 23.2     |
|    ep_rew_mean     | 19.7     |
| time/              |          |
|    episodes        | 328      |
|    fps             | 7037     |
|    time_elapsed    | 1        |
|    total_timesteps | 7558     |
---------------------------------
---------------------------------
| rollout/           |          |
|    ep_len_mean     | 22.9     |
|    ep_rew_mean     | 19.4     |
| time/              |          |
|    episodes        | 332      |
|    fps             | 7039     |
|    time_elapsed    | 1        |
|    total_timesteps | 7638     |
---------------------------------
---------------------------------
| rollout/           |          |
|    ep_len_mean     | 22.6     |
|    ep_rew_mean     | 19       |
| time/              |          |
|    episodes        | 336      |
|    fps             | 7043     |
|    time_elapsed    | 1        |
|    total_timesteps | 7701     |
---------------------------------
---------------------------------
| rollout/           |          |
|    ep_len_mean     | 22.6     |
|    ep_rew_mean     | 18.3     |
| time/              |          |
|    episodes        | 340      |
|    fps             | 7029     |
|    time_elapsed    | 1        |
|    total_timesteps | 7812     |
---------------------------------
---------------------------------
| rollout/           |          |
|    ep_len_mean     | 22.8     |
|    ep_rew_mean     | 18.6     |
| time/              |          |
|    episodes        | 344      |
|    fps             | 7036     |
|    time_elapsed    | 1        |
|    total_timesteps | 7925     |
---------------------------------
---------------------------------
| rollout/           |          |
|    ep_len_mean     | 23.1     |
|    ep_rew_mean     | 18.8     |
| time/              |          |
|    episodes        | 348      |
|    fps             | 7042     |
|    time_elapsed    | 1        |
|    total_timesteps | 8007     |
---------------------------------
---------------------------------
| rollout/           |          |
|    ep_len_mean     | 23       |
|    ep_rew_mean     | 18.7     |
| time/              |          |
|    episodes        | 352      |
|    fps             | 7050     |
|    time_elapsed    | 1        |
|    total_timesteps | 8098     |
---------------------------------
---------------------------------
| rollout/           |          |
|    ep_len_mean     | 23.2     |
|    ep_rew_mean     | 19.1     |
| time/              |          |
|    episodes        | 356      |
|    fps             | 7055     |
|    time_elapsed    | 1        |
|    total_timesteps | 8184     |
---------------------------------
---------------------------------
| rollout/           |          |
|    ep_len_mean     | 23       |
|    ep_rew_mean     | 19.1     |
| time/              |          |
|    episodes        | 360      |
|    fps             | 7055     |
|    time_elapsed    | 1        |
|    total_timesteps | 8260     |
---------------------------------
---------------------------------
| rollout/           |          |
|    ep_len_mean     | 23.1     |
|    ep_rew_mean     | 19.1     |
| time/              |          |
|    episodes        | 364      |
|    fps             | 7055     |
|    time_elapsed    | 1        |
|    total_timesteps | 8347     |
---------------------------------
---------------------------------
| rollout/           |          |
|    ep_len_mean     | 22.4     |
|    ep_rew_mean     | 18.4     |
| time/              |          |
|    episodes        | 368      |
|    fps             | 7051     |
|    time_elapsed    | 1        |
|    total_timesteps | 8407     |
---------------------------------
---------------------------------
| rollout/           |          |
|    ep_len_mean     | 22.1     |
|    ep_rew_mean     | 17       |
| time/              |          |
|    episodes        | 372      |
|    fps             | 7045     |
|    time_elapsed    | 1        |
|    total_timesteps | 8515     |
---------------------------------
---------------------------------
| rollout/           |          |
|    ep_len_mean     | 21.7     |
|    ep_rew_mean     | 16       |
| time/              |          |
|    episodes        | 376      |
|    fps             | 7041     |
|    time_elapsed    | 1        |
|    total_timesteps | 8600     |
---------------------------------
---------------------------------
| rollout/           |          |
|    ep_len_mean     | 21.4     |
|    ep_rew_mean     | 15.8     |
| time/              |          |
|    episodes        | 380      |
|    fps             | 7043     |
|    time_elapsed    | 1        |
|    total_timesteps | 8659     |
---------------------------------
---------------------------------
| rollout/           |          |
|    ep_len_mean     | 21.1     |
|    ep_rew_mean     | 15.3     |
| time/              |          |
|    episodes        | 384      |
|    fps             | 7045     |
|    time_elapsed    | 1        |
|    total_timesteps | 8727     |
---------------------------------
---------------------------------
| rollout/           |          |
|    ep_len_mean     | 21.7     |
|    ep_rew_mean     | 16.8     |
| time/              |          |
|    episodes        | 388      |
|    fps             | 7057     |
|    time_elapsed    | 1        |
|    total_timesteps | 8892     |
---------------------------------
---------------------------------
| rollout/           |          |
|    ep_len_mean     | 21.6     |
|    ep_rew_mean     | 17.4     |
| time/              |          |
|    episodes        | 392      |
|    fps             | 7065     |
|    time_elapsed    | 1        |
|    total_timesteps | 8991     |
---------------------------------
---------------------------------
| rollout/           |          |
|    ep_len_mean     | 21.4     |
|    ep_rew_mean     | 17.3     |
| time/              |          |
|    episodes        | 396      |
|    fps             | 7071     |
|    time_elapsed    | 1        |
|    total_timesteps | 9087     |
---------------------------------
---------------------------------
| rollout/           |          |
|    ep_len_mean     | 21.7     |
|    ep_rew_mean     | 17.4     |
| time/              |          |
|    episodes        | 400      |
|    fps             | 7079     |
|    time_elapsed    | 1        |
|    total_timesteps | 9236     |
---------------------------------
---------------------------------
| rollout/           |          |
|    ep_len_mean     | 21.9     |
|    ep_rew_mean     | 17.5     |
| time/              |          |
|    episodes        | 404      |
|    fps             | 7087     |
|    time_elapsed    | 1        |
|    total_timesteps | 9337     |
---------------------------------
---------------------------------
| rollout/           |          |
|    ep_len_mean     | 22.3     |
|    ep_rew_mean     | 18.1     |
| time/              |          |
|    episodes        | 408      |
|    fps             | 7088     |
|    time_elapsed    | 1        |
|    total_timesteps | 9449     |
---------------------------------
---------------------------------
| rollout/           |          |
|    ep_len_mean     | 22.9     |
|    ep_rew_mean     | 19       |
| time/              |          |
|    episodes        | 412      |
|    fps             | 7086     |
|    time_elapsed    | 1        |
|    total_timesteps | 9597     |
---------------------------------
---------------------------------
| rollout/           |          |
|    ep_len_mean     | 23.2     |
|    ep_rew_mean     | 19.2     |
| time/              |          |
|    episodes        | 416      |
|    fps             | 7080     |
|    time_elapsed    | 1        |
|    total_timesteps | 9683     |
---------------------------------
---------------------------------
| rollout/           |          |
|    ep_len_mean     | 23.6     |
|    ep_rew_mean     | 19.3     |
| time/              |          |
|    episodes        | 420      |
|    fps             | 7074     |
|    time_elapsed    | 1        |
|    total_timesteps | 9782     |
---------------------------------
---------------------------------
| rollout/           |          |
|    ep_len_mean     | 23.9     |
|    ep_rew_mean     | 19.6     |
| time/              |          |
|    episodes        | 424      |
|    fps             | 7075     |
|    time_elapsed    | 1        |
|    total_timesteps | 9888     |
---------------------------------
---------------------------------
| rollout/           |          |
|    ep_len_mean     | 24.3     |
|    ep_rew_mean     | 19.8     |
| time/              |          |
|    episodes        | 428      |
|    fps             | 7080     |
|    time_elapsed    | 1        |
|    total_timesteps | 9984     |
---------------------------------
Eval num_timesteps=10000, episode_reward=17.57 +/- 0.24
Episode length: 37.60 +/- 0.49
---------------------------------
| eval/              |          |
|    mean_ep_length  | 37.6     |
|    mean_reward     | 17.6     |
| time/              |          |
|    total_timesteps | 10000    |
---------------------------------
New best mean reward!
---------------------------------
| rollout/           |          |
|    ep_len_mean     | 24.3     |
|    ep_rew_mean     | 19.7     |
| time/              |          |
|    episodes        | 432      |
|    fps             | 5841     |
|    time_elapsed    | 1        |
|    total_timesteps | 10064    |
| train/             |          |
|    actor_loss      | -4.93    |
|    critic_loss     | 0.968    |
|    ent_coef        | 0.982    |
|    ent_coef_loss   | -0.0941  |
|    learning_rate   | 0.0003   |
|    n_updates       | 63       |
---------------------------------
---------------------------------
| rollout/           |          |
|    ep_len_mean     | 24.2     |
|    ep_rew_mean     | 19.7     |
| time/              |          |
|    episodes        | 436      |
|    fps             | 5326     |
|    time_elapsed    | 1        |
|    total_timesteps | 10125    |
| train/             |          |
|    actor_loss      | -5.55    |
|    critic_loss     | 0.642    |
|    ent_coef        | 0.964    |
|    ent_coef_loss   | -0.186   |
|    learning_rate   | 0.0003   |
|    n_updates       | 124      |
---------------------------------
---------------------------------
| rollout/           |          |
|    ep_len_mean     | 24.1     |
|    ep_rew_mean     | 19.3     |
| time/              |          |
|    episodes        | 440      |
|    fps             | 4675     |
|    time_elapsed    | 2        |
|    total_timesteps | 10219    |
| train/             |          |
|    actor_loss      | -6.23    |
|    critic_loss     | 0.829    |
|    ent_coef        | 0.937    |
|    ent_coef_loss   | -0.329   |
|    learning_rate   | 0.0003   |
|    n_updates       | 218      |
---------------------------------
---------------------------------
| rollout/           |          |
|    ep_len_mean     | 24.1     |
|    ep_rew_mean     | 19       |
| time/              |          |
|    episodes        | 444      |
|    fps             | 4069     |
|    time_elapsed    | 2        |
|    total_timesteps | 10334    |
| train/             |          |
|    actor_loss      | -7.27    |
|    critic_loss     | 0.409    |
|    ent_coef        | 0.905    |
|    ent_coef_loss   | -0.501   |
|    learning_rate   | 0.0003   |
|    n_updates       | 333      |
---------------------------------
---------------------------------
| rollout/           |          |
|    ep_len_mean     | 25.2     |
|    ep_rew_mean     | 20.4     |
| time/              |          |
|    episodes        | 448      |
|    fps             | 3347     |
|    time_elapsed    | 3        |
|    total_timesteps | 10532    |
| train/             |          |
|    actor_loss      | -8.48    |
|    critic_loss     | 1.96     |
|    ent_coef        | 0.853    |
|    ent_coef_loss   | -0.793   |
|    learning_rate   | 0.0003   |
|    n_updates       | 531      |
---------------------------------
---------------------------------
| rollout/           |          |
|    ep_len_mean     | 27.2     |
|    ep_rew_mean     | 23.1     |
| time/              |          |
|    episodes        | 452      |
|    fps             | 2678     |
|    time_elapsed    | 4        |
|    total_timesteps | 10821    |
| train/             |          |
|    actor_loss      | -11.1    |
|    critic_loss     | 2.2      |
|    ent_coef        | 0.784    |
|    ent_coef_loss   | -1.19    |
|    learning_rate   | 0.0003   |
|    n_updates       | 820      |
---------------------------------
---------------------------------
| rollout/           |          |
|    ep_len_mean     | 29.9     |
|    ep_rew_mean     | 27.2     |
| time/              |          |
|    episodes        | 456      |
|    fps             | 2184     |
|    time_elapsed    | 5        |
|    total_timesteps | 11171    |
| train/             |          |
|    actor_loss      | -14.3    |
|    critic_loss     | 1.05     |
|    ent_coef        | 0.708    |
|    ent_coef_loss   | -1.55    |
|    learning_rate   | 0.0003   |
|    n_updates       | 1170     |
---------------------------------
---------------------------------
| rollout/           |          |
|    ep_len_mean     | 31.1     |
|    ep_rew_mean     | 30       |
| time/              |          |
|    episodes        | 460      |
|    fps             | 1978     |
|    time_elapsed    | 5        |
|    total_timesteps | 11371    |
| train/             |          |
|    actor_loss      | -15.8    |
|    critic_loss     | 1.84     |
|    ent_coef        | 0.669    |
|    ent_coef_loss   | -1.76    |
|    learning_rate   | 0.0003   |
|    n_updates       | 1370     |
---------------------------------
---------------------------------
| rollout/           |          |
|    ep_len_mean     | 31.8     |
|    ep_rew_mean     | 32       |
| time/              |          |
|    episodes        | 464      |
|    fps             | 1850     |
|    time_elapsed    | 6        |
|    total_timesteps | 11527    |
| train/             |          |
|    actor_loss      | -17.6    |
|    critic_loss     | 4.88     |
|    ent_coef        | 0.641    |
|    ent_coef_loss   | -1.95    |
|    learning_rate   | 0.0003   |
|    n_updates       | 1526     |
---------------------------------
---------------------------------
| rollout/           |          |
|    ep_len_mean     | 33       |
|    ep_rew_mean     | 34.5     |
| time/              |          |
|    episodes        | 468      |
|    fps             | 1724     |
|    time_elapsed    | 6        |
|    total_timesteps | 11707    |
| train/             |          |
|    actor_loss      | -19.4    |
|    critic_loss     | 0.716    |
|    ent_coef        | 0.61     |
|    ent_coef_loss   | -2.1     |
|    learning_rate   | 0.0003   |
|    n_updates       | 1706     |
---------------------------------
---------------------------------
| rollout/           |          |
|    ep_len_mean     | 34.7     |
|    ep_rew_mean     | 39.7     |
| time/              |          |
|    episodes        | 472      |
|    fps             | 1567     |
|    time_elapsed    | 7        |
|    total_timesteps | 11988    |
| train/             |          |
|    actor_loss      | -21.4    |
|    critic_loss     | 7        |
|    ent_coef        | 0.565    |
|    ent_coef_loss   | -2.19    |
|    learning_rate   | 0.0003   |
|    n_updates       | 1987     |
---------------------------------
---------------------------------
| rollout/           |          |
|    ep_len_mean     | 36.9     |
|    ep_rew_mean     | 45.7     |
| time/              |          |
|    episodes        | 476      |
|    fps             | 1436     |
|    time_elapsed    | 8        |
|    total_timesteps | 12290    |
| train/             |          |
|    actor_loss      | -24.5    |
|    critic_loss     | 10.4     |
|    ent_coef        | 0.522    |
|    ent_coef_loss   | -2.48    |
|    learning_rate   | 0.0003   |
|    n_updates       | 2289     |
---------------------------------
---------------------------------
| rollout/           |          |
|    ep_len_mean     | 39.8     |
|    ep_rew_mean     | 53.1     |
| time/              |          |
|    episodes        | 480      |
|    fps             | 1308     |
|    time_elapsed    | 9        |
|    total_timesteps | 12639    |
| train/             |          |
|    actor_loss      | -26.9    |
|    critic_loss     | 7.38     |
|    ent_coef        | 0.478    |
|    ent_coef_loss   | -2.62    |
|    learning_rate   | 0.0003   |
|    n_updates       | 2638     |
---------------------------------
---------------------------------
| rollout/           |          |
|    ep_len_mean     | 42.5     |
|    ep_rew_mean     | 60.1     |
| time/              |          |
|    episodes        | 484      |
|    fps             | 1210     |
|    time_elapsed    | 10       |
|    total_timesteps | 12980    |
| train/             |          |
|    actor_loss      | -30.5    |
|    critic_loss     | 4.85     |
|    ent_coef        | 0.439    |
|    ent_coef_loss   | -2.77    |
|    learning_rate   | 0.0003   |
|    n_updates       | 2979     |
---------------------------------
---------------------------------
| rollout/           |          |
|    ep_len_mean     | 44.4     |
|    ep_rew_mean     | 65.4     |
| time/              |          |
|    episodes        | 488      |
|    fps             | 1129     |
|    time_elapsed    | 11       |
|    total_timesteps | 13334    |
| train/             |          |
|    actor_loss      | -34.2    |
|    critic_loss     | 13.9     |
|    ent_coef        | 0.402    |
|    ent_coef_loss   | -2.45    |
|    learning_rate   | 0.0003   |
|    n_updates       | 3333     |
---------------------------------
---------------------------------
| rollout/           |          |
|    ep_len_mean     | 47       |
|    ep_rew_mean     | 72.3     |
| time/              |          |
|    episodes        | 492      |
|    fps             | 1061     |
|    time_elapsed    | 12       |
|    total_timesteps | 13691    |
| train/             |          |
|    actor_loss      | -37.5    |
|    critic_loss     | 13.3     |
|    ent_coef        | 0.368    |
|    ent_coef_loss   | -2.93    |
|    learning_rate   | 0.0003   |
|    n_updates       | 3690     |
---------------------------------
---------------------------------
| rollout/           |          |
|    ep_len_mean     | 49.6     |
|    ep_rew_mean     | 79.5     |
| time/              |          |
|    episodes        | 496      |
|    fps             | 1002     |
|    time_elapsed    | 14       |
|    total_timesteps | 14047    |
| train/             |          |
|    actor_loss      | -42.4    |
|    critic_loss     | 5.01     |
|    ent_coef        | 0.336    |
|    ent_coef_loss   | -3.26    |
|    learning_rate   | 0.0003   |
|    n_updates       | 4046     |
---------------------------------
---------------------------------
| rollout/           |          |
|    ep_len_mean     | 51.8     |
|    ep_rew_mean     | 86.3     |
| time/              |          |
|    episodes        | 500      |
|    fps             | 947      |
|    time_elapsed    | 15       |
|    total_timesteps | 14411    |
| train/             |          |
|    actor_loss      | -45.9    |
|    critic_loss     | 15.8     |
|    ent_coef        | 0.307    |
|    ent_coef_loss   | -3.06    |
|    learning_rate   | 0.0003   |
|    n_updates       | 4410     |
---------------------------------
---------------------------------
| rollout/           |          |
|    ep_len_mean     | 54.4     |
|    ep_rew_mean     | 93.8     |
| time/              |          |
|    episodes        | 504      |
|    fps             | 904      |
|    time_elapsed    | 16       |
|    total_timesteps | 14775    |
| train/             |          |
|    actor_loss      | -48.1    |
|    critic_loss     | 19.8     |
|    ent_coef        | 0.28     |
|    ent_coef_loss   | -3.21    |
|    learning_rate   | 0.0003   |
|    n_updates       | 4774     |
---------------------------------
---------------------------------
| rollout/           |          |
|    ep_len_mean     | 57       |
|    ep_rew_mean     | 101      |
| time/              |          |
|    episodes        | 508      |
|    fps             | 854      |
|    time_elapsed    | 17       |
|    total_timesteps | 15147    |
| train/             |          |
|    actor_loss      | -53      |
|    critic_loss     | 13.7     |
|    ent_coef        | 0.256    |
|    ent_coef_loss   | -3.15    |
|    learning_rate   | 0.0003   |
|    n_updates       | 5146     |
---------------------------------
---------------------------------
| rollout/           |          |
|    ep_len_mean     | 59.2     |
|    ep_rew_mean     | 108      |
| time/              |          |
|    episodes        | 512      |
|    fps             | 822      |
|    time_elapsed    | 18       |
|    total_timesteps | 15518    |
| train/             |          |
|    actor_loss      | -55.7    |
|    critic_loss     | 12.5     |
|    ent_coef        | 0.234    |
|    ent_coef_loss   | -2.83    |
|    learning_rate   | 0.0003   |
|    n_updates       | 5517     |
---------------------------------
---------------------------------
| rollout/           |          |
|    ep_len_mean     | 62       |
|    ep_rew_mean     | 116      |
| time/              |          |
|    episodes        | 516      |
|    fps             | 794      |
|    time_elapsed    | 19       |
|    total_timesteps | 15886    |
| train/             |          |
|    actor_loss      | -59.5    |
|    critic_loss     | 19.8     |
|    ent_coef        | 0.215    |
|    ent_coef_loss   | -2.76    |
|    learning_rate   | 0.0003   |
|    n_updates       | 5885     |
---------------------------------
---------------------------------
| rollout/           |          |
|    ep_len_mean     | 64.9     |
|    ep_rew_mean     | 124      |
| time/              |          |
|    episodes        | 520      |
|    fps             | 768      |
|    time_elapsed    | 21       |
|    total_timesteps | 16268    |
| train/             |          |
|    actor_loss      | -63.3    |
|    critic_loss     | 9.63     |
|    ent_coef        | 0.197    |
|    ent_coef_loss   | -2.54    |
|    learning_rate   | 0.0003   |
|    n_updates       | 6267     |
---------------------------------
---------------------------------
| rollout/           |          |
|    ep_len_mean     | 67.7     |
|    ep_rew_mean     | 132      |
| time/              |          |
|    episodes        | 524      |
|    fps             | 744      |
|    time_elapsed    | 22       |
|    total_timesteps | 16660    |
| train/             |          |
|    actor_loss      | -64.4    |
|    critic_loss     | 14.6     |
|    ent_coef        | 0.181    |
|    ent_coef_loss   | -2.13    |
|    learning_rate   | 0.0003   |
|    n_updates       | 6659     |
---------------------------------
---------------------------------
| rollout/           |          |
|    ep_len_mean     | 70.8     |
|    ep_rew_mean     | 141      |
| time/              |          |
|    episodes        | 528      |
|    fps             | 723      |
|    time_elapsed    | 23       |
|    total_timesteps | 17060    |
| train/             |          |
|    actor_loss      | -70.6    |
|    critic_loss     | 10.2     |
|    ent_coef        | 0.166    |
|    ent_coef_loss   | -2.09    |
|    learning_rate   | 0.0003   |
|    n_updates       | 7059     |
---------------------------------
---------------------------------
| rollout/           |          |
|    ep_len_mean     | 74.1     |
|    ep_rew_mean     | 150      |
| time/              |          |
|    episodes        | 532      |
|    fps             | 702      |
|    time_elapsed    | 24       |
|    total_timesteps | 17478    |
| train/             |          |
|    actor_loss      | -73.8    |
|    critic_loss     | 14.8     |
|    ent_coef        | 0.152    |
|    ent_coef_loss   | -1.35    |
|    learning_rate   | 0.0003   |
|    n_updates       | 7477     |
---------------------------------
---------------------------------
| rollout/           |          |
|    ep_len_mean     | 77.7     |
|    ep_rew_mean     | 159      |
| time/              |          |
|    episodes        | 536      |
|    fps             | 684      |
|    time_elapsed    | 26       |
|    total_timesteps | 17892    |
| train/             |          |
|    actor_loss      | -75.5    |
|    critic_loss     | 25.4     |
|    ent_coef        | 0.141    |
|    ent_coef_loss   | -1.12    |
|    learning_rate   | 0.0003   |
|    n_updates       | 7891     |
---------------------------------
---------------------------------
| rollout/           |          |
|    ep_len_mean     | 80.9     |
|    ep_rew_mean     | 168      |
| time/              |          |
|    episodes        | 540      |
|    fps             | 667      |
|    time_elapsed    | 27       |
|    total_timesteps | 18313    |
| train/             |          |
|    actor_loss      | -80      |
|    critic_loss     | 22.9     |
|    ent_coef        | 0.13     |
|    ent_coef_loss   | -1.57    |
|    learning_rate   | 0.0003   |
|    n_updates       | 8312     |
---------------------------------
---------------------------------
| rollout/           |          |
|    ep_len_mean     | 84.1     |
|    ep_rew_mean     | 178      |
| time/              |          |
|    episodes        | 544      |
|    fps             | 652      |
|    time_elapsed    | 28       |
|    total_timesteps | 18744    |
| train/             |          |
|    actor_loss      | -84.9    |
|    critic_loss     | 17.7     |
|    ent_coef        | 0.12     |
|    ent_coef_loss   | -1.8     |
|    learning_rate   | 0.0003   |
|    n_updates       | 8743     |
---------------------------------
---------------------------------
| rollout/           |          |
|    ep_len_mean     | 86.4     |
|    ep_rew_mean     | 187      |
| time/              |          |
|    episodes        | 548      |
|    fps             | 637      |
|    time_elapsed    | 30       |
|    total_timesteps | 19173    |
| train/             |          |
|    actor_loss      | -85.8    |
|    critic_loss     | 49.1     |
|    ent_coef        | 0.113    |
|    ent_coef_loss   | -0.225   |
|    learning_rate   | 0.0003   |
|    n_updates       | 9172     |
---------------------------------
---------------------------------
| rollout/           |          |
|    ep_len_mean     | 87.7     |
|    ep_rew_mean     | 193      |
| time/              |          |
|    episodes        | 552      |
|    fps             | 624      |
|    time_elapsed    | 31       |
|    total_timesteps | 19589    |
| train/             |          |
|    actor_loss      | -90.7    |
|    critic_loss     | 24.5     |
|    ent_coef        | 0.107    |
|    ent_coef_loss   | -0.34    |
|    learning_rate   | 0.0003   |
|    n_updates       | 9588     |
---------------------------------
Eval num_timesteps=20000, episode_reward=271.28 +/- 2.30
Episode length: 118.00 +/- 0.63
---------------------------------
| eval/              |          |
|    mean_ep_length  | 118      |
|    mean_reward     | 271      |
| time/              |          |
|    total_timesteps | 20000    |
| train/             |          |
|    actor_loss      | -94.2    |
|    critic_loss     | 13.9     |
|    ent_coef        | 0.102    |
|    ent_coef_loss   | -1.72    |
|    learning_rate   | 0.0003   |
|    n_updates       | 9999     |
---------------------------------
New best mean reward!
---------------------------------
| rollout/           |          |
|    ep_len_mean     | 89       |
|    ep_rew_mean     | 200      |
| time/              |          |
|    episodes        | 556      |
|    fps             | 606      |
|    time_elapsed    | 33       |
|    total_timesteps | 20072    |
| train/             |          |
|    actor_loss      | -94.7    |
|    critic_loss     | 32.1     |
|    ent_coef        | 0.102    |
|    ent_coef_loss   | 0.886    |
|    learning_rate   | 0.0003   |
|    n_updates       | 10071    |
---------------------------------
---------------------------------
| rollout/           |          |
|    ep_len_mean     | 91.6     |
|    ep_rew_mean     | 208      |
| time/              |          |
|    episodes        | 560      |
|    fps             | 595      |
|    time_elapsed    | 34       |
|    total_timesteps | 20533    |
| train/             |          |
|    actor_loss      | -97.4    |
|    critic_loss     | 19       |
|    ent_coef        | 0.0993   |
|    ent_coef_loss   | 0.344    |
|    learning_rate   | 0.0003   |
|    n_updates       | 10532    |
---------------------------------
---------------------------------
| rollout/           |          |
|    ep_len_mean     | 95.3     |
|    ep_rew_mean     | 217      |
| time/              |          |
|    episodes        | 564      |
|    fps             | 583      |
|    time_elapsed    | 36       |
|    total_timesteps | 21058    |
| train/             |          |
|    actor_loss      | -101     |
|    critic_loss     | 66.2     |
|    ent_coef        | 0.101    |
|    ent_coef_loss   | -0.0281  |
|    learning_rate   | 0.0003   |
|    n_updates       | 11057    |
---------------------------------
---------------------------------
| rollout/           |          |
|    ep_len_mean     | 98.9     |
|    ep_rew_mean     | 227      |
| time/              |          |
|    episodes        | 568      |
|    fps             | 572      |
|    time_elapsed    | 37       |
|    total_timesteps | 21595    |
| train/             |          |
|    actor_loss      | -103     |
|    critic_loss     | 46.5     |
|    ent_coef        | 0.103    |
|    ent_coef_loss   | 0.443    |
|    learning_rate   | 0.0003   |
|    n_updates       | 11594    |
---------------------------------
---------------------------------
| rollout/           |          |
|    ep_len_mean     | 101      |
|    ep_rew_mean     | 231      |
| time/              |          |
|    episodes        | 572      |
|    fps             | 563      |
|    time_elapsed    | 39       |
|    total_timesteps | 22054    |
| train/             |          |
|    actor_loss      | -108     |
|    critic_loss     | 11.9     |
|    ent_coef        | 0.103    |
|    ent_coef_loss   | -0.47    |
|    learning_rate   | 0.0003   |
|    n_updates       | 12053    |
---------------------------------
---------------------------------
| rollout/           |          |
|    ep_len_mean     | 102      |
|    ep_rew_mean     | 235      |
| time/              |          |
|    episodes        | 576      |
|    fps             | 555      |
|    time_elapsed    | 40       |
|    total_timesteps | 22496    |
| train/             |          |
|    actor_loss      | -109     |
|    critic_loss     | 31.7     |
|    ent_coef        | 0.101    |
|    ent_coef_loss   | -0.234   |
|    learning_rate   | 0.0003   |
|    n_updates       | 12495    |
---------------------------------
---------------------------------
| rollout/           |          |
|    ep_len_mean     | 103      |
|    ep_rew_mean     | 238      |
| time/              |          |
|    episodes        | 580      |
|    fps             | 548      |
|    time_elapsed    | 41       |
|    total_timesteps | 22956    |
| train/             |          |
|    actor_loss      | -112     |
|    critic_loss     | 27.5     |
|    ent_coef        | 0.101    |
|    ent_coef_loss   | 0.63     |
|    learning_rate   | 0.0003   |
|    n_updates       | 12955    |
---------------------------------
---------------------------------
| rollout/           |          |
|    ep_len_mean     | 104      |
|    ep_rew_mean     | 242      |
| time/              |          |
|    episodes        | 584      |
|    fps             | 540      |
|    time_elapsed    | 43       |
|    total_timesteps | 23429    |
| train/             |          |
|    actor_loss      | -118     |
|    critic_loss     | 23.9     |
|    ent_coef        | 0.102    |
|    ent_coef_loss   | 0.176    |
|    learning_rate   | 0.0003   |
|    n_updates       | 13428    |
---------------------------------
---------------------------------
| rollout/           |          |
|    ep_len_mean     | 105      |
|    ep_rew_mean     | 245      |
| time/              |          |
|    episodes        | 588      |
|    fps             | 533      |
|    time_elapsed    | 44       |
|    total_timesteps | 23882    |
| train/             |          |
|    actor_loss      | -118     |
|    critic_loss     | 22.4     |
|    ent_coef        | 0.105    |
|    ent_coef_loss   | 0.0873   |
|    learning_rate   | 0.0003   |
|    n_updates       | 13881    |
---------------------------------
---------------------------------
| rollout/           |          |
|    ep_len_mean     | 107      |
|    ep_rew_mean     | 248      |
| time/              |          |
|    episodes        | 592      |
|    fps             | 527      |
|    time_elapsed    | 46       |
|    total_timesteps | 24348    |
| train/             |          |
|    actor_loss      | -122     |
|    critic_loss     | 54.4     |
|    ent_coef        | 0.105    |
|    ent_coef_loss   | -0.551   |
|    learning_rate   | 0.0003   |
|    n_updates       | 14347    |
---------------------------------
---------------------------------
| rollout/           |          |
|    ep_len_mean     | 108      |
|    ep_rew_mean     | 251      |
| time/              |          |
|    episodes        | 596      |
|    fps             | 521      |
|    time_elapsed    | 47       |
|    total_timesteps | 24809    |
| train/             |          |
|    actor_loss      | -126     |
|    critic_loss     | 13.8     |
|    ent_coef        | 0.106    |
|    ent_coef_loss   | -0.231   |
|    learning_rate   | 0.0003   |
|    n_updates       | 14808    |
---------------------------------
---------------------------------
| rollout/           |          |
|    ep_len_mean     | 108      |
|    ep_rew_mean     | 252      |
| time/              |          |
|    episodes        | 600      |
|    fps             | 516      |
|    time_elapsed    | 48       |
|    total_timesteps | 25212    |
| train/             |          |
|    actor_loss      | -124     |
|    critic_loss     | 39.9     |
|    ent_coef        | 0.109    |
|    ent_coef_loss   | 0.234    |
|    learning_rate   | 0.0003   |
|    n_updates       | 15211    |
---------------------------------
---------------------------------
| rollout/           |          |
|    ep_len_mean     | 108      |
|    ep_rew_mean     | 252      |
| time/              |          |
|    episodes        | 604      |
|    fps             | 511      |
|    time_elapsed    | 50       |
|    total_timesteps | 25596    |
| train/             |          |
|    actor_loss      | -130     |
|    critic_loss     | 17.1     |
|    ent_coef        | 0.11     |
|    ent_coef_loss   | -0.131   |
|    learning_rate   | 0.0003   |
|    n_updates       | 15595    |
---------------------------------
---------------------------------
| rollout/           |          |
|    ep_len_mean     | 109      |
|    ep_rew_mean     | 254      |
| time/              |          |
|    episodes        | 608      |
|    fps             | 507      |
|    time_elapsed    | 51       |
|    total_timesteps | 26008    |
| train/             |          |
|    actor_loss      | -129     |
|    critic_loss     | 43.3     |
|    ent_coef        | 0.111    |
|    ent_coef_loss   | -0.895   |
|    learning_rate   | 0.0003   |
|    n_updates       | 16007    |
---------------------------------
---------------------------------
| rollout/           |          |
|    ep_len_mean     | 110      |
|    ep_rew_mean     | 257      |
| time/              |          |
|    episodes        | 612      |
|    fps             | 502      |
|    time_elapsed    | 52       |
|    total_timesteps | 26490    |
| train/             |          |
|    actor_loss      | -134     |
|    critic_loss     | 74.2     |
|    ent_coef        | 0.112    |
|    ent_coef_loss   | -0.0646  |
|    learning_rate   | 0.0003   |
|    n_updates       | 16489    |
---------------------------------
---------------------------------
| rollout/           |          |
|    ep_len_mean     | 111      |
|    ep_rew_mean     | 260      |
| time/              |          |
|    episodes        | 616      |
|    fps             | 496      |
|    time_elapsed    | 54       |
|    total_timesteps | 27023    |
| train/             |          |
|    actor_loss      | -139     |
|    critic_loss     | 34.3     |
|    ent_coef        | 0.112    |
|    ent_coef_loss   | 0.294    |
|    learning_rate   | 0.0003   |
|    n_updates       | 17022    |
---------------------------------
---------------------------------
| rollout/           |          |
|    ep_len_mean     | 113      |
|    ep_rew_mean     | 264      |
| time/              |          |
|    episodes        | 620      |
|    fps             | 492      |
|    time_elapsed    | 55       |
|    total_timesteps | 27525    |
| train/             |          |
|    actor_loss      | -137     |
|    critic_loss     | 44.7     |
|    ent_coef        | 0.107    |
|    ent_coef_loss   | -0.334   |
|    learning_rate   | 0.0003   |
|    n_updates       | 17524    |
---------------------------------
---------------------------------
| rollout/           |          |
|    ep_len_mean     | 115      |
|    ep_rew_mean     | 268      |
| time/              |          |
|    episodes        | 624      |
|    fps             | 486      |
|    time_elapsed    | 57       |
|    total_timesteps | 28161    |
| train/             |          |
|    actor_loss      | -134     |
|    critic_loss     | 69.9     |
|    ent_coef        | 0.106    |
|    ent_coef_loss   | -0.219   |
|    learning_rate   | 0.0003   |
|    n_updates       | 18160    |
---------------------------------
---------------------------------
| rollout/           |          |
|    ep_len_mean     | 116      |
|    ep_rew_mean     | 271      |
| time/              |          |
|    episodes        | 628      |
|    fps             | 482      |
|    time_elapsed    | 59       |
|    total_timesteps | 28689    |
| train/             |          |
|    actor_loss      | -141     |
|    critic_loss     | 30.9     |
|    ent_coef        | 0.109    |
|    ent_coef_loss   | 0.611    |
|    learning_rate   | 0.0003   |
|    n_updates       | 18688    |
---------------------------------
---------------------------------
| rollout/           |          |
|    ep_len_mean     | 118      |
|    ep_rew_mean     | 275      |
| time/              |          |
|    episodes        | 632      |
|    fps             | 477      |
|    time_elapsed    | 61       |
|    total_timesteps | 29294    |
| train/             |          |
|    actor_loss      | -138     |
|    critic_loss     | 37.4     |
|    ent_coef        | 0.109    |
|    ent_coef_loss   | 0.73     |
|    learning_rate   | 0.0003   |
|    n_updates       | 19293    |
---------------------------------
---------------------------------
| rollout/           |          |
|    ep_len_mean     | 119      |
|    ep_rew_mean     | 277      |
| time/              |          |
|    episodes        | 636      |
|    fps             | 473      |
|    time_elapsed    | 62       |
|    total_timesteps | 29788    |
| train/             |          |
|    actor_loss      | -147     |
|    critic_loss     | 20       |
|    ent_coef        | 0.105    |
|    ent_coef_loss   | -0.798   |
|    learning_rate   | 0.0003   |
|    n_updates       | 19787    |
---------------------------------
Eval num_timesteps=30000, episode_reward=297.23 +/- 1.50
Episode length: 117.20 +/- 0.60
---------------------------------
| eval/              |          |
|    mean_ep_length  | 117      |
|    mean_reward     | 297      |
| time/              |          |
|    total_timesteps | 30000    |
| train/             |          |
|    actor_loss      | -144     |
|    critic_loss     | 28.9     |
|    ent_coef        | 0.103    |
|    ent_coef_loss   | 0.0429   |
|    learning_rate   | 0.0003   |
|    n_updates       | 19999    |
---------------------------------
New best mean reward!
---------------------------------
| rollout/           |          |
|    ep_len_mean     | 120      |
|    ep_rew_mean     | 279      |
| time/              |          |
|    episodes        | 640      |
|    fps             | 468      |
|    time_elapsed    | 64       |
|    total_timesteps | 30283    |
| train/             |          |
|    actor_loss      | -148     |
|    critic_loss     | 19.9     |
|    ent_coef        | 0.101    |
|    ent_coef_loss   | 0.659    |
|    learning_rate   | 0.0003   |
|    n_updates       | 20282    |
---------------------------------
---------------------------------
| rollout/           |          |
|    ep_len_mean     | 120      |
|    ep_rew_mean     | 281      |
| time/              |          |
|    episodes        | 644      |
|    fps             | 464      |
|    time_elapsed    | 66       |
|    total_timesteps | 30792    |
| train/             |          |
|    actor_loss      | -146     |
|    critic_loss     | 116      |
|    ent_coef        | 0.0997   |
|    ent_coef_loss   | -0.123   |
|    learning_rate   | 0.0003   |
|    n_updates       | 20791    |
---------------------------------
---------------------------------
| rollout/           |          |
|    ep_len_mean     | 121      |
|    ep_rew_mean     | 282      |
| time/              |          |
|    episodes        | 648      |
|    fps             | 461      |
|    time_elapsed    | 67       |
|    total_timesteps | 31260    |
| train/             |          |
|    actor_loss      | -144     |
|    critic_loss     | 14.6     |
|    ent_coef        | 0.1      |
|    ent_coef_loss   | -0.443   |
|    learning_rate   | 0.0003   |
|    n_updates       | 21259    |
---------------------------------
---------------------------------
| rollout/           |          |
|    ep_len_mean     | 121      |
|    ep_rew_mean     | 284      |
| time/              |          |
|    episodes        | 652      |
|    fps             | 459      |
|    time_elapsed    | 69       |
|    total_timesteps | 31717    |
| train/             |          |
|    actor_loss      | -141     |
|    critic_loss     | 146      |
|    ent_coef        | 0.0995   |
|    ent_coef_loss   | 0.459    |
|    learning_rate   | 0.0003   |
|    n_updates       | 21716    |
---------------------------------
---------------------------------
| rollout/           |          |
|    ep_len_mean     | 121      |
|    ep_rew_mean     | 281      |
| time/              |          |
|    episodes        | 656      |
|    fps             | 456      |
|    time_elapsed    | 70       |
|    total_timesteps | 32127    |
| train/             |          |
|    actor_loss      | -148     |
|    critic_loss     | 32.8     |
|    ent_coef        | 0.0975   |
|    ent_coef_loss   | -1.11    |
|    learning_rate   | 0.0003   |
|    n_updates       | 22126    |
---------------------------------
---------------------------------
| rollout/           |          |
|    ep_len_mean     | 120      |
|    ep_rew_mean     | 279      |
| time/              |          |
|    episodes        | 660      |
|    fps             | 454      |
|    time_elapsed    | 71       |
|    total_timesteps | 32515    |
| train/             |          |
|    actor_loss      | -149     |
|    critic_loss     | 16.1     |
|    ent_coef        | 0.0957   |
|    ent_coef_loss   | -0.378   |
|    learning_rate   | 0.0003   |
|    n_updates       | 22514    |
---------------------------------
---------------------------------
| rollout/           |          |
|    ep_len_mean     | 119      |
|    ep_rew_mean     | 275      |
| time/              |          |
|    episodes        | 664      |
|    fps             | 452      |
|    time_elapsed    | 72       |
|    total_timesteps | 32958    |
| train/             |          |
|    actor_loss      | -151     |
|    critic_loss     | 32.6     |
|    ent_coef        | 0.0936   |
|    ent_coef_loss   | -0.62    |
|    learning_rate   | 0.0003   |
|    n_updates       | 22957    |
---------------------------------
---------------------------------
| rollout/           |          |
|    ep_len_mean     | 118      |
|    ep_rew_mean     | 273      |
| time/              |          |
|    episodes        | 668      |
|    fps             | 450      |
|    time_elapsed    | 74       |
|    total_timesteps | 33408    |
| train/             |          |
|    actor_loss      | -146     |
|    critic_loss     | 23.2     |
|    ent_coef        | 0.0929   |
|    ent_coef_loss   | 0.033    |
|    learning_rate   | 0.0003   |
|    n_updates       | 23407    |
---------------------------------
---------------------------------
| rollout/           |          |
|    ep_len_mean     | 118      |
|    ep_rew_mean     | 273      |
| time/              |          |
|    episodes        | 672      |
|    fps             | 447      |
|    time_elapsed    | 75       |
|    total_timesteps | 33864    |
| train/             |          |
|    actor_loss      | -145     |
|    critic_loss     | 42.4     |
|    ent_coef        | 0.0882   |
|    ent_coef_loss   | -0.0757  |
|    learning_rate   | 0.0003   |
|    n_updates       | 23863    |
---------------------------------
---------------------------------
| rollout/           |          |
|    ep_len_mean     | 118      |
|    ep_rew_mean     | 275      |
| time/              |          |
|    episodes        | 676      |
|    fps             | 445      |
|    time_elapsed    | 77       |
|    total_timesteps | 34336    |
| train/             |          |
|    actor_loss      | -150     |
|    critic_loss     | 28.6     |
|    ent_coef        | 0.088    |
|    ent_coef_loss   | 0.685    |
|    learning_rate   | 0.0003   |
|    n_updates       | 24335    |
---------------------------------
---------------------------------
| rollout/           |          |
|    ep_len_mean     | 119      |
|    ep_rew_mean     | 277      |
| time/              |          |
|    episodes        | 680      |
|    fps             | 443      |
|    time_elapsed    | 78       |
|    total_timesteps | 34831    |
| train/             |          |
|    actor_loss      | -144     |
|    critic_loss     | 30.6     |
|    ent_coef        | 0.0893   |
|    ent_coef_loss   | 0.256    |
|    learning_rate   | 0.0003   |
|    n_updates       | 24830    |
---------------------------------
---------------------------------
| rollout/           |          |
|    ep_len_mean     | 119      |
|    ep_rew_mean     | 277      |
| time/              |          |
|    episodes        | 684      |
|    fps             | 440      |
|    time_elapsed    | 80       |
|    total_timesteps | 35306    |
| train/             |          |
|    actor_loss      | -148     |
|    critic_loss     | 16.8     |
|    ent_coef        | 0.0891   |
|    ent_coef_loss   | -0.238   |
|    learning_rate   | 0.0003   |
|    n_updates       | 25305    |
---------------------------------
---------------------------------
| rollout/           |          |
|    ep_len_mean     | 119      |
|    ep_rew_mean     | 279      |
| time/              |          |
|    episodes        | 688      |
|    fps             | 438      |
|    time_elapsed    | 81       |
|    total_timesteps | 35783    |
| train/             |          |
|    actor_loss      | -150     |
|    critic_loss     | 13       |
|    ent_coef        | 0.0893   |
|    ent_coef_loss   | 0.199    |
|    learning_rate   | 0.0003   |
|    n_updates       | 25782    |
---------------------------------
---------------------------------
| rollout/           |          |
|    ep_len_mean     | 119      |
|    ep_rew_mean     | 279      |
| time/              |          |
|    episodes        | 692      |
|    fps             | 436      |
|    time_elapsed    | 82       |
|    total_timesteps | 36255    |
| train/             |          |
|    actor_loss      | -147     |
|    critic_loss     | 54.8     |
|    ent_coef        | 0.0938   |
|    ent_coef_loss   | 0.218    |
|    learning_rate   | 0.0003   |
|    n_updates       | 26254    |
---------------------------------
---------------------------------
| rollout/           |          |
|    ep_len_mean     | 119      |
|    ep_rew_mean     | 280      |
| time/              |          |
|    episodes        | 696      |
|    fps             | 434      |
|    time_elapsed    | 84       |
|    total_timesteps | 36735    |
| train/             |          |
|    actor_loss      | -146     |
|    critic_loss     | 36.8     |
|    ent_coef        | 0.093    |
|    ent_coef_loss   | 0.0563   |
|    learning_rate   | 0.0003   |
|    n_updates       | 26734    |
---------------------------------
---------------------------------
| rollout/           |          |
|    ep_len_mean     | 120      |
|    ep_rew_mean     | 283      |
| time/              |          |
|    episodes        | 700      |
|    fps             | 433      |
|    time_elapsed    | 85       |
|    total_timesteps | 37220    |
| train/             |          |
|    actor_loss      | -154     |
|    critic_loss     | 24       |
|    ent_coef        | 0.092    |
|    ent_coef_loss   | -0.702   |
|    learning_rate   | 0.0003   |
|    n_updates       | 27219    |
---------------------------------
---------------------------------
| rollout/           |          |
|    ep_len_mean     | 121      |
|    ep_rew_mean     | 286      |
| time/              |          |
|    episodes        | 704      |
|    fps             | 431      |
|    time_elapsed    | 87       |
|    total_timesteps | 37701    |
| train/             |          |
|    actor_loss      | -146     |
|    critic_loss     | 18.5     |
|    ent_coef        | 0.0908   |
|    ent_coef_loss   | 0.916    |
|    learning_rate   | 0.0003   |
|    n_updates       | 27700    |
---------------------------------
---------------------------------
| rollout/           |          |
|    ep_len_mean     | 122      |
|    ep_rew_mean     | 287      |
| time/              |          |
|    episodes        | 708      |
|    fps             | 429      |
|    time_elapsed    | 88       |
|    total_timesteps | 38174    |
| train/             |          |
|    actor_loss      | -142     |
|    critic_loss     | 27.4     |
|    ent_coef        | 0.0871   |
|    ent_coef_loss   | 0.786    |
|    learning_rate   | 0.0003   |
|    n_updates       | 28173    |
---------------------------------
---------------------------------
| rollout/           |          |
|    ep_len_mean     | 122      |
|    ep_rew_mean     | 287      |
| time/              |          |
|    episodes        | 712      |
|    fps             | 428      |
|    time_elapsed    | 90       |
|    total_timesteps | 38644    |
| train/             |          |
|    actor_loss      | -148     |
|    critic_loss     | 42.1     |
|    ent_coef        | 0.0841   |
|    ent_coef_loss   | -0.682   |
|    learning_rate   | 0.0003   |
|    n_updates       | 28643    |
---------------------------------
---------------------------------
| rollout/           |          |
|    ep_len_mean     | 121      |
|    ep_rew_mean     | 288      |
| time/              |          |
|    episodes        | 716      |
|    fps             | 426      |
|    time_elapsed    | 91       |
|    total_timesteps | 39147    |
| train/             |          |
|    actor_loss      | -148     |
|    critic_loss     | 7.26     |
|    ent_coef        | 0.0868   |
|    ent_coef_loss   | -1.08    |
|    learning_rate   | 0.0003   |
|    n_updates       | 29146    |
---------------------------------
---------------------------------
| rollout/           |          |
|    ep_len_mean     | 121      |
|    ep_rew_mean     | 287      |
| time/              |          |
|    episodes        | 720      |
|    fps             | 424      |
|    time_elapsed    | 93       |
|    total_timesteps | 39659    |
| train/             |          |
|    actor_loss      | -147     |
|    critic_loss     | 20.8     |
|    ent_coef        | 0.0859   |
|    ent_coef_loss   | -0.515   |
|    learning_rate   | 0.0003   |
|    n_updates       | 29658    |
---------------------------------
Eval num_timesteps=40000, episode_reward=442.43 +/- 170.31
Episode length: 389.30 +/- 169.03
---------------------------------
| eval/              |          |
|    mean_ep_length  | 389      |
|    mean_reward     | 442      |
| time/              |          |
|    total_timesteps | 40000    |
| train/             |          |
|    actor_loss      | -143     |
|    critic_loss     | 21.3     |
|    ent_coef        | 0.0854   |
|    ent_coef_loss   | -0.384   |
|    learning_rate   | 0.0003   |
|    n_updates       | 29999    |
---------------------------------
New best mean reward!
---------------------------------
| rollout/           |          |
|    ep_len_mean     | 120      |
|    ep_rew_mean     | 285      |
| time/              |          |
|    episodes        | 724      |
|    fps             | 420      |
|    time_elapsed    | 95       |
|    total_timesteps | 40150    |
| train/             |          |
|    actor_loss      | -151     |
|    critic_loss     | 20.6     |
|    ent_coef        | 0.0841   |
|    ent_coef_loss   | -0.58    |
|    learning_rate   | 0.0003   |
|    n_updates       | 30149    |
---------------------------------
---------------------------------
| rollout/           |          |
|    ep_len_mean     | 121      |
|    ep_rew_mean     | 286      |
| time/              |          |
|    episodes        | 728      |
|    fps             | 418      |
|    time_elapsed    | 97       |
|    total_timesteps | 40813    |
| train/             |          |
|    actor_loss      | -147     |
|    critic_loss     | 18.7     |
|    ent_coef        | 0.0805   |
|    ent_coef_loss   | 0.0213   |
|    learning_rate   | 0.0003   |
|    n_updates       | 30812    |
---------------------------------
---------------------------------
| rollout/           |          |
|    ep_len_mean     | 120      |
|    ep_rew_mean     | 285      |
| time/              |          |
|    episodes        | 732      |
|    fps             | 416      |
|    time_elapsed    | 99       |
|    total_timesteps | 41313    |
| train/             |          |
|    actor_loss      | -148     |
|    critic_loss     | 19.5     |
|    ent_coef        | 0.0788   |
|    ent_coef_loss   | 0.338    |
|    learning_rate   | 0.0003   |
|    n_updates       | 31312    |
---------------------------------
---------------------------------
| rollout/           |          |
|    ep_len_mean     | 120      |
|    ep_rew_mean     | 286      |
| time/              |          |
|    episodes        | 736      |
|    fps             | 415      |
|    time_elapsed    | 100      |
|    total_timesteps | 41787    |
| train/             |          |
|    actor_loss      | -145     |
|    critic_loss     | 24.7     |
|    ent_coef        | 0.0816   |
|    ent_coef_loss   | 0.622    |
|    learning_rate   | 0.0003   |
|    n_updates       | 31786    |
---------------------------------
---------------------------------
| rollout/           |          |
|    ep_len_mean     | 120      |
|    ep_rew_mean     | 287      |
| time/              |          |
|    episodes        | 740      |
|    fps             | 414      |
|    time_elapsed    | 102      |
|    total_timesteps | 42268    |
| train/             |          |
|    actor_loss      | -144     |
|    critic_loss     | 43.7     |
|    ent_coef        | 0.0819   |
|    ent_coef_loss   | -0.361   |
|    learning_rate   | 0.0003   |
|    n_updates       | 32267    |
---------------------------------
---------------------------------
| rollout/           |          |
|    ep_len_mean     | 120      |
|    ep_rew_mean     | 287      |
| time/              |          |
|    episodes        | 744      |
|    fps             | 412      |
|    time_elapsed    | 103      |
|    total_timesteps | 42752    |
| train/             |          |
|    actor_loss      | -143     |
|    critic_loss     | 10.9     |
|    ent_coef        | 0.0799   |
|    ent_coef_loss   | 1.02     |
|    learning_rate   | 0.0003   |
|    n_updates       | 32751    |
---------------------------------
---------------------------------
| rollout/           |          |
|    ep_len_mean     | 120      |
|    ep_rew_mean     | 287      |
| time/              |          |
|    episodes        | 748      |
|    fps             | 411      |
|    time_elapsed    | 105      |
|    total_timesteps | 43239    |
| train/             |          |
|    actor_loss      | -144     |
|    critic_loss     | 19.1     |
|    ent_coef        | 0.0791   |
|    ent_coef_loss   | -0.0832  |
|    learning_rate   | 0.0003   |
|    n_updates       | 33238    |
---------------------------------
---------------------------------
| rollout/           |          |
|    ep_len_mean     | 121      |
|    ep_rew_mean     | 287      |
| time/              |          |
|    episodes        | 752      |
|    fps             | 410      |
|    time_elapsed    | 106      |
|    total_timesteps | 43778    |
| train/             |          |
|    actor_loss      | -143     |
|    critic_loss     | 26.7     |
|    ent_coef        | 0.0769   |
|    ent_coef_loss   | -0.481   |
|    learning_rate   | 0.0003   |
|    n_updates       | 33777    |
---------------------------------
---------------------------------
| rollout/           |          |
|    ep_len_mean     | 124      |
|    ep_rew_mean     | 292      |
| time/              |          |
|    episodes        | 756      |
|    fps             | 408      |
|    time_elapsed    | 109      |
|    total_timesteps | 44559    |
| train/             |          |
|    actor_loss      | -141     |
|    critic_loss     | 11.9     |
|    ent_coef        | 0.0713   |
|    ent_coef_loss   | -0.628   |
|    learning_rate   | 0.0003   |
|    n_updates       | 34558    |
---------------------------------
---------------------------------
| rollout/           |          |
|    ep_len_mean     | 130      |
|    ep_rew_mean     | 298      |
| time/              |          |
|    episodes        | 760      |
|    fps             | 406      |
|    time_elapsed    | 111      |
|    total_timesteps | 45475    |
| train/             |          |
|    actor_loss      | -141     |
|    critic_loss     | 14.8     |
|    ent_coef        | 0.0715   |
|    ent_coef_loss   | 0.727    |
|    learning_rate   | 0.0003   |
|    n_updates       | 35474    |
---------------------------------
---------------------------------
| rollout/           |          |
|    ep_len_mean     | 132      |
|    ep_rew_mean     | 302      |
| time/              |          |
|    episodes        | 764      |
|    fps             | 405      |
|    time_elapsed    | 113      |
|    total_timesteps | 46111    |
| train/             |          |
|    actor_loss      | -143     |
|    critic_loss     | 11.7     |
|    ent_coef        | 0.0731   |
|    ent_coef_loss   | -0.36    |
|    learning_rate   | 0.0003   |
|    n_updates       | 36110    |
---------------------------------
---------------------------------
| rollout/           |          |
|    ep_len_mean     | 132      |
|    ep_rew_mean     | 305      |
| time/              |          |
|    episodes        | 768      |
|    fps             | 403      |
|    time_elapsed    | 115      |
|    total_timesteps | 46628    |
| train/             |          |
|    actor_loss      | -140     |
|    critic_loss     | 11.4     |
|    ent_coef        | 0.0727   |
|    ent_coef_loss   | -0.106   |
|    learning_rate   | 0.0003   |
|    n_updates       | 36627    |
---------------------------------
---------------------------------
| rollout/           |          |
|    ep_len_mean     | 133      |
|    ep_rew_mean     | 307      |
| time/              |          |
|    episodes        | 772      |
|    fps             | 402      |
|    time_elapsed    | 117      |
|    total_timesteps | 47151    |
| train/             |          |
|    actor_loss      | -136     |
|    critic_loss     | 34.1     |
|    ent_coef        | 0.074    |
|    ent_coef_loss   | -0.0458  |
|    learning_rate   | 0.0003   |
|    n_updates       | 37150    |
---------------------------------
---------------------------------
| rollout/           |          |
|    ep_len_mean     | 133      |
|    ep_rew_mean     | 309      |
| time/              |          |
|    episodes        | 776      |
|    fps             | 401      |
|    time_elapsed    | 118      |
|    total_timesteps | 47665    |
| train/             |          |
|    actor_loss      | -133     |
|    critic_loss     | 17.5     |
|    ent_coef        | 0.072    |
|    ent_coef_loss   | -0.513   |
|    learning_rate   | 0.0003   |
|    n_updates       | 37664    |
---------------------------------
---------------------------------
| rollout/           |          |
|    ep_len_mean     | 134      |
|    ep_rew_mean     | 310      |
| time/              |          |
|    episodes        | 780      |
|    fps             | 400      |
|    time_elapsed    | 120      |
|    total_timesteps | 48233    |
| train/             |          |
|    actor_loss      | -139     |
|    critic_loss     | 11       |
|    ent_coef        | 0.0695   |
|    ent_coef_loss   | 0.45     |
|    learning_rate   | 0.0003   |
|    n_updates       | 38232    |
---------------------------------
---------------------------------
| rollout/           |          |
|    ep_len_mean     | 135      |
|    ep_rew_mean     | 311      |
| time/              |          |
|    episodes        | 784      |
|    fps             | 399      |
|    time_elapsed    | 122      |
|    total_timesteps | 48779    |
| train/             |          |
|    actor_loss      | -141     |
|    critic_loss     | 18.9     |
|    ent_coef        | 0.0698   |
|    ent_coef_loss   | 0.0236   |
|    learning_rate   | 0.0003   |
|    n_updates       | 38778    |
---------------------------------
---------------------------------
| rollout/           |          |
|    ep_len_mean     | 135      |
|    ep_rew_mean     | 314      |
| time/              |          |
|    episodes        | 788      |
|    fps             | 398      |
|    time_elapsed    | 123      |
|    total_timesteps | 49315    |
| train/             |          |
|    actor_loss      | -135     |
|    critic_loss     | 7.96     |
|    ent_coef        | 0.0681   |
|    ent_coef_loss   | -0.576   |
|    learning_rate   | 0.0003   |
|    n_updates       | 39314    |
---------------------------------
---------------------------------
| rollout/           |          |
|    ep_len_mean     | 136      |
|    ep_rew_mean     | 317      |
| time/              |          |
|    episodes        | 792      |
|    fps             | 397      |
|    time_elapsed    | 125      |
|    total_timesteps | 49845    |
| train/             |          |
|    actor_loss      | -132     |
|    critic_loss     | 12.2     |
|    ent_coef        | 0.0667   |
|    ent_coef_loss   | -0.653   |
|    learning_rate   | 0.0003   |
|    n_updates       | 39844    |
---------------------------------
Eval num_timesteps=50000, episode_reward=427.71 +/- 48.95
Episode length: 174.30 +/- 43.92
---------------------------------
| eval/              |          |
|    mean_ep_length  | 174      |
|    mean_reward     | 428      |
| time/              |          |
|    total_timesteps | 50000    |
| train/             |          |
|    actor_loss      | -138     |
|    critic_loss     | 40.7     |
|    ent_coef        | 0.0665   |
|    ent_coef_loss   | 0.661    |
|    learning_rate   | 0.0003   |
|    n_updates       | 39999    |
---------------------------------
---------------------------------
| rollout/           |          |
|    ep_len_mean     | 136      |
|    ep_rew_mean     | 319      |
| time/              |          |
|    episodes        | 796      |
|    fps             | 395      |
|    time_elapsed    | 127      |
|    total_timesteps | 50374    |
| train/             |          |
|    actor_loss      | -131     |
|    critic_loss     | 19.2     |
|    ent_coef        | 0.0664   |
|    ent_coef_loss   | 1.33     |
|    learning_rate   | 0.0003   |
|    n_updates       | 40373    |
---------------------------------
---------------------------------
| rollout/           |          |
|    ep_len_mean     | 137      |
|    ep_rew_mean     | 322      |
| time/              |          |
|    episodes        | 800      |
|    fps             | 394      |
|    time_elapsed    | 128      |
|    total_timesteps | 50901    |
| train/             |          |
|    actor_loss      | -143     |
|    critic_loss     | 11.2     |
|    ent_coef        | 0.0648   |
|    ent_coef_loss   | -0.689   |
|    learning_rate   | 0.0003   |
|    n_updates       | 40900    |
---------------------------------
---------------------------------
| rollout/           |          |
|    ep_len_mean     | 137      |
|    ep_rew_mean     | 325      |
| time/              |          |
|    episodes        | 804      |
|    fps             | 394      |
|    time_elapsed    | 130      |
|    total_timesteps | 51418    |
| train/             |          |
|    actor_loss      | -132     |
|    critic_loss     | 25.4     |
|    ent_coef        | 0.0651   |
|    ent_coef_loss   | 0.804    |
|    learning_rate   | 0.0003   |
|    n_updates       | 41417    |
---------------------------------
---------------------------------
| rollout/           |          |
|    ep_len_mean     | 139      |
|    ep_rew_mean     | 333      |
| time/              |          |
|    episodes        | 808      |
|    fps             | 392      |
|    time_elapsed    | 132      |
|    total_timesteps | 52106    |
| train/             |          |
|    actor_loss      | -134     |
|    critic_loss     | 16.9     |
|    ent_coef        | 0.0657   |
|    ent_coef_loss   | 0.839    |
|    learning_rate   | 0.0003   |
|    n_updates       | 42105    |
---------------------------------
---------------------------------
| rollout/           |          |
|    ep_len_mean     | 141      |
|    ep_rew_mean     | 339      |
| time/              |          |
|    episodes        | 812      |
|    fps             | 391      |
|    time_elapsed    | 134      |
|    total_timesteps | 52737    |
| train/             |          |
|    actor_loss      | -137     |
|    critic_loss     | 13.7     |
|    ent_coef        | 0.0672   |
|    ent_coef_loss   | -0.0544  |
|    learning_rate   | 0.0003   |
|    n_updates       | 42736    |
---------------------------------
---------------------------------
| rollout/           |          |
|    ep_len_mean     | 148      |
|    ep_rew_mean     | 352      |
| time/              |          |
|    episodes        | 816      |
|    fps             | 390      |
|    time_elapsed    | 138      |
|    total_timesteps | 53993    |
| train/             |          |
|    actor_loss      | -135     |
|    critic_loss     | 13.3     |
|    ent_coef        | 0.0704   |
|    ent_coef_loss   | -0.113   |
|    learning_rate   | 0.0003   |
|    n_updates       | 43992    |
---------------------------------
---------------------------------
| rollout/           |          |
|    ep_len_mean     | 151      |
|    ep_rew_mean     | 359      |
| time/              |          |
|    episodes        | 820      |
|    fps             | 389      |
|    time_elapsed    | 140      |
|    total_timesteps | 54766    |
| train/             |          |
|    actor_loss      | -136     |
|    critic_loss     | 10.5     |
|    ent_coef        | 0.0717   |
|    ent_coef_loss   | -0.206   |
|    learning_rate   | 0.0003   |
|    n_updates       | 44765    |
---------------------------------
---------------------------------
| rollout/           |          |
|    ep_len_mean     | 152      |
|    ep_rew_mean     | 363      |
| time/              |          |
|    episodes        | 824      |
|    fps             | 388      |
|    time_elapsed    | 142      |
|    total_timesteps | 55377    |
| train/             |          |
|    actor_loss      | -137     |
|    critic_loss     | 12.6     |
|    ent_coef        | 0.0735   |
|    ent_coef_loss   | -0.516   |
|    learning_rate   | 0.0003   |
|    n_updates       | 45376    |
---------------------------------
---------------------------------
| rollout/           |          |
|    ep_len_mean     | 151      |
|    ep_rew_mean     | 366      |
| time/              |          |
|    episodes        | 828      |
|    fps             | 387      |
|    time_elapsed    | 144      |
|    total_timesteps | 55959    |
| train/             |          |
|    actor_loss      | -139     |
|    critic_loss     | 12.7     |
|    ent_coef        | 0.0728   |
|    ent_coef_loss   | -0.0583  |
|    learning_rate   | 0.0003   |
|    n_updates       | 45958    |
---------------------------------
---------------------------------
| rollout/           |          |
|    ep_len_mean     | 158      |
|    ep_rew_mean     | 373      |
| time/              |          |
|    episodes        | 832      |
|    fps             | 385      |
|    time_elapsed    | 148      |
|    total_timesteps | 57111    |
| train/             |          |
|    actor_loss      | -138     |
|    critic_loss     | 12.9     |
|    ent_coef        | 0.0744   |
|    ent_coef_loss   | -0.15    |
|    learning_rate   | 0.0003   |
|    n_updates       | 47110    |
---------------------------------
---------------------------------
| rollout/           |          |
|    ep_len_mean     | 161      |
|    ep_rew_mean     | 378      |
| time/              |          |
|    episodes        | 836      |
|    fps             | 384      |
|    time_elapsed    | 150      |
|    total_timesteps | 57900    |
| train/             |          |
|    actor_loss      | -139     |
|    critic_loss     | 7.47     |
|    ent_coef        | 0.0732   |
|    ent_coef_loss   | -0.381   |
|    learning_rate   | 0.0003   |
|    n_updates       | 47899    |
---------------------------------
---------------------------------
| rollout/           |          |
|    ep_len_mean     | 165      |
|    ep_rew_mean     | 382      |
| time/              |          |
|    episodes        | 840      |
|    fps             | 383      |
|    time_elapsed    | 152      |
|    total_timesteps | 58723    |
| train/             |          |
|    actor_loss      | -141     |
|    critic_loss     | 58.5     |
|    ent_coef        | 0.0717   |
|    ent_coef_loss   | -0.09    |
|    learning_rate   | 0.0003   |
|    n_updates       | 48722    |
---------------------------------
---------------------------------
| rollout/           |          |
|    ep_len_mean     | 168      |
|    ep_rew_mean     | 392      |
| time/              |          |
|    episodes        | 844      |
|    fps             | 382      |
|    time_elapsed    | 155      |
|    total_timesteps | 59592    |
| train/             |          |
|    actor_loss      | -142     |
|    critic_loss     | 9.22     |
|    ent_coef        | 0.0751   |
|    ent_coef_loss   | 1.09     |
|    learning_rate   | 0.0003   |
|    n_updates       | 49591    |
---------------------------------
Eval num_timesteps=60000, episode_reward=597.65 +/- 1.36
Episode length: 196.50 +/- 0.50
---------------------------------
| eval/              |          |
|    mean_ep_length  | 196      |
|    mean_reward     | 598      |
| time/              |          |
|    total_timesteps | 60000    |
| train/             |          |
|    actor_loss      | -142     |
|    critic_loss     | 20.1     |
|    ent_coef        | 0.0768   |
|    ent_coef_loss   | 0.644    |
|    learning_rate   | 0.0003   |
|    n_updates       | 49999    |
---------------------------------
New best mean reward!
---------------------------------
| rollout/           |          |
|    ep_len_mean     | 171      |
|    ep_rew_mean     | 404      |
| time/              |          |
|    episodes        | 848      |
|    fps             | 381      |
|    time_elapsed    | 158      |
|    total_timesteps | 60369    |
| train/             |          |
|    actor_loss      | -142     |
|    critic_loss     | 21       |
|    ent_coef        | 0.0776   |
|    ent_coef_loss   | -0.0995  |
|    learning_rate   | 0.0003   |
|    n_updates       | 50368    |
---------------------------------
---------------------------------
| rollout/           |          |
|    ep_len_mean     | 173      |
|    ep_rew_mean     | 413      |
| time/              |          |
|    episodes        | 852      |
|    fps             | 380      |
|    time_elapsed    | 160      |
|    total_timesteps | 61078    |
| train/             |          |
|    actor_loss      | -150     |
|    critic_loss     | 20.7     |
|    ent_coef        | 0.0816   |
|    ent_coef_loss   | 0.211    |
|    learning_rate   | 0.0003   |
|    n_updates       | 51077    |
---------------------------------
---------------------------------
| rollout/           |          |
|    ep_len_mean     | 172      |
|    ep_rew_mean     | 419      |
| time/              |          |
|    episodes        | 856      |
|    fps             | 379      |
|    time_elapsed    | 162      |
|    total_timesteps | 61760    |
| train/             |          |
|    actor_loss      | -147     |
|    critic_loss     | 6.97     |
|    ent_coef        | 0.0816   |
|    ent_coef_loss   | 0.00881  |
|    learning_rate   | 0.0003   |
|    n_updates       | 51759    |
---------------------------------
---------------------------------
| rollout/           |          |
|    ep_len_mean     | 170      |
|    ep_rew_mean     | 426      |
| time/              |          |
|    episodes        | 860      |
|    fps             | 378      |
|    time_elapsed    | 164      |
|    total_timesteps | 62455    |
| train/             |          |
|    actor_loss      | -142     |
|    critic_loss     | 14.9     |
|    ent_coef        | 0.0847   |
|    ent_coef_loss   | 0.625    |
|    learning_rate   | 0.0003   |
|    n_updates       | 52454    |
---------------------------------
---------------------------------
| rollout/           |          |
|    ep_len_mean     | 170      |
|    ep_rew_mean     | 433      |
| time/              |          |
|    episodes        | 864      |
|    fps             | 378      |
|    time_elapsed    | 166      |
|    total_timesteps | 63122    |
| train/             |          |
|    actor_loss      | -147     |
|    critic_loss     | 10.3     |
|    ent_coef        | 0.0835   |
|    ent_coef_loss   | -0.0939  |
|    learning_rate   | 0.0003   |
|    n_updates       | 53121    |
---------------------------------
---------------------------------
| rollout/           |          |
|    ep_len_mean     | 172      |
|    ep_rew_mean     | 441      |
| time/              |          |
|    episodes        | 868      |
|    fps             | 377      |
|    time_elapsed    | 169      |
|    total_timesteps | 63829    |
| train/             |          |
|    actor_loss      | -151     |
|    critic_loss     | 9.65     |
|    ent_coef        | 0.0835   |
|    ent_coef_loss   | -0.206   |
|    learning_rate   | 0.0003   |
|    n_updates       | 53828    |
---------------------------------
---------------------------------
| rollout/           |          |
|    ep_len_mean     | 173      |
|    ep_rew_mean     | 448      |
| time/              |          |
|    episodes        | 872      |
|    fps             | 376      |
|    time_elapsed    | 171      |
|    total_timesteps | 64471    |
| train/             |          |
|    actor_loss      | -145     |
|    critic_loss     | 25.2     |
|    ent_coef        | 0.0835   |
|    ent_coef_loss   | -0.089   |
|    learning_rate   | 0.0003   |
|    n_updates       | 54470    |
---------------------------------
---------------------------------
| rollout/           |          |
|    ep_len_mean     | 174      |
|    ep_rew_mean     | 453      |
| time/              |          |
|    episodes        | 876      |
|    fps             | 376      |
|    time_elapsed    | 173      |
|    total_timesteps | 65112    |
| train/             |          |
|    actor_loss      | -150     |
|    critic_loss     | 12       |
|    ent_coef        | 0.084    |
|    ent_coef_loss   | -0.12    |
|    learning_rate   | 0.0003   |
|    n_updates       | 55111    |
---------------------------------
---------------------------------
| rollout/           |          |
|    ep_len_mean     | 176      |
|    ep_rew_mean     | 462      |
| time/              |          |
|    episodes        | 880      |
|    fps             | 375      |
|    time_elapsed    | 175      |
|    total_timesteps | 65847    |
| train/             |          |
|    actor_loss      | -149     |
|    critic_loss     | 7.52     |
|    ent_coef        | 0.0847   |
|    ent_coef_loss   | -1.11    |
|    learning_rate   | 0.0003   |
|    n_updates       | 55846    |
---------------------------------
---------------------------------
| rollout/           |          |
|    ep_len_mean     | 175      |
|    ep_rew_mean     | 456      |
| time/              |          |
|    episodes        | 884      |
|    fps             | 375      |
|    time_elapsed    | 176      |
|    total_timesteps | 66265    |
| train/             |          |
|    actor_loss      | -150     |
|    critic_loss     | 12.4     |
|    ent_coef        | 0.0859   |
|    ent_coef_loss   | -0.353   |
|    learning_rate   | 0.0003   |
|    n_updates       | 56264    |
---------------------------------
---------------------------------
| rollout/           |          |
|    ep_len_mean     | 175      |
|    ep_rew_mean     | 459      |
| time/              |          |
|    episodes        | 888      |
|    fps             | 374      |
|    time_elapsed    | 178      |
|    total_timesteps | 66856    |
| train/             |          |
|    actor_loss      | -150     |
|    critic_loss     | 9.64     |
|    ent_coef        | 0.0834   |
|    ent_coef_loss   | -0.0154  |
|    learning_rate   | 0.0003   |
|    n_updates       | 56855    |
---------------------------------
---------------------------------
| rollout/           |          |
|    ep_len_mean     | 176      |
|    ep_rew_mean     | 463      |
| time/              |          |
|    episodes        | 892      |
|    fps             | 374      |
|    time_elapsed    | 180      |
|    total_timesteps | 67477    |
| train/             |          |
|    actor_loss      | -159     |
|    critic_loss     | 11.2     |
|    ent_coef        | 0.0844   |
|    ent_coef_loss   | -0.272   |
|    learning_rate   | 0.0003   |
|    n_updates       | 57476    |
---------------------------------
---------------------------------
| rollout/           |          |
|    ep_len_mean     | 178      |
|    ep_rew_mean     | 470      |
| time/              |          |
|    episodes        | 896      |
|    fps             | 373      |
|    time_elapsed    | 182      |
|    total_timesteps | 68212    |
| train/             |          |
|    actor_loss      | -160     |
|    critic_loss     | 11.2     |
|    ent_coef        | 0.0887   |
|    ent_coef_loss   | -0.534   |
|    learning_rate   | 0.0003   |
|    n_updates       | 58211    |
---------------------------------
---------------------------------
| rollout/           |          |
|    ep_len_mean     | 181      |
|    ep_rew_mean     | 480      |
| time/              |          |
|    episodes        | 900      |
|    fps             | 373      |
|    time_elapsed    | 184      |
|    total_timesteps | 68998    |
| train/             |          |
|    actor_loss      | -154     |
|    critic_loss     | 14.6     |
|    ent_coef        | 0.09     |
|    ent_coef_loss   | 0.28     |
|    learning_rate   | 0.0003   |
|    n_updates       | 58997    |
---------------------------------
---------------------------------
| rollout/           |          |
|    ep_len_mean     | 184      |
|    ep_rew_mean     | 490      |
| time/              |          |
|    episodes        | 904      |
|    fps             | 372      |
|    time_elapsed    | 187      |
|    total_timesteps | 69774    |
| train/             |          |
|    actor_loss      | -156     |
|    critic_loss     | 108      |
|    ent_coef        | 0.0923   |
|    ent_coef_loss   | -0.489   |
|    learning_rate   | 0.0003   |
|    n_updates       | 59773    |
---------------------------------
Eval num_timesteps=70000, episode_reward=609.99 +/- 12.01
Episode length: 195.40 +/- 5.31
---------------------------------
| eval/              |          |
|    mean_ep_length  | 195      |
|    mean_reward     | 610      |
| time/              |          |
|    total_timesteps | 70000    |
| train/             |          |
|    actor_loss      | -156     |
|    critic_loss     | 19.5     |
|    ent_coef        | 0.0913   |
|    ent_coef_loss   | -0.588   |
|    learning_rate   | 0.0003   |
|    n_updates       | 59999    |
---------------------------------
New best mean reward!
---------------------------------
| rollout/           |          |
|    ep_len_mean     | 184      |
|    ep_rew_mean     | 492      |
| time/              |          |
|    episodes        | 908      |
|    fps             | 371      |
|    time_elapsed    | 189      |
|    total_timesteps | 70470    |
| train/             |          |
|    actor_loss      | -165     |
|    critic_loss     | 21.5     |
|    ent_coef        | 0.0884   |
|    ent_coef_loss   | -0.248   |
|    learning_rate   | 0.0003   |
|    n_updates       | 60469    |
---------------------------------
---------------------------------
| rollout/           |          |
|    ep_len_mean     | 184      |
|    ep_rew_mean     | 495      |
| time/              |          |
|    episodes        | 912      |
|    fps             | 370      |
|    time_elapsed    | 192      |
|    total_timesteps | 71168    |
| train/             |          |
|    actor_loss      | -164     |
|    critic_loss     | 14.6     |
|    ent_coef        | 0.0859   |
|    ent_coef_loss   | -0.143   |
|    learning_rate   | 0.0003   |
|    n_updates       | 61167    |
---------------------------------
---------------------------------
| rollout/           |          |
|    ep_len_mean     | 179      |
|    ep_rew_mean     | 492      |
| time/              |          |
|    episodes        | 916      |
|    fps             | 370      |
|    time_elapsed    | 194      |
|    total_timesteps | 71863    |
| train/             |          |
|    actor_loss      | -159     |
|    critic_loss     | 14.6     |
|    ent_coef        | 0.0841   |
|    ent_coef_loss   | 0.322    |
|    learning_rate   | 0.0003   |
|    n_updates       | 61862    |
---------------------------------
---------------------------------
| rollout/           |          |
|    ep_len_mean     | 177      |
|    ep_rew_mean     | 492      |
| time/              |          |
|    episodes        | 920      |
|    fps             | 369      |
|    time_elapsed    | 196      |
|    total_timesteps | 72480    |
| train/             |          |
|    actor_loss      | -161     |
|    critic_loss     | 14.6     |
|    ent_coef        | 0.0804   |
|    ent_coef_loss   | 0.225    |
|    learning_rate   | 0.0003   |
|    n_updates       | 62479    |
---------------------------------
---------------------------------
| rollout/           |          |
|    ep_len_mean     | 178      |
|    ep_rew_mean     | 496      |
| time/              |          |
|    episodes        | 924      |
|    fps             | 369      |
|    time_elapsed    | 198      |
|    total_timesteps | 73147    |
| train/             |          |
|    actor_loss      | -159     |
|    critic_loss     | 20       |
|    ent_coef        | 0.0776   |
|    ent_coef_loss   | -0.445   |
|    learning_rate   | 0.0003   |
|    n_updates       | 63146    |
---------------------------------
---------------------------------
| rollout/           |          |
|    ep_len_mean     | 178      |
|    ep_rew_mean     | 498      |
| time/              |          |
|    episodes        | 928      |
|    fps             | 368      |
|    time_elapsed    | 200      |
|    total_timesteps | 73767    |
| train/             |          |
|    actor_loss      | -158     |
|    critic_loss     | 11.6     |
|    ent_coef        | 0.0793   |
|    ent_coef_loss   | -0.284   |
|    learning_rate   | 0.0003   |
|    n_updates       | 63766    |
---------------------------------
---------------------------------
| rollout/           |          |
|    ep_len_mean     | 174      |
|    ep_rew_mean     | 501      |
| time/              |          |
|    episodes        | 932      |
|    fps             | 368      |
|    time_elapsed    | 202      |
|    total_timesteps | 74531    |
| train/             |          |
|    actor_loss      | -167     |
|    critic_loss     | 14.3     |
|    ent_coef        | 0.0804   |
|    ent_coef_loss   | -0.545   |
|    learning_rate   | 0.0003   |
|    n_updates       | 64530    |
---------------------------------
---------------------------------
| rollout/           |          |
|    ep_len_mean     | 174      |
|    ep_rew_mean     | 508      |
| time/              |          |
|    episodes        | 936      |
|    fps             | 367      |
|    time_elapsed    | 204      |
|    total_timesteps | 75342    |
| train/             |          |
|    actor_loss      | -158     |
|    critic_loss     | 11.7     |
|    ent_coef        | 0.0825   |
|    ent_coef_loss   | -0.263   |
|    learning_rate   | 0.0003   |
|    n_updates       | 65341    |
---------------------------------
---------------------------------
| rollout/           |          |
|    ep_len_mean     | 174      |
|    ep_rew_mean     | 517      |
| time/              |          |
|    episodes        | 940      |
|    fps             | 367      |
|    time_elapsed    | 207      |
|    total_timesteps | 76141    |
| train/             |          |
|    actor_loss      | -165     |
|    critic_loss     | 10.2     |
|    ent_coef        | 0.0814   |
|    ent_coef_loss   | -0.166   |
|    learning_rate   | 0.0003   |
|    n_updates       | 66140    |
---------------------------------
---------------------------------
| rollout/           |          |
|    ep_len_mean     | 173      |
|    ep_rew_mean     | 519      |
| time/              |          |
|    episodes        | 944      |
|    fps             | 366      |
|    time_elapsed    | 209      |
|    total_timesteps | 76907    |
| train/             |          |
|    actor_loss      | -168     |
|    critic_loss     | 20.6     |
|    ent_coef        | 0.084    |
|    ent_coef_loss   | 0.191    |
|    learning_rate   | 0.0003   |
|    n_updates       | 66906    |
---------------------------------
---------------------------------
| rollout/           |          |
|    ep_len_mean     | 173      |
|    ep_rew_mean     | 522      |
| time/              |          |
|    episodes        | 948      |
|    fps             | 366      |
|    time_elapsed    | 212      |
|    total_timesteps | 77717    |
| train/             |          |
|    actor_loss      | -168     |
|    critic_loss     | 14.7     |
|    ent_coef        | 0.0847   |
|    ent_coef_loss   | 0.458    |
|    learning_rate   | 0.0003   |
|    n_updates       | 67716    |
---------------------------------
---------------------------------
| rollout/           |          |
|    ep_len_mean     | 174      |
|    ep_rew_mean     | 526      |
| time/              |          |
|    episodes        | 952      |
|    fps             | 365      |
|    time_elapsed    | 214      |
|    total_timesteps | 78510    |
| train/             |          |
|    actor_loss      | -170     |
|    critic_loss     | 20.2     |
|    ent_coef        | 0.0853   |
|    ent_coef_loss   | 0.308    |
|    learning_rate   | 0.0003   |
|    n_updates       | 68509    |
---------------------------------
---------------------------------
| rollout/           |          |
|    ep_len_mean     | 175      |
|    ep_rew_mean     | 530      |
| time/              |          |
|    episodes        | 956      |
|    fps             | 365      |
|    time_elapsed    | 216      |
|    total_timesteps | 79284    |
| train/             |          |
|    actor_loss      | -166     |
|    critic_loss     | 11.2     |
|    ent_coef        | 0.0865   |
|    ent_coef_loss   | 0.255    |
|    learning_rate   | 0.0003   |
|    n_updates       | 69283    |
---------------------------------
Eval num_timesteps=80000, episode_reward=560.24 +/- 2.67
Episode length: 176.70 +/- 0.64
---------------------------------
| eval/              |          |
|    mean_ep_length  | 177      |
|    mean_reward     | 560      |
| time/              |          |
|    total_timesteps | 80000    |
| train/             |          |
|    actor_loss      | -170     |
|    critic_loss     | 14.8     |
|    ent_coef        | 0.0856   |
|    ent_coef_loss   | 0.185    |
|    learning_rate   | 0.0003   |
|    n_updates       | 69999    |
---------------------------------
---------------------------------
| rollout/           |          |
|    ep_len_mean     | 176      |
|    ep_rew_mean     | 534      |
| time/              |          |
|    episodes        | 960      |
|    fps             | 364      |
|    time_elapsed    | 219      |
|    total_timesteps | 80073    |
| train/             |          |
|    actor_loss      | -171     |
|    critic_loss     | 8.87     |
|    ent_coef        | 0.0864   |
|    ent_coef_loss   | 0.124    |
|    learning_rate   | 0.0003   |
|    n_updates       | 70072    |
---------------------------------
---------------------------------
| rollout/           |          |
|    ep_len_mean     | 177      |
|    ep_rew_mean     | 539      |
| time/              |          |
|    episodes        | 964      |
|    fps             | 364      |
|    time_elapsed    | 222      |
|    total_timesteps | 80860    |
| train/             |          |
|    actor_loss      | -175     |
|    critic_loss     | 16.6     |
|    ent_coef        | 0.0846   |
|    ent_coef_loss   | -0.867   |
|    learning_rate   | 0.0003   |
|    n_updates       | 70859    |
---------------------------------
---------------------------------
| rollout/           |          |
|    ep_len_mean     | 178      |
|    ep_rew_mean     | 542      |
| time/              |          |
|    episodes        | 968      |
|    fps             | 363      |
|    time_elapsed    | 224      |
|    total_timesteps | 81630    |
| train/             |          |
|    actor_loss      | -177     |
|    critic_loss     | 13.2     |
|    ent_coef        | 0.0833   |
|    ent_coef_loss   | 0.0173   |
|    learning_rate   | 0.0003   |
|    n_updates       | 71629    |
---------------------------------
---------------------------------
| rollout/           |          |
|    ep_len_mean     | 180      |
|    ep_rew_mean     | 548      |
| time/              |          |
|    episodes        | 972      |
|    fps             | 363      |
|    time_elapsed    | 226      |
|    total_timesteps | 82435    |
| train/             |          |
|    actor_loss      | -171     |
|    critic_loss     | 13.4     |
|    ent_coef        | 0.0856   |
|    ent_coef_loss   | 0.22     |
|    learning_rate   | 0.0003   |
|    n_updates       | 72434    |
---------------------------------
---------------------------------
| rollout/           |          |
|    ep_len_mean     | 180      |
|    ep_rew_mean     | 552      |
| time/              |          |
|    episodes        | 976      |
|    fps             | 362      |
|    time_elapsed    | 229      |
|    total_timesteps | 83157    |
| train/             |          |
|    actor_loss      | -175     |
|    critic_loss     | 11.7     |
|    ent_coef        | 0.0845   |
|    ent_coef_loss   | 0.241    |
|    learning_rate   | 0.0003   |
|    n_updates       | 73156    |
---------------------------------
---------------------------------
| rollout/           |          |
|    ep_len_mean     | 181      |
|    ep_rew_mean     | 556      |
| time/              |          |
|    episodes        | 980      |
|    fps             | 362      |
|    time_elapsed    | 231      |
|    total_timesteps | 83970    |
| train/             |          |
|    actor_loss      | -171     |
|    critic_loss     | 19.4     |
|    ent_coef        | 0.0844   |
|    ent_coef_loss   | -0.346   |
|    learning_rate   | 0.0003   |
|    n_updates       | 73969    |
---------------------------------
---------------------------------
| rollout/           |          |
|    ep_len_mean     | 184      |
|    ep_rew_mean     | 571      |
| time/              |          |
|    episodes        | 984      |
|    fps             | 361      |
|    time_elapsed    | 234      |
|    total_timesteps | 84695    |
| train/             |          |
|    actor_loss      | -174     |
|    critic_loss     | 10.4     |
|    ent_coef        | 0.0846   |
|    ent_coef_loss   | 0.0492   |
|    learning_rate   | 0.0003   |
|    n_updates       | 74694    |
---------------------------------
---------------------------------
| rollout/           |          |
|    ep_len_mean     | 186      |
|    ep_rew_mean     | 578      |
| time/              |          |
|    episodes        | 988      |
|    fps             | 361      |
|    time_elapsed    | 236      |
|    total_timesteps | 85488    |
| train/             |          |
|    actor_loss      | -167     |
|    critic_loss     | 11.3     |
|    ent_coef        | 0.0853   |
|    ent_coef_loss   | 0.255    |
|    learning_rate   | 0.0003   |
|    n_updates       | 75487    |
---------------------------------
---------------------------------
| rollout/           |          |
|    ep_len_mean     | 189      |
|    ep_rew_mean     | 587      |
| time/              |          |
|    episodes        | 992      |
|    fps             | 360      |
|    time_elapsed    | 239      |
|    total_timesteps | 86345    |
| train/             |          |
|    actor_loss      | -179     |
|    critic_loss     | 19.7     |
|    ent_coef        | 0.0874   |
|    ent_coef_loss   | -0.0706  |
|    learning_rate   | 0.0003   |
|    n_updates       | 76344    |
---------------------------------
---------------------------------
| rollout/           |          |
|    ep_len_mean     | 189      |
|    ep_rew_mean     | 587      |
| time/              |          |
|    episodes        | 996      |
|    fps             | 360      |
|    time_elapsed    | 241      |
|    total_timesteps | 87064    |
| train/             |          |
|    actor_loss      | -170     |
|    critic_loss     | 28.8     |
|    ent_coef        | 0.0892   |
|    ent_coef_loss   | 0.842    |
|    learning_rate   | 0.0003   |
|    n_updates       | 77063    |
---------------------------------
---------------------------------
| rollout/           |          |
|    ep_len_mean     | 188      |
|    ep_rew_mean     | 584      |
| time/              |          |
|    episodes        | 1000     |
|    fps             | 360      |
|    time_elapsed    | 243      |
|    total_timesteps | 87819    |
| train/             |          |
|    actor_loss      | -171     |
|    critic_loss     | 17.5     |
|    ent_coef        | 0.0917   |
|    ent_coef_loss   | 0.302    |
|    learning_rate   | 0.0003   |
|    n_updates       | 77818    |
---------------------------------
---------------------------------
| rollout/           |          |
|    ep_len_mean     | 188      |
|    ep_rew_mean     | 584      |
| time/              |          |
|    episodes        | 1004     |
|    fps             | 359      |
|    time_elapsed    | 246      |
|    total_timesteps | 88595    |
| train/             |          |
|    actor_loss      | -182     |
|    critic_loss     | 22.3     |
|    ent_coef        | 0.0923   |
|    ent_coef_loss   | -0.33    |
|    learning_rate   | 0.0003   |
|    n_updates       | 78594    |
---------------------------------
---------------------------------
| rollout/           |          |
|    ep_len_mean     | 189      |
|    ep_rew_mean     | 586      |
| time/              |          |
|    episodes        | 1008     |
|    fps             | 359      |
|    time_elapsed    | 248      |
|    total_timesteps | 89375    |
| train/             |          |
|    actor_loss      | -174     |
|    critic_loss     | 9.91     |
|    ent_coef        | 0.0913   |
|    ent_coef_loss   | 0.00362  |
|    learning_rate   | 0.0003   |
|    n_updates       | 79374    |
---------------------------------
Eval num_timesteps=90000, episode_reward=570.34 +/- 42.70
Episode length: 180.90 +/- 10.90
---------------------------------
| eval/              |          |
|    mean_ep_length  | 181      |
|    mean_reward     | 570      |
| time/              |          |
|    total_timesteps | 90000    |
| train/             |          |
|    actor_loss      | -172     |
|    critic_loss     | 22.9     |
|    ent_coef        | 0.0925   |
|    ent_coef_loss   | 0.687    |
|    learning_rate   | 0.0003   |
|    n_updates       | 79999    |
---------------------------------
---------------------------------
| rollout/           |          |
|    ep_len_mean     | 190      |
|    ep_rew_mean     | 589      |
| time/              |          |
|    episodes        | 1012     |
|    fps             | 358      |
|    time_elapsed    | 251      |
|    total_timesteps | 90153    |
| train/             |          |
|    actor_loss      | -175     |
|    critic_loss     | 15.1     |
|    ent_coef        | 0.0923   |
|    ent_coef_loss   | 0.612    |
|    learning_rate   | 0.0003   |
|    n_updates       | 80152    |
---------------------------------
---------------------------------
| rollout/           |          |
|    ep_len_mean     | 191      |
|    ep_rew_mean     | 594      |
| time/              |          |
|    episodes        | 1016     |
|    fps             | 358      |
|    time_elapsed    | 254      |
|    total_timesteps | 91007    |
| train/             |          |
|    actor_loss      | -183     |
|    critic_loss     | 16.4     |
|    ent_coef        | 0.0917   |
|    ent_coef_loss   | 0.704    |
|    learning_rate   | 0.0003   |
|    n_updates       | 81006    |
---------------------------------
---------------------------------
| rollout/           |          |
|    ep_len_mean     | 194      |
|    ep_rew_mean     | 602      |
| time/              |          |
|    episodes        | 1020     |
|    fps             | 357      |
|    time_elapsed    | 256      |
|    total_timesteps | 91833    |
| train/             |          |
|    actor_loss      | -177     |
|    critic_loss     | 8.99     |
|    ent_coef        | 0.0872   |
|    ent_coef_loss   | -0.715   |
|    learning_rate   | 0.0003   |
|    n_updates       | 81832    |
---------------------------------
---------------------------------
| rollout/           |          |
|    ep_len_mean     | 196      |
|    ep_rew_mean     | 609      |
| time/              |          |
|    episodes        | 1024     |
|    fps             | 356      |
|    time_elapsed    | 259      |
|    total_timesteps | 92704    |
| train/             |          |
|    actor_loss      | -171     |
|    critic_loss     | 9.27     |
|    ent_coef        | 0.0835   |
|    ent_coef_loss   | -0.0456  |
|    learning_rate   | 0.0003   |
|    n_updates       | 82703    |
---------------------------------
---------------------------------
| rollout/           |          |
|    ep_len_mean     | 196      |
|    ep_rew_mean     | 610      |
| time/              |          |
|    episodes        | 1028     |
|    fps             | 356      |
|    time_elapsed    | 262      |
|    total_timesteps | 93342    |
| train/             |          |
|    actor_loss      | -179     |
|    critic_loss     | 13       |
|    ent_coef        | 0.0814   |
|    ent_coef_loss   | -0.478   |
|    learning_rate   | 0.0003   |
|    n_updates       | 83341    |
---------------------------------
---------------------------------
| rollout/           |          |
|    ep_len_mean     | 196      |
|    ep_rew_mean     | 611      |
| time/              |          |
|    episodes        | 1032     |
|    fps             | 355      |
|    time_elapsed    | 264      |
|    total_timesteps | 94114    |
| train/             |          |
|    actor_loss      | -176     |
|    critic_loss     | 36.5     |
|    ent_coef        | 0.0798   |
|    ent_coef_loss   | -0.207   |
|    learning_rate   | 0.0003   |
|    n_updates       | 84113    |
---------------------------------
---------------------------------
| rollout/           |          |
|    ep_len_mean     | 195      |
|    ep_rew_mean     | 609      |
| time/              |          |
|    episodes        | 1036     |
|    fps             | 354      |
|    time_elapsed    | 267      |
|    total_timesteps | 94860    |
| train/             |          |
|    actor_loss      | -175     |
|    critic_loss     | 14.3     |
|    ent_coef        | 0.0789   |
|    ent_coef_loss   | -0.357   |
|    learning_rate   | 0.0003   |
|    n_updates       | 84859    |
---------------------------------
---------------------------------
| rollout/           |          |
|    ep_len_mean     | 194      |
|    ep_rew_mean     | 604      |
| time/              |          |
|    episodes        | 1040     |
|    fps             | 354      |
|    time_elapsed    | 269      |
|    total_timesteps | 95542    |
| train/             |          |
|    actor_loss      | -180     |
|    critic_loss     | 7.35     |
|    ent_coef        | 0.0781   |
|    ent_coef_loss   | 0.0907   |
|    learning_rate   | 0.0003   |
|    n_updates       | 85541    |
---------------------------------
---------------------------------
| rollout/           |          |
|    ep_len_mean     | 194      |
|    ep_rew_mean     | 602      |
| time/              |          |
|    episodes        | 1044     |
|    fps             | 354      |
|    time_elapsed    | 272      |
|    total_timesteps | 96332    |
| train/             |          |
|    actor_loss      | -176     |
|    critic_loss     | 7.28     |
|    ent_coef        | 0.078    |
|    ent_coef_loss   | 0.433    |
|    learning_rate   | 0.0003   |
|    n_updates       | 86331    |
---------------------------------
---------------------------------
| rollout/           |          |
|    ep_len_mean     | 192      |
|    ep_rew_mean     | 594      |
| time/              |          |
|    episodes        | 1048     |
|    fps             | 353      |
|    time_elapsed    | 274      |
|    total_timesteps | 96961    |
| train/             |          |
|    actor_loss      | -171     |
|    critic_loss     | 8.54     |
|    ent_coef        | 0.0764   |
|    ent_coef_loss   | 0.813    |
|    learning_rate   | 0.0003   |
|    n_updates       | 86960    |
---------------------------------
---------------------------------
| rollout/           |          |
|    ep_len_mean     | 191      |
|    ep_rew_mean     | 587      |
| time/              |          |
|    episodes        | 1052     |
|    fps             | 353      |
|    time_elapsed    | 276      |
|    total_timesteps | 97588    |
| train/             |          |
|    actor_loss      | -186     |
|    critic_loss     | 9.88     |
|    ent_coef        | 0.0766   |
|    ent_coef_loss   | -0.294   |
|    learning_rate   | 0.0003   |
|    n_updates       | 87587    |
---------------------------------
---------------------------------
| rollout/           |          |
|    ep_len_mean     | 189      |
|    ep_rew_mean     | 578      |
| time/              |          |
|    episodes        | 1056     |
|    fps             | 352      |
|    time_elapsed    | 278      |
|    total_timesteps | 98180    |
| train/             |          |
|    actor_loss      | -177     |
|    critic_loss     | 7.66     |
|    ent_coef        | 0.076    |
|    ent_coef_loss   | -0.522   |
|    learning_rate   | 0.0003   |
|    n_updates       | 88179    |
---------------------------------
---------------------------------
| rollout/           |          |
|    ep_len_mean     | 188      |
|    ep_rew_mean     | 575      |
| time/              |          |
|    episodes        | 1060     |
|    fps             | 352      |
|    time_elapsed    | 280      |
|    total_timesteps | 98894    |
| train/             |          |
|    actor_loss      | -178     |
|    critic_loss     | 17.6     |
|    ent_coef        | 0.076    |
|    ent_coef_loss   | -0.246   |
|    learning_rate   | 0.0003   |
|    n_updates       | 88893    |
---------------------------------
---------------------------------
| rollout/           |          |
|    ep_len_mean     | 187      |
|    ep_rew_mean     | 571      |
| time/              |          |
|    episodes        | 1064     |
|    fps             | 351      |
|    time_elapsed    | 283      |
|    total_timesteps | 99599    |
| train/             |          |
|    actor_loss      | -178     |
|    critic_loss     | 14.4     |
|    ent_coef        | 0.0758   |
|    ent_coef_loss   | -0.982   |
|    learning_rate   | 0.0003   |
|    n_updates       | 89598    |
---------------------------------
Eval num_timesteps=100000, episode_reward=539.72 +/- 62.48
Episode length: 173.10 +/- 16.33
---------------------------------
| eval/              |          |
|    mean_ep_length  | 173      |
|    mean_reward     | 540      |
| time/              |          |
|    total_timesteps | 100000   |
| train/             |          |
|    actor_loss      | -180     |
|    critic_loss     | 10.3     |
|    ent_coef        | 0.0751   |
|    ent_coef_loss   | -0.652   |
|    learning_rate   | 0.0003   |
|    n_updates       | 89999    |
---------------------------------
---------------------------------
| rollout/           |          |
|    ep_len_mean     | 187      |
|    ep_rew_mean     | 567      |
| time/              |          |
|    episodes        | 1068     |
|    fps             | 350      |
|    time_elapsed    | 286      |
|    total_timesteps | 100292   |
| train/             |          |
|    actor_loss      | -179     |
|    critic_loss     | 8.38     |
|    ent_coef        | 0.0748   |
|    ent_coef_loss   | -0.0245  |
|    learning_rate   | 0.0003   |
|    n_updates       | 90291    |
---------------------------------
---------------------------------
| rollout/           |          |
|    ep_len_mean     | 186      |
|    ep_rew_mean     | 565      |
| time/              |          |
|    episodes        | 1072     |
|    fps             | 349      |
|    time_elapsed    | 288      |
|    total_timesteps | 101039   |
| train/             |          |
|    actor_loss      | -178     |
|    critic_loss     | 7.59     |
|    ent_coef        | 0.0748   |
|    ent_coef_loss   | 0.355    |
|    learning_rate   | 0.0003   |
|    n_updates       | 91038    |
---------------------------------
---------------------------------
| rollout/           |          |
|    ep_len_mean     | 184      |
|    ep_rew_mean     | 557      |
| time/              |          |
|    episodes        | 1076     |
|    fps             | 349      |
|    time_elapsed    | 290      |
|    total_timesteps | 101538   |
| train/             |          |
|    actor_loss      | -179     |
|    critic_loss     | 7.63     |
|    ent_coef        | 0.0749   |
|    ent_coef_loss   | -0.261   |
|    learning_rate   | 0.0003   |
|    n_updates       | 91537    |
---------------------------------
---------------------------------
| rollout/           |          |
|    ep_len_mean     | 183      |
|    ep_rew_mean     | 555      |
| time/              |          |
|    episodes        | 1080     |
|    fps             | 349      |
|    time_elapsed    | 292      |
|    total_timesteps | 102278   |
| train/             |          |
|    actor_loss      | -176     |
|    critic_loss     | 19.5     |
|    ent_coef        | 0.0758   |
|    ent_coef_loss   | 0.563    |
|    learning_rate   | 0.0003   |
|    n_updates       | 92277    |
---------------------------------
---------------------------------
| rollout/           |          |
|    ep_len_mean     | 183      |
|    ep_rew_mean     | 554      |
| time/              |          |
|    episodes        | 1084     |
|    fps             | 349      |
|    time_elapsed    | 294      |
|    total_timesteps | 102975   |
| train/             |          |
|    actor_loss      | -191     |
|    critic_loss     | 8.38     |
|    ent_coef        | 0.0762   |
|    ent_coef_loss   | -0.954   |
|    learning_rate   | 0.0003   |
|    n_updates       | 92974    |
---------------------------------
---------------------------------
| rollout/           |          |
|    ep_len_mean     | 182      |
|    ep_rew_mean     | 549      |
| time/              |          |
|    episodes        | 1088     |
|    fps             | 349      |
|    time_elapsed    | 296      |
|    total_timesteps | 103639   |
| train/             |          |
|    actor_loss      | -179     |
|    critic_loss     | 14.7     |
|    ent_coef        | 0.0765   |
|    ent_coef_loss   | -0.642   |
|    learning_rate   | 0.0003   |
|    n_updates       | 93638    |
---------------------------------
---------------------------------
| rollout/           |          |
|    ep_len_mean     | 180      |
|    ep_rew_mean     | 543      |
| time/              |          |
|    episodes        | 1092     |
|    fps             | 348      |
|    time_elapsed    | 299      |
|    total_timesteps | 104348   |
| train/             |          |
|    actor_loss      | -182     |
|    critic_loss     | 14.7     |
|    ent_coef        | 0.076    |
|    ent_coef_loss   | -0.311   |
|    learning_rate   | 0.0003   |
|    n_updates       | 94347    |
---------------------------------
---------------------------------
| rollout/           |          |
|    ep_len_mean     | 180      |
|    ep_rew_mean     | 542      |
| time/              |          |
|    episodes        | 1096     |
|    fps             | 348      |
|    time_elapsed    | 301      |
|    total_timesteps | 105045   |
| train/             |          |
|    actor_loss      | -179     |
|    critic_loss     | 8.76     |
|    ent_coef        | 0.0764   |
|    ent_coef_loss   | 0.926    |
|    learning_rate   | 0.0003   |
|    n_updates       | 95044    |
---------------------------------
---------------------------------
| rollout/           |          |
|    ep_len_mean     | 180      |
|    ep_rew_mean     | 545      |
| time/              |          |
|    episodes        | 1100     |
|    fps             | 347      |
|    time_elapsed    | 304      |
|    total_timesteps | 105800   |
| train/             |          |
|    actor_loss      | -175     |
|    critic_loss     | 8.75     |
|    ent_coef        | 0.0783   |
|    ent_coef_loss   | -0.396   |
|    learning_rate   | 0.0003   |
|    n_updates       | 95799    |
---------------------------------
---------------------------------
| rollout/           |          |
|    ep_len_mean     | 180      |
|    ep_rew_mean     | 547      |
| time/              |          |
|    episodes        | 1104     |
|    fps             | 347      |
|    time_elapsed    | 307      |
|    total_timesteps | 106631   |
| train/             |          |
|    actor_loss      | -184     |
|    critic_loss     | 9.24     |
|    ent_coef        | 0.0779   |
|    ent_coef_loss   | 0.64     |
|    learning_rate   | 0.0003   |
|    n_updates       | 96630    |
---------------------------------
---------------------------------
| rollout/           |          |
|    ep_len_mean     | 181      |
|    ep_rew_mean     | 549      |
| time/              |          |
|    episodes        | 1108     |
|    fps             | 346      |
|    time_elapsed    | 310      |
|    total_timesteps | 107433   |
| train/             |          |
|    actor_loss      | -180     |
|    critic_loss     | 10.3     |
|    ent_coef        | 0.0779   |
|    ent_coef_loss   | 0.155    |
|    learning_rate   | 0.0003   |
|    n_updates       | 97432    |
---------------------------------
---------------------------------
| rollout/           |          |
|    ep_len_mean     | 181      |
|    ep_rew_mean     | 552      |
| time/              |          |
|    episodes        | 1112     |
|    fps             | 345      |
|    time_elapsed    | 313      |
|    total_timesteps | 108295   |
| train/             |          |
|    actor_loss      | -177     |
|    critic_loss     | 8.94     |
|    ent_coef        | 0.0762   |
|    ent_coef_loss   | 0.407    |
|    learning_rate   | 0.0003   |
|    n_updates       | 98294    |
---------------------------------
---------------------------------
| rollout/           |          |
|    ep_len_mean     | 181      |
|    ep_rew_mean     | 550      |
| time/              |          |
|    episodes        | 1116     |
|    fps             | 345      |
|    time_elapsed    | 315      |
|    total_timesteps | 109074   |
| train/             |          |
|    actor_loss      | -182     |
|    critic_loss     | 8.13     |
|    ent_coef        | 0.0761   |
|    ent_coef_loss   | -0.587   |
|    learning_rate   | 0.0003   |
|    n_updates       | 99073    |
---------------------------------
---------------------------------
| rollout/           |          |
|    ep_len_mean     | 180      |
|    ep_rew_mean     | 549      |
| time/              |          |
|    episodes        | 1120     |
|    fps             | 345      |
|    time_elapsed    | 318      |
|    total_timesteps | 109860   |
| train/             |          |
|    actor_loss      | -181     |
|    critic_loss     | 6.36     |
|    ent_coef        | 0.0737   |
|    ent_coef_loss   | -0.0121  |
|    learning_rate   | 0.0003   |
|    n_updates       | 99859    |
---------------------------------
Eval num_timesteps=110000, episode_reward=683.73 +/- 34.97
Episode length: 213.80 +/- 9.87
---------------------------------
| eval/              |          |
|    mean_ep_length  | 214      |
|    mean_reward     | 684      |
| time/              |          |
|    total_timesteps | 110000   |
| train/             |          |
|    actor_loss      | -178     |
|    critic_loss     | 5.97     |
|    ent_coef        | 0.0733   |
|    ent_coef_loss   | 0.488    |
|    learning_rate   | 0.0003   |
|    n_updates       | 99999    |
---------------------------------
New best mean reward!
---------------------------------
| rollout/           |          |
|    ep_len_mean     | 181      |
|    ep_rew_mean     | 552      |
| time/              |          |
|    episodes        | 1124     |
|    fps             | 344      |
|    time_elapsed    | 321      |
|    total_timesteps | 110830   |
| train/             |          |
|    actor_loss      | -188     |
|    critic_loss     | 20.4     |
|    ent_coef        | 0.0711   |
|    ent_coef_loss   | 0.138    |
|    learning_rate   | 0.0003   |
|    n_updates       | 100829   |
---------------------------------
---------------------------------
| rollout/           |          |
|    ep_len_mean     | 184      |
|    ep_rew_mean     | 562      |
| time/              |          |
|    episodes        | 1128     |
|    fps             | 344      |
|    time_elapsed    | 324      |
|    total_timesteps | 111724   |
| train/             |          |
|    actor_loss      | -185     |
|    critic_loss     | 6.71     |
|    ent_coef        | 0.0707   |
|    ent_coef_loss   | -0.465   |
|    learning_rate   | 0.0003   |
|    n_updates       | 101723   |
---------------------------------
---------------------------------
| rollout/           |          |
|    ep_len_mean     | 184      |
|    ep_rew_mean     | 563      |
| time/              |          |
|    episodes        | 1132     |
|    fps             | 344      |
|    time_elapsed    | 326      |
|    total_timesteps | 112519   |
| train/             |          |
|    actor_loss      | -184     |
|    critic_loss     | 4.86     |
|    ent_coef        | 0.0731   |
|    ent_coef_loss   | -0.586   |
|    learning_rate   | 0.0003   |
|    n_updates       | 102518   |
---------------------------------
---------------------------------
| rollout/           |          |
|    ep_len_mean     | 184      |
|    ep_rew_mean     | 564      |
| time/              |          |
|    episodes        | 1136     |
|    fps             | 344      |
|    time_elapsed    | 328      |
|    total_timesteps | 113300   |
| train/             |          |
|    actor_loss      | -187     |
|    critic_loss     | 11.1     |
|    ent_coef        | 0.0711   |
|    ent_coef_loss   | -0.29    |
|    learning_rate   | 0.0003   |
|    n_updates       | 103299   |
---------------------------------
---------------------------------
| rollout/           |          |
|    ep_len_mean     | 186      |
|    ep_rew_mean     | 569      |
| time/              |          |
|    episodes        | 1140     |
|    fps             | 344      |
|    time_elapsed    | 331      |
|    total_timesteps | 114101   |
| train/             |          |
|    actor_loss      | -185     |
|    critic_loss     | 7.91     |
|    ent_coef        | 0.0678   |
|    ent_coef_loss   | -0.439   |
|    learning_rate   | 0.0003   |
|    n_updates       | 104100   |
---------------------------------
---------------------------------
| rollout/           |          |
|    ep_len_mean     | 186      |
|    ep_rew_mean     | 571      |
| time/              |          |
|    episodes        | 1144     |
|    fps             | 343      |
|    time_elapsed    | 334      |
|    total_timesteps | 114901   |
| train/             |          |
|    actor_loss      | -179     |
|    critic_loss     | 8.89     |
|    ent_coef        | 0.0693   |
|    ent_coef_loss   | -1.08    |
|    learning_rate   | 0.0003   |
|    n_updates       | 104900   |
---------------------------------
---------------------------------
| rollout/           |          |
|    ep_len_mean     | 188      |
|    ep_rew_mean     | 581      |
| time/              |          |
|    episodes        | 1148     |
|    fps             | 343      |
|    time_elapsed    | 336      |
|    total_timesteps | 115804   |
| train/             |          |
|    actor_loss      | -183     |
|    critic_loss     | 31.9     |
|    ent_coef        | 0.07     |
|    ent_coef_loss   | 0.344    |
|    learning_rate   | 0.0003   |
|    n_updates       | 105803   |
---------------------------------
---------------------------------
| rollout/           |          |
|    ep_len_mean     | 190      |
|    ep_rew_mean     | 588      |
| time/              |          |
|    episodes        | 1152     |
|    fps             | 343      |
|    time_elapsed    | 339      |
|    total_timesteps | 116588   |
| train/             |          |
|    actor_loss      | -186     |
|    critic_loss     | 5.1      |
|    ent_coef        | 0.0691   |
|    ent_coef_loss   | -0.62    |
|    learning_rate   | 0.0003   |
|    n_updates       | 106587   |
---------------------------------
---------------------------------
| rollout/           |          |
|    ep_len_mean     | 194      |
|    ep_rew_mean     | 604      |
| time/              |          |
|    episodes        | 1156     |
|    fps             | 343      |
|    time_elapsed    | 342      |
|    total_timesteps | 117589   |
| train/             |          |
|    actor_loss      | -185     |
|    critic_loss     | 6.17     |
|    ent_coef        | 0.0717   |
|    ent_coef_loss   | -1.31    |
|    learning_rate   | 0.0003   |
|    n_updates       | 107588   |
---------------------------------
---------------------------------
| rollout/           |          |
|    ep_len_mean     | 195      |
|    ep_rew_mean     | 610      |
| time/              |          |
|    episodes        | 1160     |
|    fps             | 343      |
|    time_elapsed    | 345      |
|    total_timesteps | 118438   |
| train/             |          |
|    actor_loss      | -188     |
|    critic_loss     | 7.15     |
|    ent_coef        | 0.071    |
|    ent_coef_loss   | -0.0449  |
|    learning_rate   | 0.0003   |
|    n_updates       | 108437   |
---------------------------------
---------------------------------
| rollout/           |          |
|    ep_len_mean     | 199      |
|    ep_rew_mean     | 624      |
| time/              |          |
|    episodes        | 1164     |
|    fps             | 343      |
|    time_elapsed    | 348      |
|    total_timesteps | 119510   |
| train/             |          |
|    actor_loss      | -182     |
|    critic_loss     | 14.9     |
|    ent_coef        | 0.0733   |
|    ent_coef_loss   | 0.0891   |
|    learning_rate   | 0.0003   |
|    n_updates       | 109509   |
---------------------------------
Eval num_timesteps=120000, episode_reward=927.13 +/- 127.73
Episode length: 284.80 +/- 37.09
---------------------------------
| eval/              |          |
|    mean_ep_length  | 285      |
|    mean_reward     | 927      |
| time/              |          |
|    total_timesteps | 120000   |
| train/             |          |
|    actor_loss      | -185     |
|    critic_loss     | 8.96     |
|    ent_coef        | 0.0739   |
|    ent_coef_loss   | 0.439    |
|    learning_rate   | 0.0003   |
|    n_updates       | 109999   |
---------------------------------
New best mean reward!
---------------------------------
| rollout/           |          |
|    ep_len_mean     | 200      |
|    ep_rew_mean     | 629      |
| time/              |          |
|    episodes        | 1168     |
|    fps             | 342      |
|    time_elapsed    | 351      |
|    total_timesteps | 120323   |
| train/             |          |
|    actor_loss      | -192     |
|    critic_loss     | 5        |
|    ent_coef        | 0.0733   |
|    ent_coef_loss   | -0.294   |
|    learning_rate   | 0.0003   |
|    n_updates       | 110322   |
---------------------------------
---------------------------------
| rollout/           |          |
|    ep_len_mean     | 202      |
|    ep_rew_mean     | 633      |
| time/              |          |
|    episodes        | 1172     |
|    fps             | 342      |
|    time_elapsed    | 354      |
|    total_timesteps | 121258   |
| train/             |          |
|    actor_loss      | -179     |
|    critic_loss     | 5.9      |
|    ent_coef        | 0.0734   |
|    ent_coef_loss   | -0.0395  |
|    learning_rate   | 0.0003   |
|    n_updates       | 111257   |
---------------------------------
---------------------------------
| rollout/           |          |
|    ep_len_mean     | 209      |
|    ep_rew_mean     | 656      |
| time/              |          |
|    episodes        | 1176     |
|    fps             | 341      |
|    time_elapsed    | 358      |
|    total_timesteps | 122408   |
| train/             |          |
|    actor_loss      | -181     |
|    critic_loss     | 7.52     |
|    ent_coef        | 0.0719   |
|    ent_coef_loss   | 0.0604   |
|    learning_rate   | 0.0003   |
|    n_updates       | 112407   |
---------------------------------
---------------------------------
| rollout/           |          |
|    ep_len_mean     | 214      |
|    ep_rew_mean     | 674      |
| time/              |          |
|    episodes        | 1180     |
|    fps             | 341      |
|    time_elapsed    | 362      |
|    total_timesteps | 123651   |
| train/             |          |
|    actor_loss      | -189     |
|    critic_loss     | 4.6      |
|    ent_coef        | 0.0732   |
|    ent_coef_loss   | 0.423    |
|    learning_rate   | 0.0003   |
|    n_updates       | 113650   |
---------------------------------
---------------------------------
| rollout/           |          |
|    ep_len_mean     | 220      |
|    ep_rew_mean     | 695      |
| time/              |          |
|    episodes        | 1184     |
|    fps             | 341      |
|    time_elapsed    | 366      |
|    total_timesteps | 124975   |
| train/             |          |
|    actor_loss      | -194     |
|    critic_loss     | 4.68     |
|    ent_coef        | 0.0728   |
|    ent_coef_loss   | -0.432   |
|    learning_rate   | 0.0003   |
|    n_updates       | 114974   |
---------------------------------
---------------------------------
| rollout/           |          |
|    ep_len_mean     | 228      |
|    ep_rew_mean     | 723      |
| time/              |          |
|    episodes        | 1188     |
|    fps             | 341      |
|    time_elapsed    | 370      |
|    total_timesteps | 126472   |
| train/             |          |
|    actor_loss      | -181     |
|    critic_loss     | 18.8     |
|    ent_coef        | 0.0716   |
|    ent_coef_loss   | 0.899    |
|    learning_rate   | 0.0003   |
|    n_updates       | 116471   |
---------------------------------
---------------------------------
| rollout/           |          |
|    ep_len_mean     | 235      |
|    ep_rew_mean     | 746      |
| time/              |          |
|    episodes        | 1192     |
|    fps             | 340      |
|    time_elapsed    | 374      |
|    total_timesteps | 127819   |
| train/             |          |
|    actor_loss      | -195     |
|    critic_loss     | 9.41     |
|    ent_coef        | 0.0719   |
|    ent_coef_loss   | 0.272    |
|    learning_rate   | 0.0003   |
|    n_updates       | 117818   |
---------------------------------
---------------------------------
| rollout/           |          |
|    ep_len_mean     | 238      |
|    ep_rew_mean     | 753      |
| time/              |          |
|    episodes        | 1196     |
|    fps             | 340      |
|    time_elapsed    | 378      |
|    total_timesteps | 128838   |
| train/             |          |
|    actor_loss      | -189     |
|    critic_loss     | 6.99     |
|    ent_coef        | 0.0709   |
|    ent_coef_loss   | -0.0163  |
|    learning_rate   | 0.0003   |
|    n_updates       | 118837   |
---------------------------------
---------------------------------
| rollout/           |          |
|    ep_len_mean     | 242      |
|    ep_rew_mean     | 766      |
| time/              |          |
|    episodes        | 1200     |
|    fps             | 339      |
|    time_elapsed    | 382      |
|    total_timesteps | 129992   |
| train/             |          |
|    actor_loss      | -189     |
|    critic_loss     | 9.91     |
|    ent_coef        | 0.0696   |
|    ent_coef_loss   | 0.532    |
|    learning_rate   | 0.0003   |
|    n_updates       | 119991   |
---------------------------------
Eval num_timesteps=130000, episode_reward=1043.33 +/- 428.64
Episode length: 334.90 +/- 129.46
---------------------------------
| eval/              |          |
|    mean_ep_length  | 335      |
|    mean_reward     | 1.04e+03 |
| time/              |          |
|    total_timesteps | 130000   |
| train/             |          |
|    actor_loss      | -201     |
|    critic_loss     | 6.6      |
|    ent_coef        | 0.0696   |
|    ent_coef_loss   | 0.0923   |
|    learning_rate   | 0.0003   |
|    n_updates       | 119999   |
---------------------------------
New best mean reward!
---------------------------------
| rollout/           |          |
|    ep_len_mean     | 246      |
|    ep_rew_mean     | 780      |
| time/              |          |
|    episodes        | 1204     |
|    fps             | 339      |
|    time_elapsed    | 386      |
|    total_timesteps | 131214   |
| train/             |          |
|    actor_loss      | -182     |
|    critic_loss     | 6.54     |
|    ent_coef        | 0.0712   |
|    ent_coef_loss   | -0.274   |
|    learning_rate   | 0.0003   |
|    n_updates       | 121213   |
---------------------------------
---------------------------------
| rollout/           |          |
|    ep_len_mean     | 248      |
|    ep_rew_mean     | 789      |
| time/              |          |
|    episodes        | 1208     |
|    fps             | 338      |
|    time_elapsed    | 390      |
|    total_timesteps | 132258   |
| train/             |          |
|    actor_loss      | -195     |
|    critic_loss     | 5.96     |
|    ent_coef        | 0.0716   |
|    ent_coef_loss   | 0.103    |
|    learning_rate   | 0.0003   |
|    n_updates       | 122257   |
---------------------------------
---------------------------------
| rollout/           |          |
|    ep_len_mean     | 251      |
|    ep_rew_mean     | 798      |
| time/              |          |
|    episodes        | 1212     |
|    fps             | 338      |
|    time_elapsed    | 393      |
|    total_timesteps | 133364   |
| train/             |          |
|    actor_loss      | -198     |
|    critic_loss     | 7.91     |
|    ent_coef        | 0.0695   |
|    ent_coef_loss   | -0.528   |
|    learning_rate   | 0.0003   |
|    n_updates       | 123363   |
---------------------------------
---------------------------------
| rollout/           |          |
|    ep_len_mean     | 253      |
|    ep_rew_mean     | 805      |
| time/              |          |
|    episodes        | 1216     |
|    fps             | 338      |
|    time_elapsed    | 397      |
|    total_timesteps | 134364   |
| train/             |          |
|    actor_loss      | -199     |
|    critic_loss     | 11.5     |
|    ent_coef        | 0.0699   |
|    ent_coef_loss   | 0.0308   |
|    learning_rate   | 0.0003   |
|    n_updates       | 124363   |
---------------------------------
---------------------------------
| rollout/           |          |
|    ep_len_mean     | 258      |
|    ep_rew_mean     | 822      |
| time/              |          |
|    episodes        | 1220     |
|    fps             | 337      |
|    time_elapsed    | 401      |
|    total_timesteps | 135621   |
| train/             |          |
|    actor_loss      | -199     |
|    critic_loss     | 6.74     |
|    ent_coef        | 0.0713   |
|    ent_coef_loss   | 0.378    |
|    learning_rate   | 0.0003   |
|    n_updates       | 125620   |
---------------------------------
---------------------------------
| rollout/           |          |
|    ep_len_mean     | 258      |
|    ep_rew_mean     | 824      |
| time/              |          |
|    episodes        | 1224     |
|    fps             | 337      |
|    time_elapsed    | 404      |
|    total_timesteps | 136644   |
| train/             |          |
|    actor_loss      | -200     |
|    critic_loss     | 8.8      |
|    ent_coef        | 0.0701   |
|    ent_coef_loss   | 0.375    |
|    learning_rate   | 0.0003   |
|    n_updates       | 126643   |
---------------------------------
---------------------------------
| rollout/           |          |
|    ep_len_mean     | 270      |
|    ep_rew_mean     | 859      |
| time/              |          |
|    episodes        | 1228     |
|    fps             | 336      |
|    time_elapsed    | 411      |
|    total_timesteps | 138709   |
| train/             |          |
|    actor_loss      | -198     |
|    critic_loss     | 5.82     |
|    ent_coef        | 0.0676   |
|    ent_coef_loss   | 0.699    |
|    learning_rate   | 0.0003   |
|    n_updates       | 128708   |
---------------------------------
---------------------------------
| rollout/           |          |
|    ep_len_mean     | 274      |
|    ep_rew_mean     | 873      |
| time/              |          |
|    episodes        | 1232     |
|    fps             | 336      |
|    time_elapsed    | 415      |
|    total_timesteps | 139884   |
| train/             |          |
|    actor_loss      | -200     |
|    critic_loss     | 29.2     |
|    ent_coef        | 0.0683   |
|    ent_coef_loss   | 0.153    |
|    learning_rate   | 0.0003   |
|    n_updates       | 129883   |
---------------------------------
Eval num_timesteps=140000, episode_reward=881.03 +/- 272.15
Episode length: 281.80 +/- 83.47
---------------------------------
| eval/              |          |
|    mean_ep_length  | 282      |
|    mean_reward     | 881      |
| time/              |          |
|    total_timesteps | 140000   |
| train/             |          |
|    actor_loss      | -195     |
|    critic_loss     | 5.24     |
|    ent_coef        | 0.0688   |
|    ent_coef_loss   | 0.22     |
|    learning_rate   | 0.0003   |
|    n_updates       | 129999   |
---------------------------------
---------------------------------
| rollout/           |          |
|    ep_len_mean     | 290      |
|    ep_rew_mean     | 926      |
| time/              |          |
|    episodes        | 1236     |
|    fps             | 336      |
|    time_elapsed    | 423      |
|    total_timesteps | 142331   |
| train/             |          |
|    actor_loss      | -206     |
|    critic_loss     | 8.68     |
|    ent_coef        | 0.0679   |
|    ent_coef_loss   | -0.422   |
|    learning_rate   | 0.0003   |
|    n_updates       | 132330   |
---------------------------------
---------------------------------
| rollout/           |          |
|    ep_len_mean     | 297      |
|    ep_rew_mean     | 949      |
| time/              |          |
|    episodes        | 1240     |
|    fps             | 335      |
|    time_elapsed    | 428      |
|    total_timesteps | 143807   |
| train/             |          |
|    actor_loss      | -203     |
|    critic_loss     | 6.66     |
|    ent_coef        | 0.0675   |
|    ent_coef_loss   | -0.13    |
|    learning_rate   | 0.0003   |
|    n_updates       | 133806   |
---------------------------------
---------------------------------
| rollout/           |          |
|    ep_len_mean     | 301      |
|    ep_rew_mean     | 961      |
| time/              |          |
|    episodes        | 1244     |
|    fps             | 335      |
|    time_elapsed    | 431      |
|    total_timesteps | 144963   |
| train/             |          |
|    actor_loss      | -205     |
|    critic_loss     | 10.2     |
|    ent_coef        | 0.0693   |
|    ent_coef_loss   | -0.0927  |
|    learning_rate   | 0.0003   |
|    n_updates       | 134962   |
---------------------------------
---------------------------------
| rollout/           |          |
|    ep_len_mean     | 312      |
|    ep_rew_mean     | 999      |
| time/              |          |
|    episodes        | 1248     |
|    fps             | 335      |
|    time_elapsed    | 437      |
|    total_timesteps | 146954   |
| train/             |          |
|    actor_loss      | -202     |
|    critic_loss     | 3.89     |
|    ent_coef        | 0.0692   |
|    ent_coef_loss   | -0.474   |
|    learning_rate   | 0.0003   |
|    n_updates       | 136953   |
---------------------------------
---------------------------------
| rollout/           |          |
|    ep_len_mean     | 315      |
|    ep_rew_mean     | 1.01e+03 |
| time/              |          |
|    episodes        | 1252     |
|    fps             | 335      |
|    time_elapsed    | 441      |
|    total_timesteps | 148081   |
| train/             |          |
|    actor_loss      | -210     |
|    critic_loss     | 7.66     |
|    ent_coef        | 0.0686   |
|    ent_coef_loss   | 0.832    |
|    learning_rate   | 0.0003   |
|    n_updates       | 138080   |
---------------------------------
---------------------------------
| rollout/           |          |
|    ep_len_mean     | 321      |
|    ep_rew_mean     | 1.03e+03 |
| time/              |          |
|    episodes        | 1256     |
|    fps             | 335      |
|    time_elapsed    | 446      |
|    total_timesteps | 149682   |
| train/             |          |
|    actor_loss      | -207     |
|    critic_loss     | 11.6     |
|    ent_coef        | 0.0691   |
|    ent_coef_loss   | -0.0313  |
|    learning_rate   | 0.0003   |
|    n_updates       | 139681   |
---------------------------------
Eval num_timesteps=150000, episode_reward=1212.89 +/- 325.69
Episode length: 366.50 +/- 95.55
---------------------------------
| eval/              |          |
|    mean_ep_length  | 366      |
|    mean_reward     | 1.21e+03 |
| time/              |          |
|    total_timesteps | 150000   |
| train/             |          |
|    actor_loss      | -199     |
|    critic_loss     | 13.5     |
|    ent_coef        | 0.0701   |
|    ent_coef_loss   | 0.972    |
|    learning_rate   | 0.0003   |
|    n_updates       | 139999   |
---------------------------------
New best mean reward!
---------------------------------
| rollout/           |          |
|    ep_len_mean     | 328      |
|    ep_rew_mean     | 1.05e+03 |
| time/              |          |
|    episodes        | 1260     |
|    fps             | 334      |
|    time_elapsed    | 452      |
|    total_timesteps | 151222   |
| train/             |          |
|    actor_loss      | -208     |
|    critic_loss     | 5.04     |
|    ent_coef        | 0.0698   |
|    ent_coef_loss   | 0.354    |
|    learning_rate   | 0.0003   |
|    n_updates       | 141221   |
---------------------------------
---------------------------------
| rollout/           |          |
|    ep_len_mean     | 329      |
|    ep_rew_mean     | 1.05e+03 |
| time/              |          |
|    episodes        | 1264     |
|    fps             | 334      |
|    time_elapsed    | 455      |
|    total_timesteps | 152415   |
| train/             |          |
|    actor_loss      | -208     |
|    critic_loss     | 6.58     |
|    ent_coef        | 0.071    |
|    ent_coef_loss   | -0.602   |
|    learning_rate   | 0.0003   |
|    n_updates       | 142414   |
---------------------------------
---------------------------------
| rollout/           |          |
|    ep_len_mean     | 340      |
|    ep_rew_mean     | 1.09e+03 |
| time/              |          |
|    episodes        | 1268     |
|    fps             | 334      |
|    time_elapsed    | 461      |
|    total_timesteps | 154314   |
| train/             |          |
|    actor_loss      | -209     |
|    critic_loss     | 11.7     |
|    ent_coef        | 0.0697   |
|    ent_coef_loss   | 1.02     |
|    learning_rate   | 0.0003   |
|    n_updates       | 144313   |
---------------------------------
---------------------------------
| rollout/           |          |
|    ep_len_mean     | 346      |
|    ep_rew_mean     | 1.11e+03 |
| time/              |          |
|    episodes        | 1272     |
|    fps             | 333      |
|    time_elapsed    | 466      |
|    total_timesteps | 155860   |
| train/             |          |
|    actor_loss      | -198     |
|    critic_loss     | 85.1     |
|    ent_coef        | 0.0685   |
|    ent_coef_loss   | 0.276    |
|    learning_rate   | 0.0003   |
|    n_updates       | 145859   |
---------------------------------
---------------------------------
| rollout/           |          |
|    ep_len_mean     | 360      |
|    ep_rew_mean     | 1.16e+03 |
| time/              |          |
|    episodes        | 1276     |
|    fps             | 333      |
|    time_elapsed    | 474      |
|    total_timesteps | 158444   |
| train/             |          |
|    actor_loss      | -213     |
|    critic_loss     | 11.5     |
|    ent_coef        | 0.0718   |
|    ent_coef_loss   | 0.195    |
|    learning_rate   | 0.0003   |
|    n_updates       | 148443   |
---------------------------------
Eval num_timesteps=160000, episode_reward=2950.69 +/- 468.22
Episode length: 918.10 +/- 156.23
---------------------------------
| eval/              |          |
|    mean_ep_length  | 918      |
|    mean_reward     | 2.95e+03 |
| time/              |          |
|    total_timesteps | 160000   |
| train/             |          |
|    actor_loss      | -218     |
|    critic_loss     | 8.81     |
|    ent_coef        | 0.0701   |
|    ent_coef_loss   | -0.806   |
|    learning_rate   | 0.0003   |
|    n_updates       | 149999   |
---------------------------------
New best mean reward!
---------------------------------
| rollout/           |          |
|    ep_len_mean     | 380      |
|    ep_rew_mean     | 1.22e+03 |
| time/              |          |
|    episodes        | 1280     |
|    fps             | 332      |
|    time_elapsed    | 486      |
|    total_timesteps | 161646   |
| train/             |          |
|    actor_loss      | -212     |
|    critic_loss     | 7.91     |
|    ent_coef        | 0.0698   |
|    ent_coef_loss   | 0.451    |
|    learning_rate   | 0.0003   |
|    n_updates       | 151645   |
---------------------------------
---------------------------------
| rollout/           |          |
|    ep_len_mean     | 386      |
|    ep_rew_mean     | 1.24e+03 |
| time/              |          |
|    episodes        | 1284     |
|    fps             | 332      |
|    time_elapsed    | 491      |
|    total_timesteps | 163566   |
| train/             |          |
|    actor_loss      | -214     |
|    critic_loss     | 6.32     |
|    ent_coef        | 0.0698   |
|    ent_coef_loss   | 0.606    |
|    learning_rate   | 0.0003   |
|    n_updates       | 153565   |
---------------------------------
---------------------------------
| rollout/           |          |
|    ep_len_mean     | 390      |
|    ep_rew_mean     | 1.25e+03 |
| time/              |          |
|    episodes        | 1288     |
|    fps             | 332      |
|    time_elapsed    | 497      |
|    total_timesteps | 165424   |
| train/             |          |
|    actor_loss      | -219     |
|    critic_loss     | 19.2     |
|    ent_coef        | 0.0682   |
|    ent_coef_loss   | 0.0845   |
|    learning_rate   | 0.0003   |
|    n_updates       | 155423   |
---------------------------------
---------------------------------
| rollout/           |          |
|    ep_len_mean     | 402      |
|    ep_rew_mean     | 1.29e+03 |
| time/              |          |
|    episodes        | 1292     |
|    fps             | 331      |
|    time_elapsed    | 506      |
|    total_timesteps | 168017   |
| train/             |          |
|    actor_loss      | -219     |
|    critic_loss     | 8.86     |
|    ent_coef        | 0.0717   |
|    ent_coef_loss   | -0.442   |
|    learning_rate   | 0.0003   |
|    n_updates       | 158016   |
---------------------------------
---------------------------------
| rollout/           |          |
|    ep_len_mean     | 406      |
|    ep_rew_mean     | 1.31e+03 |
| time/              |          |
|    episodes        | 1296     |
|    fps             | 331      |
|    time_elapsed    | 511      |
|    total_timesteps | 169405   |
| train/             |          |
|    actor_loss      | -219     |
|    critic_loss     | 5.9      |
|    ent_coef        | 0.0707   |
|    ent_coef_loss   | -0.3     |
|    learning_rate   | 0.0003   |
|    n_updates       | 159404   |
---------------------------------
Eval num_timesteps=170000, episode_reward=1279.20 +/- 146.56
Episode length: 382.90 +/- 42.17
---------------------------------
| eval/              |          |
|    mean_ep_length  | 383      |
|    mean_reward     | 1.28e+03 |
| time/              |          |
|    total_timesteps | 170000   |
| train/             |          |
|    actor_loss      | -219     |
|    critic_loss     | 6.59     |
|    ent_coef        | 0.0706   |
|    ent_coef_loss   | 0.151    |
|    learning_rate   | 0.0003   |
|    n_updates       | 159999   |
---------------------------------
---------------------------------
| rollout/           |          |
|    ep_len_mean     | 408      |
|    ep_rew_mean     | 1.32e+03 |
| time/              |          |
|    episodes        | 1300     |
|    fps             | 329      |
|    time_elapsed    | 517      |
|    total_timesteps | 170750   |
| train/             |          |
|    actor_loss      | -218     |
|    critic_loss     | 6.73     |
|    ent_coef        | 0.0695   |
|    ent_coef_loss   | 0.0301   |
|    learning_rate   | 0.0003   |
|    n_updates       | 160749   |
---------------------------------
---------------------------------
| rollout/           |          |
|    ep_len_mean     | 408      |
|    ep_rew_mean     | 1.32e+03 |
| time/              |          |
|    episodes        | 1304     |
|    fps             | 329      |
|    time_elapsed    | 522      |
|    total_timesteps | 172037   |
| train/             |          |
|    actor_loss      | -218     |
|    critic_loss     | 6.6      |
|    ent_coef        | 0.0708   |
|    ent_coef_loss   | -0.863   |
|    learning_rate   | 0.0003   |
|    n_updates       | 162036   |
---------------------------------
---------------------------------
| rollout/           |          |
|    ep_len_mean     | 417      |
|    ep_rew_mean     | 1.35e+03 |
| time/              |          |
|    episodes        | 1308     |
|    fps             | 326      |
|    time_elapsed    | 533      |
|    total_timesteps | 173969   |
| train/             |          |
|    actor_loss      | -227     |
|    critic_loss     | 24.2     |
|    ent_coef        | 0.0695   |
|    ent_coef_loss   | -0.425   |
|    learning_rate   | 0.0003   |
|    n_updates       | 163968   |
---------------------------------
---------------------------------
| rollout/           |          |
|    ep_len_mean     | 420      |
|    ep_rew_mean     | 1.36e+03 |
| time/              |          |
|    episodes        | 1312     |
|    fps             | 324      |
|    time_elapsed    | 539      |
|    total_timesteps | 175368   |
| train/             |          |
|    actor_loss      | -227     |
|    critic_loss     | 16.1     |
|    ent_coef        | 0.0685   |
|    ent_coef_loss   | 0.11     |
|    learning_rate   | 0.0003   |
|    n_updates       | 165367   |
---------------------------------
---------------------------------
| rollout/           |          |
|    ep_len_mean     | 427      |
|    ep_rew_mean     | 1.39e+03 |
| time/              |          |
|    episodes        | 1316     |
|    fps             | 322      |
|    time_elapsed    | 548      |
|    total_timesteps | 177068   |
| train/             |          |
|    actor_loss      | -223     |
|    critic_loss     | 9.03     |
|    ent_coef        | 0.0687   |
|    ent_coef_loss   | 0.599    |
|    learning_rate   | 0.0003   |
|    n_updates       | 167067   |
---------------------------------
---------------------------------
| rollout/           |          |
|    ep_len_mean     | 429      |
|    ep_rew_mean     | 1.39e+03 |
| time/              |          |
|    episodes        | 1320     |
|    fps             | 320      |
|    time_elapsed    | 556      |
|    total_timesteps | 178496   |
| train/             |          |
|    actor_loss      | -223     |
|    critic_loss     | 8.22     |
|    ent_coef        | 0.0675   |
|    ent_coef_loss   | 0.654    |
|    learning_rate   | 0.0003   |
|    n_updates       | 168495   |
---------------------------------
Eval num_timesteps=180000, episode_reward=1002.85 +/- 24.56
Episode length: 303.50 +/- 5.55
---------------------------------
| eval/              |          |
|    mean_ep_length  | 304      |
|    mean_reward     | 1e+03    |
| time/              |          |
|    total_timesteps | 180000   |
| train/             |          |
|    actor_loss      | -225     |
|    critic_loss     | 18.1     |
|    ent_coef        | 0.0689   |
|    ent_coef_loss   | 0.112    |
|    learning_rate   | 0.0003   |
|    n_updates       | 169999   |
---------------------------------
---------------------------------
| rollout/           |          |
|    ep_len_mean     | 435      |
|    ep_rew_mean     | 1.42e+03 |
| time/              |          |
|    episodes        | 1324     |
|    fps             | 319      |
|    time_elapsed    | 563      |
|    total_timesteps | 180191   |
| train/             |          |
|    actor_loss      | -222     |
|    critic_loss     | 5.88     |
|    ent_coef        | 0.0694   |
|    ent_coef_loss   | 0.421    |
|    learning_rate   | 0.0003   |
|    n_updates       | 170190   |
---------------------------------
---------------------------------
| rollout/           |          |
|    ep_len_mean     | 435      |
|    ep_rew_mean     | 1.42e+03 |
| time/              |          |
|    episodes        | 1328     |
|    fps             | 318      |
|    time_elapsed    | 572      |
|    total_timesteps | 182202   |
| train/             |          |
|    actor_loss      | -222     |
|    critic_loss     | 5.16     |
|    ent_coef        | 0.0682   |
|    ent_coef_loss   | -0.429   |
|    learning_rate   | 0.0003   |
|    n_updates       | 172201   |
---------------------------------
---------------------------------
| rollout/           |          |
|    ep_len_mean     | 444      |
|    ep_rew_mean     | 1.45e+03 |
| time/              |          |
|    episodes        | 1332     |
|    fps             | 317      |
|    time_elapsed    | 580      |
|    total_timesteps | 184286   |
| train/             |          |
|    actor_loss      | -224     |
|    critic_loss     | 10.9     |
|    ent_coef        | 0.0665   |
|    ent_coef_loss   | 1.24     |
|    learning_rate   | 0.0003   |
|    n_updates       | 174285   |
---------------------------------
---------------------------------
| rollout/           |          |
|    ep_len_mean     | 443      |
|    ep_rew_mean     | 1.45e+03 |
| time/              |          |
|    episodes        | 1336     |
|    fps             | 315      |
|    time_elapsed    | 591      |
|    total_timesteps | 186594   |
| train/             |          |
|    actor_loss      | -232     |
|    critic_loss     | 5.78     |
|    ent_coef        | 0.0676   |
|    ent_coef_loss   | 0.335    |
|    learning_rate   | 0.0003   |
|    n_updates       | 176593   |
---------------------------------
---------------------------------
| rollout/           |          |
|    ep_len_mean     | 447      |
|    ep_rew_mean     | 1.47e+03 |
| time/              |          |
|    episodes        | 1340     |
|    fps             | 314      |
|    time_elapsed    | 599      |
|    total_timesteps | 188508   |
| train/             |          |
|    actor_loss      | -229     |
|    critic_loss     | 4.32     |
|    ent_coef        | 0.0664   |
|    ent_coef_loss   | 0.172    |
|    learning_rate   | 0.0003   |
|    n_updates       | 178507   |
---------------------------------
Eval num_timesteps=190000, episode_reward=1939.79 +/- 310.17
Episode length: 584.60 +/- 95.94
---------------------------------
| eval/              |          |
|    mean_ep_length  | 585      |
|    mean_reward     | 1.94e+03 |
| time/              |          |
|    total_timesteps | 190000   |
| train/             |          |
|    actor_loss      | -230     |
|    critic_loss     | 5.76     |
|    ent_coef        | 0.067    |
|    ent_coef_loss   | -0.491   |
|    learning_rate   | 0.0003   |
|    n_updates       | 179999   |
---------------------------------
---------------------------------
| rollout/           |          |
|    ep_len_mean     | 461      |
|    ep_rew_mean     | 1.51e+03 |
| time/              |          |
|    episodes        | 1344     |
|    fps             | 312      |
|    time_elapsed    | 611      |
|    total_timesteps | 191068   |
| train/             |          |
|    actor_loss      | -229     |
|    critic_loss     | 17.1     |
|    ent_coef        | 0.0663   |
|    ent_coef_loss   | -0.458   |
|    learning_rate   | 0.0003   |
|    n_updates       | 181067   |
---------------------------------
---------------------------------
| rollout/           |          |
|    ep_len_mean     | 457      |
|    ep_rew_mean     | 1.5e+03  |
| time/              |          |
|    episodes        | 1348     |
|    fps             | 311      |
|    time_elapsed    | 617      |
|    total_timesteps | 192623   |
| train/             |          |
|    actor_loss      | -229     |
|    critic_loss     | 4.2      |
|    ent_coef        | 0.0663   |
|    ent_coef_loss   | -0.211   |
|    learning_rate   | 0.0003   |
|    n_updates       | 182622   |
---------------------------------
---------------------------------
| rollout/           |          |
|    ep_len_mean     | 465      |
|    ep_rew_mean     | 1.52e+03 |
| time/              |          |
|    episodes        | 1352     |
|    fps             | 311      |
|    time_elapsed    | 625      |
|    total_timesteps | 194536   |
| train/             |          |
|    actor_loss      | -225     |
|    critic_loss     | 8.53     |
|    ent_coef        | 0.0668   |
|    ent_coef_loss   | 0.267    |
|    learning_rate   | 0.0003   |
|    n_updates       | 184535   |
---------------------------------
---------------------------------
| rollout/           |          |
|    ep_len_mean     | 464      |
|    ep_rew_mean     | 1.52e+03 |
| time/              |          |
|    episodes        | 1356     |
|    fps             | 310      |
|    time_elapsed    | 631      |
|    total_timesteps | 196063   |
| train/             |          |
|    actor_loss      | -228     |
|    critic_loss     | 4.66     |
|    ent_coef        | 0.065    |
|    ent_coef_loss   | -0.316   |
|    learning_rate   | 0.0003   |
|    n_updates       | 186062   |
---------------------------------
---------------------------------
| rollout/           |          |
|    ep_len_mean     | 469      |
|    ep_rew_mean     | 1.54e+03 |
| time/              |          |
|    episodes        | 1360     |
|    fps             | 309      |
|    time_elapsed    | 640      |
|    total_timesteps | 198163   |
| train/             |          |
|    actor_loss      | -226     |
|    critic_loss     | 6.65     |
|    ent_coef        | 0.0632   |
|    ent_coef_loss   | 0.575    |
|    learning_rate   | 0.0003   |
|    n_updates       | 188162   |
---------------------------------
Eval num_timesteps=200000, episode_reward=1242.30 +/- 130.07
Episode length: 367.80 +/- 37.83
---------------------------------
| eval/              |          |
|    mean_ep_length  | 368      |
|    mean_reward     | 1.24e+03 |
| time/              |          |
|    total_timesteps | 200000   |
| train/             |          |
|    actor_loss      | -227     |
|    critic_loss     | 7.49     |
|    ent_coef        | 0.0642   |
|    ent_coef_loss   | 0.487    |
|    learning_rate   | 0.0003   |
|    n_updates       | 189999   |
---------------------------------
---------------------------------
| rollout/           |          |
|    ep_len_mean     | 478      |
|    ep_rew_mean     | 1.57e+03 |
| time/              |          |
|    episodes        | 1364     |
|    fps             | 308      |
|    time_elapsed    | 649      |
|    total_timesteps | 200193   |
| train/             |          |
|    actor_loss      | -225     |
|    critic_loss     | 4.02     |
|    ent_coef        | 0.0633   |
|    ent_coef_loss   | 0.0677   |
|    learning_rate   | 0.0003   |
|    n_updates       | 190192   |
---------------------------------
---------------------------------
| rollout/           |          |
|    ep_len_mean     | 476      |
|    ep_rew_mean     | 1.56e+03 |
| time/              |          |
|    episodes        | 1368     |
|    fps             | 307      |
|    time_elapsed    | 656      |
|    total_timesteps | 201912   |
| train/             |          |
|    actor_loss      | -230     |
|    critic_loss     | 5.84     |
|    ent_coef        | 0.063    |
|    ent_coef_loss   | 0.128    |
|    learning_rate   | 0.0003   |
|    n_updates       | 191911   |
---------------------------------
---------------------------------
| rollout/           |          |
|    ep_len_mean     | 477      |
|    ep_rew_mean     | 1.56e+03 |
| time/              |          |
|    episodes        | 1372     |
|    fps             | 306      |
|    time_elapsed    | 663      |
|    total_timesteps | 203556   |
| train/             |          |
|    actor_loss      | -228     |
|    critic_loss     | 6.93     |
|    ent_coef        | 0.0647   |
|    ent_coef_loss   | 0.487    |
|    learning_rate   | 0.0003   |
|    n_updates       | 193555   |
---------------------------------
---------------------------------
| rollout/           |          |
|    ep_len_mean     | 465      |
|    ep_rew_mean     | 1.52e+03 |
| time/              |          |
|    episodes        | 1376     |
|    fps             | 306      |
|    time_elapsed    | 668      |
|    total_timesteps | 204952   |
| train/             |          |
|    actor_loss      | -228     |
|    critic_loss     | 14.1     |
|    ent_coef        | 0.0666   |
|    ent_coef_loss   | -0.0315  |
|    learning_rate   | 0.0003   |
|    n_updates       | 194951   |
---------------------------------
---------------------------------
| rollout/           |          |
|    ep_len_mean     | 450      |
|    ep_rew_mean     | 1.48e+03 |
| time/              |          |
|    episodes        | 1380     |
|    fps             | 305      |
|    time_elapsed    | 675      |
|    total_timesteps | 206662   |
| train/             |          |
|    actor_loss      | -234     |
|    critic_loss     | 17.6     |
|    ent_coef        | 0.0681   |
|    ent_coef_loss   | -1.32    |
|    learning_rate   | 0.0003   |
|    n_updates       | 196661   |
---------------------------------
---------------------------------
| rollout/           |          |
|    ep_len_mean     | 446      |
|    ep_rew_mean     | 1.47e+03 |
| time/              |          |
|    episodes        | 1384     |
|    fps             | 305      |
|    time_elapsed    | 682      |
|    total_timesteps | 208204   |
| train/             |          |
|    actor_loss      | -238     |
|    critic_loss     | 6.99     |
|    ent_coef        | 0.0674   |
|    ent_coef_loss   | 0.044    |
|    learning_rate   | 0.0003   |
|    n_updates       | 198203   |
---------------------------------
Eval num_timesteps=210000, episode_reward=1903.52 +/- 233.47
Episode length: 571.40 +/- 68.76
---------------------------------
| eval/              |          |
|    mean_ep_length  | 571      |
|    mean_reward     | 1.9e+03  |
| time/              |          |
|    total_timesteps | 210000   |
| train/             |          |
|    actor_loss      | -231     |
|    critic_loss     | 14.4     |
|    ent_coef        | 0.0638   |
|    ent_coef_loss   | -0.161   |
|    learning_rate   | 0.0003   |
|    n_updates       | 199999   |
---------------------------------
---------------------------------
| rollout/           |          |
|    ep_len_mean     | 456      |
|    ep_rew_mean     | 1.5e+03  |
| time/              |          |
|    episodes        | 1388     |
|    fps             | 303      |
|    time_elapsed    | 694      |
|    total_timesteps | 211044   |
| train/             |          |
|    actor_loss      | -237     |
|    critic_loss     | 14.1     |
|    ent_coef        | 0.0624   |
|    ent_coef_loss   | -0.117   |
|    learning_rate   | 0.0003   |
|    n_updates       | 201043   |
---------------------------------
---------------------------------
| rollout/           |          |
|    ep_len_mean     | 445      |
|    ep_rew_mean     | 1.46e+03 |
| time/              |          |
|    episodes        | 1392     |
|    fps             | 303      |
|    time_elapsed    | 700      |
|    total_timesteps | 212476   |
| train/             |          |
|    actor_loss      | -235     |
|    critic_loss     | 5.18     |
|    ent_coef        | 0.0621   |
|    ent_coef_loss   | -0.656   |
|    learning_rate   | 0.0003   |
|    n_updates       | 202475   |
---------------------------------
---------------------------------
| rollout/           |          |
|    ep_len_mean     | 459      |
|    ep_rew_mean     | 1.5e+03  |
| time/              |          |
|    episodes        | 1396     |
|    fps             | 302      |
|    time_elapsed    | 711      |
|    total_timesteps | 215287   |
| train/             |          |
|    actor_loss      | -231     |
|    critic_loss     | 9.23     |
|    ent_coef        | 0.06     |
|    ent_coef_loss   | 0.634    |
|    learning_rate   | 0.0003   |
|    n_updates       | 205286   |
---------------------------------
---------------------------------
| rollout/           |          |
|    ep_len_mean     | 470      |
|    ep_rew_mean     | 1.54e+03 |
| time/              |          |
|    episodes        | 1400     |
|    fps             | 301      |
|    time_elapsed    | 721      |
|    total_timesteps | 217728   |
| train/             |          |
|    actor_loss      | -233     |
|    critic_loss     | 5.38     |
|    ent_coef        | 0.0604   |
|    ent_coef_loss   | 0.712    |
|    learning_rate   | 0.0003   |
|    n_updates       | 207727   |
---------------------------------
Eval num_timesteps=220000, episode_reward=2946.89 +/- 484.00
Episode length: 944.80 +/- 165.60
---------------------------------
| eval/              |          |
|    mean_ep_length  | 945      |
|    mean_reward     | 2.95e+03 |
| time/              |          |
|    total_timesteps | 220000   |
| train/             |          |
|    actor_loss      | -236     |
|    critic_loss     | 6.07     |
|    ent_coef        | 0.0611   |
|    ent_coef_loss   | -0.0253  |
|    learning_rate   | 0.0003   |
|    n_updates       | 209999   |
---------------------------------
---------------------------------
| rollout/           |          |
|    ep_len_mean     | 483      |
|    ep_rew_mean     | 1.58e+03 |
| time/              |          |
|    episodes        | 1404     |
|    fps             | 300      |
|    time_elapsed    | 734      |
|    total_timesteps | 220370   |
| train/             |          |
|    actor_loss      | -242     |
|    critic_loss     | 5.91     |
|    ent_coef        | 0.0617   |
|    ent_coef_loss   | -0.365   |
|    learning_rate   | 0.0003   |
|    n_updates       | 210369   |
---------------------------------
---------------------------------
| rollout/           |          |
|    ep_len_mean     | 485      |
|    ep_rew_mean     | 1.58e+03 |
| time/              |          |
|    episodes        | 1408     |
|    fps             | 299      |
|    time_elapsed    | 743      |
|    total_timesteps | 222475   |
| train/             |          |
|    actor_loss      | -242     |
|    critic_loss     | 8.23     |
|    ent_coef        | 0.0625   |
|    ent_coef_loss   | -0.0116  |
|    learning_rate   | 0.0003   |
|    n_updates       | 212474   |
---------------------------------
---------------------------------
| rollout/           |          |
|    ep_len_mean     | 489      |
|    ep_rew_mean     | 1.6e+03  |
| time/              |          |
|    episodes        | 1412     |
|    fps             | 298      |
|    time_elapsed    | 750      |
|    total_timesteps | 224308   |
| train/             |          |
|    actor_loss      | -241     |
|    critic_loss     | 12       |
|    ent_coef        | 0.0649   |
|    ent_coef_loss   | -1.26    |
|    learning_rate   | 0.0003   |
|    n_updates       | 214307   |
---------------------------------
---------------------------------
| rollout/           |          |
|    ep_len_mean     | 498      |
|    ep_rew_mean     | 1.63e+03 |
| time/              |          |
|    episodes        | 1416     |
|    fps             | 298      |
|    time_elapsed    | 761      |
|    total_timesteps | 226913   |
| train/             |          |
|    actor_loss      | -239     |
|    critic_loss     | 4.55     |
|    ent_coef        | 0.0606   |
|    ent_coef_loss   | 0.0716   |
|    learning_rate   | 0.0003   |
|    n_updates       | 216912   |
---------------------------------
---------------------------------
| rollout/           |          |
|    ep_len_mean     | 505      |
|    ep_rew_mean     | 1.65e+03 |
| time/              |          |
|    episodes        | 1420     |
|    fps             | 297      |
|    time_elapsed    | 769      |
|    total_timesteps | 228974   |
| train/             |          |
|    actor_loss      | -240     |
|    critic_loss     | 8.04     |
|    ent_coef        | 0.0591   |
|    ent_coef_loss   | -0.517   |
|    learning_rate   | 0.0003   |
|    n_updates       | 218973   |
---------------------------------
Eval num_timesteps=230000, episode_reward=2447.12 +/- 659.14
Episode length: 739.50 +/- 202.20
---------------------------------
| eval/              |          |
|    mean_ep_length  | 740      |
|    mean_reward     | 2.45e+03 |
| time/              |          |
|    total_timesteps | 230000   |
| train/             |          |
|    actor_loss      | -239     |
|    critic_loss     | 5.66     |
|    ent_coef        | 0.06     |
|    ent_coef_loss   | 0.11     |
|    learning_rate   | 0.0003   |
|    n_updates       | 219999   |
---------------------------------
---------------------------------
| rollout/           |          |
|    ep_len_mean     | 511      |
|    ep_rew_mean     | 1.67e+03 |
| time/              |          |
|    episodes        | 1424     |
|    fps             | 296      |
|    time_elapsed    | 779      |
|    total_timesteps | 231273   |
| train/             |          |
|    actor_loss      | -238     |
|    critic_loss     | 6.28     |
|    ent_coef        | 0.0601   |
|    ent_coef_loss   | -0.259   |
|    learning_rate   | 0.0003   |
|    n_updates       | 221272   |
---------------------------------
---------------------------------
| rollout/           |          |
|    ep_len_mean     | 504      |
|    ep_rew_mean     | 1.65e+03 |
| time/              |          |
|    episodes        | 1428     |
|    fps             | 296      |
|    time_elapsed    | 785      |
|    total_timesteps | 232615   |
| train/             |          |
|    actor_loss      | -238     |
|    critic_loss     | 2.89     |
|    ent_coef        | 0.0598   |
|    ent_coef_loss   | -1.23    |
|    learning_rate   | 0.0003   |
|    n_updates       | 222614   |
---------------------------------
---------------------------------
| rollout/           |          |
|    ep_len_mean     | 499      |
|    ep_rew_mean     | 1.63e+03 |
| time/              |          |
|    episodes        | 1432     |
|    fps             | 295      |
|    time_elapsed    | 792      |
|    total_timesteps | 234201   |
| train/             |          |
|    actor_loss      | -237     |
|    critic_loss     | 7.15     |
|    ent_coef        | 0.0614   |
|    ent_coef_loss   | -0.77    |
|    learning_rate   | 0.0003   |
|    n_updates       | 224200   |
---------------------------------
---------------------------------
| rollout/           |          |
|    ep_len_mean     | 497      |
|    ep_rew_mean     | 1.62e+03 |
| time/              |          |
|    episodes        | 1436     |
|    fps             | 295      |
|    time_elapsed    | 800      |
|    total_timesteps | 236264   |
| train/             |          |
|    actor_loss      | -243     |
|    critic_loss     | 5.71     |
|    ent_coef        | 0.0593   |
|    ent_coef_loss   | -0.417   |
|    learning_rate   | 0.0003   |
|    n_updates       | 226263   |
---------------------------------
---------------------------------
| rollout/           |          |
|    ep_len_mean     | 503      |
|    ep_rew_mean     | 1.64e+03 |
| time/              |          |
|    episodes        | 1440     |
|    fps             | 294      |
|    time_elapsed    | 810      |
|    total_timesteps | 238765   |
| train/             |          |
|    actor_loss      | -240     |
|    critic_loss     | 5.6      |
|    ent_coef        | 0.0612   |
|    ent_coef_loss   | -0.631   |
|    learning_rate   | 0.0003   |
|    n_updates       | 228764   |
---------------------------------
Eval num_timesteps=240000, episode_reward=890.95 +/- 89.01
Episode length: 268.90 +/- 24.21
---------------------------------
| eval/              |          |
|    mean_ep_length  | 269      |
|    mean_reward     | 891      |
| time/              |          |
|    total_timesteps | 240000   |
| train/             |          |
|    actor_loss      | -244     |
|    critic_loss     | 4.36     |
|    ent_coef        | 0.062    |
|    ent_coef_loss   | 0.199    |
|    learning_rate   | 0.0003   |
|    n_updates       | 229999   |
---------------------------------
---------------------------------
| rollout/           |          |
|    ep_len_mean     | 495      |
|    ep_rew_mean     | 1.62e+03 |
| time/              |          |
|    episodes        | 1444     |
|    fps             | 293      |
|    time_elapsed    | 818      |
|    total_timesteps | 240614   |
| train/             |          |
|    actor_loss      | -232     |
|    critic_loss     | 31.4     |
|    ent_coef        | 0.0624   |
|    ent_coef_loss   | -0.124   |
|    learning_rate   | 0.0003   |
|    n_updates       | 230613   |
---------------------------------
---------------------------------
| rollout/           |          |
|    ep_len_mean     | 497      |
|    ep_rew_mean     | 1.63e+03 |
| time/              |          |
|    episodes        | 1448     |
|    fps             | 293      |
|    time_elapsed    | 825      |
|    total_timesteps | 242292   |
| train/             |          |
|    actor_loss      | -238     |
|    critic_loss     | 5.63     |
|    ent_coef        | 0.0581   |
|    ent_coef_loss   | -0.433   |
|    learning_rate   | 0.0003   |
|    n_updates       | 232291   |
---------------------------------
---------------------------------
| rollout/           |          |
|    ep_len_mean     | 494      |
|    ep_rew_mean     | 1.62e+03 |
| time/              |          |
|    episodes        | 1452     |
|    fps             | 293      |
|    time_elapsed    | 831      |
|    total_timesteps | 243912   |
| train/             |          |
|    actor_loss      | -243     |
|    critic_loss     | 10.4     |
|    ent_coef        | 0.0581   |
|    ent_coef_loss   | -0.392   |
|    learning_rate   | 0.0003   |
|    n_updates       | 233911   |
---------------------------------
---------------------------------
| rollout/           |          |
|    ep_len_mean     | 501      |
|    ep_rew_mean     | 1.65e+03 |
| time/              |          |
|    episodes        | 1456     |
|    fps             | 292      |
|    time_elapsed    | 840      |
|    total_timesteps | 246118   |
| train/             |          |
|    actor_loss      | -246     |
|    critic_loss     | 4.8      |
|    ent_coef        | 0.0576   |
|    ent_coef_loss   | -0.313   |
|    learning_rate   | 0.0003   |
|    n_updates       | 236117   |
---------------------------------
---------------------------------
| rollout/           |          |
|    ep_len_mean     | 510      |
|    ep_rew_mean     | 1.68e+03 |
| time/              |          |
|    episodes        | 1460     |
|    fps             | 292      |
|    time_elapsed    | 853      |
|    total_timesteps | 249166   |
| train/             |          |
|    actor_loss      | -238     |
|    critic_loss     | 4.37     |
|    ent_coef        | 0.057    |
|    ent_coef_loss   | 0.394    |
|    learning_rate   | 0.0003   |
|    n_updates       | 239165   |
---------------------------------
Eval num_timesteps=250000, episode_reward=2980.18 +/- 486.49
Episode length: 924.60 +/- 163.80
---------------------------------
| eval/              |          |
|    mean_ep_length  | 925      |
|    mean_reward     | 2.98e+03 |
| time/              |          |
|    total_timesteps | 250000   |
| train/             |          |
|    actor_loss      | -246     |
|    critic_loss     | 3.83     |
|    ent_coef        | 0.0578   |
|    ent_coef_loss   | 0.206    |
|    learning_rate   | 0.0003   |
|    n_updates       | 239999   |
---------------------------------
New best mean reward!
---------------------------------
| rollout/           |          |
|    ep_len_mean     | 521      |
|    ep_rew_mean     | 1.72e+03 |
| time/              |          |
|    episodes        | 1464     |
|    fps             | 290      |
|    time_elapsed    | 867      |
|    total_timesteps | 252275   |
| train/             |          |
|    actor_loss      | -238     |
|    critic_loss     | 7.29     |
|    ent_coef        | 0.0567   |
|    ent_coef_loss   | 0.537    |
|    learning_rate   | 0.0003   |
|    n_updates       | 242274   |
---------------------------------
---------------------------------
| rollout/           |          |
|    ep_len_mean     | 530      |
|    ep_rew_mean     | 1.75e+03 |
| time/              |          |
|    episodes        | 1468     |
|    fps             | 290      |
|    time_elapsed    | 877      |
|    total_timesteps | 254895   |
| train/             |          |
|    actor_loss      | -235     |
|    critic_loss     | 4.64     |
|    ent_coef        | 0.0567   |
|    ent_coef_loss   | 0.595    |
|    learning_rate   | 0.0003   |
|    n_updates       | 244894   |
---------------------------------
---------------------------------
| rollout/           |          |
|    ep_len_mean     | 542      |
|    ep_rew_mean     | 1.79e+03 |
| time/              |          |
|    episodes        | 1472     |
|    fps             | 289      |
|    time_elapsed    | 889      |
|    total_timesteps | 257776   |
| train/             |          |
|    actor_loss      | -242     |
|    critic_loss     | 9.73     |
|    ent_coef        | 0.0551   |
|    ent_coef_loss   | 0.705    |
|    learning_rate   | 0.0003   |
|    n_updates       | 247775   |
---------------------------------
---------------------------------
| rollout/           |          |
|    ep_len_mean     | 548      |
|    ep_rew_mean     | 1.82e+03 |
| time/              |          |
|    episodes        | 1476     |
|    fps             | 289      |
|    time_elapsed    | 897      |
|    total_timesteps | 259770   |
| train/             |          |
|    actor_loss      | -234     |
|    critic_loss     | 5.82     |
|    ent_coef        | 0.0552   |
|    ent_coef_loss   | -0.239   |
|    learning_rate   | 0.0003   |
|    n_updates       | 249769   |
---------------------------------
Eval num_timesteps=260000, episode_reward=2131.23 +/- 450.67
Episode length: 636.10 +/- 139.32
---------------------------------
| eval/              |          |
|    mean_ep_length  | 636      |
|    mean_reward     | 2.13e+03 |
| time/              |          |
|    total_timesteps | 260000   |
| train/             |          |
|    actor_loss      | -244     |
|    critic_loss     | 4.65     |
|    ent_coef        | 0.056    |
|    ent_coef_loss   | 1.27     |
|    learning_rate   | 0.0003   |
|    n_updates       | 249999   |
---------------------------------
---------------------------------
| rollout/           |          |
|    ep_len_mean     | 555      |
|    ep_rew_mean     | 1.84e+03 |
| time/              |          |
|    episodes        | 1480     |
|    fps             | 288      |
|    time_elapsed    | 908      |
|    total_timesteps | 262149   |
| train/             |          |
|    actor_loss      | -231     |
|    critic_loss     | 6.38     |
|    ent_coef        | 0.0569   |
|    ent_coef_loss   | 0.01     |
|    learning_rate   | 0.0003   |
|    n_updates       | 252148   |
---------------------------------
---------------------------------
| rollout/           |          |
|    ep_len_mean     | 570      |
|    ep_rew_mean     | 1.89e+03 |
| time/              |          |
|    episodes        | 1484     |
|    fps             | 288      |
|    time_elapsed    | 920      |
|    total_timesteps | 265198   |
| train/             |          |
|    actor_loss      | -243     |
|    critic_loss     | 5.88     |
|    ent_coef        | 0.0548   |
|    ent_coef_loss   | 0.553    |
|    learning_rate   | 0.0003   |
|    n_updates       | 255197   |
---------------------------------
---------------------------------
| rollout/           |          |
|    ep_len_mean     | 569      |
|    ep_rew_mean     | 1.89e+03 |
| time/              |          |
|    episodes        | 1488     |
|    fps             | 287      |
|    time_elapsed    | 931      |
|    total_timesteps | 267983   |
| train/             |          |
|    actor_loss      | -248     |
|    critic_loss     | 6        |
|    ent_coef        | 0.0543   |
|    ent_coef_loss   | 0.912    |
|    learning_rate   | 0.0003   |
|    n_updates       | 257982   |
---------------------------------
Eval num_timesteps=270000, episode_reward=2393.41 +/- 959.32
Episode length: 729.90 +/- 302.05
---------------------------------
| eval/              |          |
|    mean_ep_length  | 730      |
|    mean_reward     | 2.39e+03 |
| time/              |          |
|    total_timesteps | 270000   |
| train/             |          |
|    actor_loss      | -247     |
|    critic_loss     | 10.3     |
|    ent_coef        | 0.0555   |
|    ent_coef_loss   | -0.709   |
|    learning_rate   | 0.0003   |
|    n_updates       | 259999   |
---------------------------------
---------------------------------
| rollout/           |          |
|    ep_len_mean     | 582      |
|    ep_rew_mean     | 1.93e+03 |
| time/              |          |
|    episodes        | 1492     |
|    fps             | 286      |
|    time_elapsed    | 943      |
|    total_timesteps | 270667   |
| train/             |          |
|    actor_loss      | -239     |
|    critic_loss     | 6.52     |
|    ent_coef        | 0.0552   |
|    ent_coef_loss   | 0.387    |
|    learning_rate   | 0.0003   |
|    n_updates       | 260666   |
---------------------------------
---------------------------------
| rollout/           |          |
|    ep_len_mean     | 573      |
|    ep_rew_mean     | 1.9e+03  |
| time/              |          |
|    episodes        | 1496     |
|    fps             | 286      |
|    time_elapsed    | 951      |
|    total_timesteps | 272548   |
| train/             |          |
|    actor_loss      | -249     |
|    critic_loss     | 2.57     |
|    ent_coef        | 0.0566   |
|    ent_coef_loss   | -0.841   |
|    learning_rate   | 0.0003   |
|    n_updates       | 262547   |
---------------------------------
---------------------------------
| rollout/           |          |
|    ep_len_mean     | 562      |
|    ep_rew_mean     | 1.87e+03 |
| time/              |          |
|    episodes        | 1500     |
|    fps             | 286      |
|    time_elapsed    | 957      |
|    total_timesteps | 273940   |
| train/             |          |
|    actor_loss      | -244     |
|    critic_loss     | 5.45     |
|    ent_coef        | 0.0545   |
|    ent_coef_loss   | -0.739   |
|    learning_rate   | 0.0003   |
|    n_updates       | 263939   |
---------------------------------
---------------------------------
| rollout/           |          |
|    ep_len_mean     | 556      |
|    ep_rew_mean     | 1.85e+03 |
| time/              |          |
|    episodes        | 1504     |
|    fps             | 285      |
|    time_elapsed    | 965      |
|    total_timesteps | 275965   |
| train/             |          |
|    actor_loss      | -241     |
|    critic_loss     | 8.32     |
|    ent_coef        | 0.0545   |
|    ent_coef_loss   | 1.37     |
|    learning_rate   | 0.0003   |
|    n_updates       | 265964   |
---------------------------------
---------------------------------
| rollout/           |          |
|    ep_len_mean     | 548      |
|    ep_rew_mean     | 1.83e+03 |
| time/              |          |
|    episodes        | 1508     |
|    fps             | 285      |
|    time_elapsed    | 970      |
|    total_timesteps | 277237   |
| train/             |          |
|    actor_loss      | -244     |
|    critic_loss     | 3.06     |
|    ent_coef        | 0.0549   |
|    ent_coef_loss   | -0.129   |
|    learning_rate   | 0.0003   |
|    n_updates       | 267236   |
---------------------------------
---------------------------------
| rollout/           |          |
|    ep_len_mean     | 545      |
|    ep_rew_mean     | 1.82e+03 |
| time/              |          |
|    episodes        | 1512     |
|    fps             | 285      |
|    time_elapsed    | 977      |
|    total_timesteps | 278837   |
| train/             |          |
|    actor_loss      | -250     |
|    critic_loss     | 4.18     |
|    ent_coef        | 0.054    |
|    ent_coef_loss   | -0.331   |
|    learning_rate   | 0.0003   |
|    n_updates       | 268836   |
---------------------------------
Eval num_timesteps=280000, episode_reward=444.18 +/- 5.19
Episode length: 162.80 +/- 1.78
---------------------------------
| eval/              |          |
|    mean_ep_length  | 163      |
|    mean_reward     | 444      |
| time/              |          |
|    total_timesteps | 280000   |
| train/             |          |
|    actor_loss      | -245     |
|    critic_loss     | 8.47     |
|    ent_coef        | 0.0524   |
|    ent_coef_loss   | -0.267   |
|    learning_rate   | 0.0003   |
|    n_updates       | 269999   |
---------------------------------
---------------------------------
| rollout/           |          |
|    ep_len_mean     | 532      |
|    ep_rew_mean     | 1.77e+03 |
| time/              |          |
|    episodes        | 1516     |
|    fps             | 285      |
|    time_elapsed    | 982      |
|    total_timesteps | 280086   |
| train/             |          |
|    actor_loss      | -241     |
|    critic_loss     | 11.4     |
|    ent_coef        | 0.0525   |
|    ent_coef_loss   | 0.0366   |
|    learning_rate   | 0.0003   |
|    n_updates       | 270085   |
---------------------------------
---------------------------------
| rollout/           |          |
|    ep_len_mean     | 522      |
|    ep_rew_mean     | 1.73e+03 |
| time/              |          |
|    episodes        | 1520     |
|    fps             | 284      |
|    time_elapsed    | 987      |
|    total_timesteps | 281138   |
| train/             |          |
|    actor_loss      | -248     |
|    critic_loss     | 14.3     |
|    ent_coef        | 0.0533   |
|    ent_coef_loss   | 1.2      |
|    learning_rate   | 0.0003   |
|    n_updates       | 271137   |
---------------------------------
---------------------------------
| rollout/           |          |
|    ep_len_mean     | 526      |
|    ep_rew_mean     | 1.75e+03 |
| time/              |          |
|    episodes        | 1524     |
|    fps             | 284      |
|    time_elapsed    | 998      |
|    total_timesteps | 283918   |
| train/             |          |
|    actor_loss      | -244     |
|    critic_loss     | 4.94     |
|    ent_coef        | 0.0546   |
|    ent_coef_loss   | -0.696   |
|    learning_rate   | 0.0003   |
|    n_updates       | 273917   |
---------------------------------
---------------------------------
| rollout/           |          |
|    ep_len_mean     | 531      |
|    ep_rew_mean     | 1.76e+03 |
| time/              |          |
|    episodes        | 1528     |
|    fps             | 284      |
|    time_elapsed    | 1005     |
|    total_timesteps | 285699   |
| train/             |          |
|    actor_loss      | -251     |
|    critic_loss     | 7.03     |
|    ent_coef        | 0.0539   |
|    ent_coef_loss   | -0.231   |
|    learning_rate   | 0.0003   |
|    n_updates       | 275698   |
---------------------------------
---------------------------------
| rollout/           |          |
|    ep_len_mean     | 548      |
|    ep_rew_mean     | 1.82e+03 |
| time/              |          |
|    episodes        | 1532     |
|    fps             | 283      |
|    time_elapsed    | 1019     |
|    total_timesteps | 289035   |
| train/             |          |
|    actor_loss      | -248     |
|    critic_loss     | 4.55     |
|    ent_coef        | 0.055    |
|    ent_coef_loss   | -0.836   |
|    learning_rate   | 0.0003   |
|    n_updates       | 279034   |
---------------------------------
Eval num_timesteps=290000, episode_reward=3003.37 +/- 300.74
Episode length: 944.70 +/- 113.25
---------------------------------
| eval/              |          |
|    mean_ep_length  | 945      |
|    mean_reward     | 3e+03    |
| time/              |          |
|    total_timesteps | 290000   |
| train/             |          |
|    actor_loss      | -250     |
|    critic_loss     | 4.62     |
|    ent_coef        | 0.0546   |
|    ent_coef_loss   | -0.619   |
|    learning_rate   | 0.0003   |
|    n_updates       | 279999   |
---------------------------------
New best mean reward!
---------------------------------
| rollout/           |          |
|    ep_len_mean     | 565      |
|    ep_rew_mean     | 1.87e+03 |
| time/              |          |
|    episodes        | 1536     |
|    fps             | 282      |
|    time_elapsed    | 1036     |
|    total_timesteps | 292786   |
| train/             |          |
|    actor_loss      | -253     |
|    critic_loss     | 6.3      |
|    ent_coef        | 0.056    |
|    ent_coef_loss   | -0.575   |
|    learning_rate   | 0.0003   |
|    n_updates       | 282785   |
---------------------------------
---------------------------------
| rollout/           |          |
|    ep_len_mean     | 566      |
|    ep_rew_mean     | 1.87e+03 |
| time/              |          |
|    episodes        | 1540     |
|    fps             | 282      |
|    time_elapsed    | 1046     |
|    total_timesteps | 295406   |
| train/             |          |
|    actor_loss      | -235     |
|    critic_loss     | 4.46     |
|    ent_coef        | 0.0554   |
|    ent_coef_loss   | 0.318    |
|    learning_rate   | 0.0003   |
|    n_updates       | 285405   |
---------------------------------
---------------------------------
| rollout/           |          |
|    ep_len_mean     | 582      |
|    ep_rew_mean     | 1.92e+03 |
| time/              |          |
|    episodes        | 1544     |
|    fps             | 281      |
|    time_elapsed    | 1060     |
|    total_timesteps | 298832   |
| train/             |          |
|    actor_loss      | -243     |
|    critic_loss     | 15.9     |
|    ent_coef        | 0.0537   |
|    ent_coef_loss   | 0.114    |
|    learning_rate   | 0.0003   |
|    n_updates       | 288831   |
---------------------------------
Eval num_timesteps=300000, episode_reward=3177.89 +/- 3.19
Episode length: 1000.00 +/- 0.00
---------------------------------
| eval/              |          |
|    mean_ep_length  | 1e+03    |
|    mean_reward     | 3.18e+03 |
| time/              |          |
|    total_timesteps | 300000   |
| train/             |          |
|    actor_loss      | -249     |
|    critic_loss     | 6.13     |
|    ent_coef        | 0.0533   |
|    ent_coef_loss   | -0.411   |
|    learning_rate   | 0.0003   |
|    n_updates       | 289999   |
---------------------------------
New best mean reward!
---------------------------------
| rollout/           |          |
|    ep_len_mean     | 593      |
|    ep_rew_mean     | 1.96e+03 |
| time/              |          |
|    episodes        | 1548     |
|    fps             | 280      |
|    time_elapsed    | 1074     |
|    total_timesteps | 301632   |
| train/             |          |
|    actor_loss      | -249     |
|    critic_loss     | 2.61     |
|    ent_coef        | 0.053    |
|    ent_coef_loss   | -0.348   |
|    learning_rate   | 0.0003   |
|    n_updates       | 291631   |
---------------------------------
---------------------------------
| rollout/           |          |
|    ep_len_mean     | 609      |
|    ep_rew_mean     | 2.01e+03 |
| time/              |          |
|    episodes        | 1552     |
|    fps             | 280      |
|    time_elapsed    | 1087     |
|    total_timesteps | 304804   |
| train/             |          |
|    actor_loss      | -247     |
|    critic_loss     | 4.48     |
|    ent_coef        | 0.0528   |
|    ent_coef_loss   | 0.0156   |
|    learning_rate   | 0.0003   |
|    n_updates       | 294803   |
---------------------------------
---------------------------------
| rollout/           |          |
|    ep_len_mean     | 613      |
|    ep_rew_mean     | 2.02e+03 |
| time/              |          |
|    episodes        | 1556     |
|    fps             | 280      |
|    time_elapsed    | 1097     |
|    total_timesteps | 307458   |
| train/             |          |
|    actor_loss      | -253     |
|    critic_loss     | 6.3      |
|    ent_coef        | 0.0511   |
|    ent_coef_loss   | 0.67     |
|    learning_rate   | 0.0003   |
|    n_updates       | 297457   |
---------------------------------
Eval num_timesteps=310000, episode_reward=2080.72 +/- 582.10
Episode length: 625.00 +/- 173.49
---------------------------------
| eval/              |          |
|    mean_ep_length  | 625      |
|    mean_reward     | 2.08e+03 |
| time/              |          |
|    total_timesteps | 310000   |
| train/             |          |
|    actor_loss      | -248     |
|    critic_loss     | 10.1     |
|    ent_coef        | 0.0517   |
|    ent_coef_loss   | 0.182    |
|    learning_rate   | 0.0003   |
|    n_updates       | 299999   |
---------------------------------
---------------------------------
| rollout/           |          |
|    ep_len_mean     | 612      |
|    ep_rew_mean     | 2.02e+03 |
| time/              |          |
|    episodes        | 1560     |
|    fps             | 279      |
|    time_elapsed    | 1111     |
|    total_timesteps | 310384   |
| train/             |          |
|    actor_loss      | -247     |
|    critic_loss     | 5.05     |
|    ent_coef        | 0.0513   |
|    ent_coef_loss   | 0.635    |
|    learning_rate   | 0.0003   |
|    n_updates       | 300383   |
---------------------------------
---------------------------------
| rollout/           |          |
|    ep_len_mean     | 610      |
|    ep_rew_mean     | 2.01e+03 |
| time/              |          |
|    episodes        | 1564     |
|    fps             | 279      |
|    time_elapsed    | 1122     |
|    total_timesteps | 313285   |
| train/             |          |
|    actor_loss      | -248     |
|    critic_loss     | 3.1      |
|    ent_coef        | 0.052    |
|    ent_coef_loss   | 0.434    |
|    learning_rate   | 0.0003   |
|    n_updates       | 303284   |
---------------------------------
---------------------------------
| rollout/           |          |
|    ep_len_mean     | 604      |
|    ep_rew_mean     | 1.99e+03 |
| time/              |          |
|    episodes        | 1568     |
|    fps             | 278      |
|    time_elapsed    | 1130     |
|    total_timesteps | 315278   |
| train/             |          |
|    actor_loss      | -248     |
|    critic_loss     | 8.16     |
|    ent_coef        | 0.051    |
|    ent_coef_loss   | -0.456   |
|    learning_rate   | 0.0003   |
|    n_updates       | 305277   |
---------------------------------
---------------------------------
| rollout/           |          |
|    ep_len_mean     | 598      |
|    ep_rew_mean     | 1.97e+03 |
| time/              |          |
|    episodes        | 1572     |
|    fps             | 278      |
|    time_elapsed    | 1140     |
|    total_timesteps | 317587   |
| train/             |          |
|    actor_loss      | -261     |
|    critic_loss     | 3.64     |
|    ent_coef        | 0.0526   |
|    ent_coef_loss   | -0.744   |
|    learning_rate   | 0.0003   |
|    n_updates       | 307586   |
---------------------------------
Eval num_timesteps=320000, episode_reward=2828.39 +/- 564.18
Episode length: 848.30 +/- 175.36
---------------------------------
| eval/              |          |
|    mean_ep_length  | 848      |
|    mean_reward     | 2.83e+03 |
| time/              |          |
|    total_timesteps | 320000   |
| train/             |          |
|    actor_loss      | -254     |
|    critic_loss     | 3.64     |
|    ent_coef        | 0.0491   |
|    ent_coef_loss   | -0.303   |
|    learning_rate   | 0.0003   |
|    n_updates       | 309999   |
---------------------------------
---------------------------------
| rollout/           |          |
|    ep_len_mean     | 607      |
|    ep_rew_mean     | 2e+03    |
| time/              |          |
|    episodes        | 1576     |
|    fps             | 277      |
|    time_elapsed    | 1153     |
|    total_timesteps | 320505   |
| train/             |          |
|    actor_loss      | -252     |
|    critic_loss     | 5.06     |
|    ent_coef        | 0.0503   |
|    ent_coef_loss   | -0.898   |
|    learning_rate   | 0.0003   |
|    n_updates       | 310504   |
---------------------------------
---------------------------------
| rollout/           |          |
|    ep_len_mean     | 606      |
|    ep_rew_mean     | 2e+03    |
| time/              |          |
|    episodes        | 1580     |
|    fps             | 277      |
|    time_elapsed    | 1162     |
|    total_timesteps | 322784   |
| train/             |          |
|    actor_loss      | -255     |
|    critic_loss     | 4.09     |
|    ent_coef        | 0.0499   |
|    ent_coef_loss   | -0.546   |
|    learning_rate   | 0.0003   |
|    n_updates       | 312783   |
---------------------------------
---------------------------------
| rollout/           |          |
|    ep_len_mean     | 600      |
|    ep_rew_mean     | 1.98e+03 |
| time/              |          |
|    episodes        | 1584     |
|    fps             | 277      |
|    time_elapsed    | 1172     |
|    total_timesteps | 325233   |
| train/             |          |
|    actor_loss      | -251     |
|    critic_loss     | 2.91     |
|    ent_coef        | 0.0504   |
|    ent_coef_loss   | 0.206    |
|    learning_rate   | 0.0003   |
|    n_updates       | 315232   |
---------------------------------
---------------------------------
| rollout/           |          |
|    ep_len_mean     | 602      |
|    ep_rew_mean     | 1.98e+03 |
| time/              |          |
|    episodes        | 1588     |
|    fps             | 276      |
|    time_elapsed    | 1184     |
|    total_timesteps | 328152   |
| train/             |          |
|    actor_loss      | -255     |
|    critic_loss     | 4.22     |
|    ent_coef        | 0.0504   |
|    ent_coef_loss   | 1.19     |
|    learning_rate   | 0.0003   |
|    n_updates       | 318151   |
---------------------------------
Eval num_timesteps=330000, episode_reward=3191.75 +/- 95.19
Episode length: 978.70 +/- 37.67
---------------------------------
| eval/              |          |
|    mean_ep_length  | 979      |
|    mean_reward     | 3.19e+03 |
| time/              |          |
|    total_timesteps | 330000   |
| train/             |          |
|    actor_loss      | -261     |
|    critic_loss     | 3.19     |
|    ent_coef        | 0.0503   |
|    ent_coef_loss   | -0.0708  |
|    learning_rate   | 0.0003   |
|    n_updates       | 319999   |
---------------------------------
New best mean reward!
---------------------------------
| rollout/           |          |
|    ep_len_mean     | 602      |
|    ep_rew_mean     | 1.99e+03 |
| time/              |          |
|    episodes        | 1592     |
|    fps             | 276      |
|    time_elapsed    | 1197     |
|    total_timesteps | 330916   |
| train/             |          |
|    actor_loss      | -250     |
|    critic_loss     | 5.93     |
|    ent_coef        | 0.0518   |
|    ent_coef_loss   | 0.397    |
|    learning_rate   | 0.0003   |
|    n_updates       | 320915   |
---------------------------------
---------------------------------
| rollout/           |          |
|    ep_len_mean     | 615      |
|    ep_rew_mean     | 2.03e+03 |
| time/              |          |
|    episodes        | 1596     |
|    fps             | 275      |
|    time_elapsed    | 1210     |
|    total_timesteps | 334075   |
| train/             |          |
|    actor_loss      | -255     |
|    critic_loss     | 6.6      |
|    ent_coef        | 0.0499   |
|    ent_coef_loss   | -0.0898  |
|    learning_rate   | 0.0003   |
|    n_updates       | 324074   |
---------------------------------
---------------------------------
| rollout/           |          |
|    ep_len_mean     | 632      |
|    ep_rew_mean     | 2.08e+03 |
| time/              |          |
|    episodes        | 1600     |
|    fps             | 275      |
|    time_elapsed    | 1223     |
|    total_timesteps | 337103   |
| train/             |          |
|    actor_loss      | -250     |
|    critic_loss     | 6.11     |
|    ent_coef        | 0.0502   |
|    ent_coef_loss   | -1.32    |
|    learning_rate   | 0.0003   |
|    n_updates       | 327102   |
---------------------------------
Eval num_timesteps=340000, episode_reward=3177.82 +/- 171.09
Episode length: 969.00 +/- 59.22
---------------------------------
| eval/              |          |
|    mean_ep_length  | 969      |
|    mean_reward     | 3.18e+03 |
| time/              |          |
|    total_timesteps | 340000   |
| train/             |          |
|    actor_loss      | -253     |
|    critic_loss     | 2.87     |
|    ent_coef        | 0.0494   |
|    ent_coef_loss   | 0.514    |
|    learning_rate   | 0.0003   |
|    n_updates       | 329999   |
---------------------------------
---------------------------------
| rollout/           |          |
|    ep_len_mean     | 641      |
|    ep_rew_mean     | 2.11e+03 |
| time/              |          |
|    episodes        | 1604     |
|    fps             | 274      |
|    time_elapsed    | 1237     |
|    total_timesteps | 340084   |
| train/             |          |
|    actor_loss      | -259     |
|    critic_loss     | 5.4      |
|    ent_coef        | 0.0494   |
|    ent_coef_loss   | 0.561    |
|    learning_rate   | 0.0003   |
|    n_updates       | 330083   |
---------------------------------
---------------------------------
| rollout/           |          |
|    ep_len_mean     | 663      |
|    ep_rew_mean     | 2.19e+03 |
| time/              |          |
|    episodes        | 1608     |
|    fps             | 274      |
|    time_elapsed    | 1251     |
|    total_timesteps | 343581   |
| train/             |          |
|    actor_loss      | -262     |
|    critic_loss     | 5.35     |
|    ent_coef        | 0.05     |
|    ent_coef_loss   | -0.884   |
|    learning_rate   | 0.0003   |
|    n_updates       | 333580   |
---------------------------------
---------------------------------
| rollout/           |          |
|    ep_len_mean     | 686      |
|    ep_rew_mean     | 2.26e+03 |
| time/              |          |
|    episodes        | 1612     |
|    fps             | 274      |
|    time_elapsed    | 1267     |
|    total_timesteps | 347477   |
| train/             |          |
|    actor_loss      | -250     |
|    critic_loss     | 14.8     |
|    ent_coef        | 0.0507   |
|    ent_coef_loss   | 0.917    |
|    learning_rate   | 0.0003   |
|    n_updates       | 337476   |
---------------------------------
Eval num_timesteps=350000, episode_reward=3259.18 +/- 9.07
Episode length: 1000.00 +/- 0.00
---------------------------------
| eval/              |          |
|    mean_ep_length  | 1e+03    |
|    mean_reward     | 3.26e+03 |
| time/              |          |
|    total_timesteps | 350000   |
| train/             |          |
|    actor_loss      | -260     |
|    critic_loss     | 3.88     |
|    ent_coef        | 0.0496   |
|    ent_coef_loss   | 0.681    |
|    learning_rate   | 0.0003   |
|    n_updates       | 339999   |
---------------------------------
New best mean reward!
---------------------------------
| rollout/           |          |
|    ep_len_mean     | 704      |
|    ep_rew_mean     | 2.33e+03 |
| time/              |          |
|    episodes        | 1616     |
|    fps             | 273      |
|    time_elapsed    | 1281     |
|    total_timesteps | 350532   |
| train/             |          |
|    actor_loss      | -253     |
|    critic_loss     | 4.22     |
|    ent_coef        | 0.0503   |
|    ent_coef_loss   | -0.374   |
|    learning_rate   | 0.0003   |
|    n_updates       | 340531   |
---------------------------------
---------------------------------
| rollout/           |          |
|    ep_len_mean     | 717      |
|    ep_rew_mean     | 2.37e+03 |
| time/              |          |
|    episodes        | 1620     |
|    fps             | 273      |
|    time_elapsed    | 1290     |
|    total_timesteps | 352793   |
| train/             |          |
|    actor_loss      | -253     |
|    critic_loss     | 6.04     |
|    ent_coef        | 0.0491   |
|    ent_coef_loss   | 0.394    |
|    learning_rate   | 0.0003   |
|    n_updates       | 342792   |
---------------------------------
---------------------------------
| rollout/           |          |
|    ep_len_mean     | 713      |
|    ep_rew_mean     | 2.36e+03 |
| time/              |          |
|    episodes        | 1624     |
|    fps             | 273      |
|    time_elapsed    | 1300     |
|    total_timesteps | 355234   |
| train/             |          |
|    actor_loss      | -257     |
|    critic_loss     | 7.85     |
|    ent_coef        | 0.0492   |
|    ent_coef_loss   | -0.482   |
|    learning_rate   | 0.0003   |
|    n_updates       | 345233   |
---------------------------------
---------------------------------
| rollout/           |          |
|    ep_len_mean     | 721      |
|    ep_rew_mean     | 2.39e+03 |
| time/              |          |
|    episodes        | 1628     |
|    fps             | 272      |
|    time_elapsed    | 1311     |
|    total_timesteps | 357798   |
| train/             |          |
|    actor_loss      | -252     |
|    critic_loss     | 3.57     |
|    ent_coef        | 0.0484   |
|    ent_coef_loss   | -0.511   |
|    learning_rate   | 0.0003   |
|    n_updates       | 347797   |
---------------------------------
---------------------------------
| rollout/           |          |
|    ep_len_mean     | 709      |
|    ep_rew_mean     | 2.35e+03 |
| time/              |          |
|    episodes        | 1632     |
|    fps             | 272      |
|    time_elapsed    | 1319     |
|    total_timesteps | 359905   |
| train/             |          |
|    actor_loss      | -250     |
|    critic_loss     | 8        |
|    ent_coef        | 0.0487   |
|    ent_coef_loss   | -0.466   |
|    learning_rate   | 0.0003   |
|    n_updates       | 349904   |
---------------------------------
Eval num_timesteps=360000, episode_reward=3061.14 +/- 253.38
Episode length: 915.20 +/- 83.24
---------------------------------
| eval/              |          |
|    mean_ep_length  | 915      |
|    mean_reward     | 3.06e+03 |
| time/              |          |
|    total_timesteps | 360000   |
| train/             |          |
|    actor_loss      | -258     |
|    critic_loss     | 12.8     |
|    ent_coef        | 0.049    |
|    ent_coef_loss   | 0.336    |
|    learning_rate   | 0.0003   |
|    n_updates       | 349999   |
---------------------------------
---------------------------------
| rollout/           |          |
|    ep_len_mean     | 701      |
|    ep_rew_mean     | 2.33e+03 |
| time/              |          |
|    episodes        | 1636     |
|    fps             | 272      |
|    time_elapsed    | 1333     |
|    total_timesteps | 362923   |
| train/             |          |
|    actor_loss      | -261     |
|    critic_loss     | 4.02     |
|    ent_coef        | 0.0492   |
|    ent_coef_loss   | 0.337    |
|    learning_rate   | 0.0003   |
|    n_updates       | 352922   |
---------------------------------
---------------------------------
| rollout/           |          |
|    ep_len_mean     | 700      |
|    ep_rew_mean     | 2.33e+03 |
| time/              |          |
|    episodes        | 1640     |
|    fps             | 271      |
|    time_elapsed    | 1343     |
|    total_timesteps | 365426   |
| train/             |          |
|    actor_loss      | -261     |
|    critic_loss     | 2.56     |
|    ent_coef        | 0.0505   |
|    ent_coef_loss   | -1       |
|    learning_rate   | 0.0003   |
|    n_updates       | 355425   |
---------------------------------
---------------------------------
| rollout/           |          |
|    ep_len_mean     | 683      |
|    ep_rew_mean     | 2.27e+03 |
| time/              |          |
|    episodes        | 1644     |
|    fps             | 271      |
|    time_elapsed    | 1350     |
|    total_timesteps | 367088   |
| train/             |          |
|    actor_loss      | -250     |
|    critic_loss     | 7.69     |
|    ent_coef        | 0.0492   |
|    ent_coef_loss   | 0.265    |
|    learning_rate   | 0.0003   |
|    n_updates       | 357087   |
---------------------------------
Eval num_timesteps=370000, episode_reward=3237.83 +/- 161.70
Episode length: 973.20 +/- 57.10
---------------------------------
| eval/              |          |
|    mean_ep_length  | 973      |
|    mean_reward     | 3.24e+03 |
| time/              |          |
|    total_timesteps | 370000   |
| train/             |          |
|    actor_loss      | -258     |
|    critic_loss     | 2.62     |
|    ent_coef        | 0.0488   |
|    ent_coef_loss   | -0.91    |
|    learning_rate   | 0.0003   |
|    n_updates       | 359999   |
---------------------------------
---------------------------------
| rollout/           |          |
|    ep_len_mean     | 688      |
|    ep_rew_mean     | 2.29e+03 |
| time/              |          |
|    episodes        | 1648     |
|    fps             | 271      |
|    time_elapsed    | 1365     |
|    total_timesteps | 370430   |
| train/             |          |
|    actor_loss      | -264     |
|    critic_loss     | 4.02     |
|    ent_coef        | 0.0489   |
|    ent_coef_loss   | 0.539    |
|    learning_rate   | 0.0003   |
|    n_updates       | 360429   |
---------------------------------
---------------------------------
| rollout/           |          |
|    ep_len_mean     | 681      |
|    ep_rew_mean     | 2.27e+03 |
| time/              |          |
|    episodes        | 1652     |
|    fps             | 271      |
|    time_elapsed    | 1375     |
|    total_timesteps | 372880   |
| train/             |          |
|    actor_loss      | -257     |
|    critic_loss     | 3.92     |
|    ent_coef        | 0.049    |
|    ent_coef_loss   | -0.178   |
|    learning_rate   | 0.0003   |
|    n_updates       | 362879   |
---------------------------------
---------------------------------
| rollout/           |          |
|    ep_len_mean     | 678      |
|    ep_rew_mean     | 2.26e+03 |
| time/              |          |
|    episodes        | 1656     |
|    fps             | 270      |
|    time_elapsed    | 1385     |
|    total_timesteps | 375210   |
| train/             |          |
|    actor_loss      | -260     |
|    critic_loss     | 2.7      |
|    ent_coef        | 0.0482   |
|    ent_coef_loss   | -0.64    |
|    learning_rate   | 0.0003   |
|    n_updates       | 365209   |
---------------------------------
---------------------------------
| rollout/           |          |
|    ep_len_mean     | 672      |
|    ep_rew_mean     | 2.25e+03 |
| time/              |          |
|    episodes        | 1660     |
|    fps             | 270      |
|    time_elapsed    | 1395     |
|    total_timesteps | 377597   |
| train/             |          |
|    actor_loss      | -265     |
|    critic_loss     | 2.84     |
|    ent_coef        | 0.0482   |
|    ent_coef_loss   | -0.401   |
|    learning_rate   | 0.0003   |
|    n_updates       | 367596   |
---------------------------------
---------------------------------
| rollout/           |          |
|    ep_len_mean     | 666      |
|    ep_rew_mean     | 2.23e+03 |
| time/              |          |
|    episodes        | 1664     |
|    fps             | 270      |
|    time_elapsed    | 1404     |
|    total_timesteps | 379909   |
| train/             |          |
|    actor_loss      | -260     |
|    critic_loss     | 2.34     |
|    ent_coef        | 0.0494   |
|    ent_coef_loss   | -1.07    |
|    learning_rate   | 0.0003   |
|    n_updates       | 369908   |
---------------------------------
Eval num_timesteps=380000, episode_reward=1030.93 +/- 63.22
Episode length: 304.60 +/- 13.45
---------------------------------
| eval/              |          |
|    mean_ep_length  | 305      |
|    mean_reward     | 1.03e+03 |
| time/              |          |
|    total_timesteps | 380000   |
| train/             |          |
|    actor_loss      | -249     |
|    critic_loss     | 2.57     |
|    ent_coef        | 0.0487   |
|    ent_coef_loss   | 0.634    |
|    learning_rate   | 0.0003   |
|    n_updates       | 369999   |
---------------------------------
---------------------------------
| rollout/           |          |
|    ep_len_mean     | 665      |
|    ep_rew_mean     | 2.22e+03 |
| time/              |          |
|    episodes        | 1668     |
|    fps             | 270      |
|    time_elapsed    | 1412     |
|    total_timesteps | 381812   |
| train/             |          |
|    actor_loss      | -256     |
|    critic_loss     | 5.5      |
|    ent_coef        | 0.0476   |
|    ent_coef_loss   | 0.616    |
|    learning_rate   | 0.0003   |
|    n_updates       | 371811   |
---------------------------------
---------------------------------
| rollout/           |          |
|    ep_len_mean     | 669      |
|    ep_rew_mean     | 2.24e+03 |
| time/              |          |
|    episodes        | 1672     |
|    fps             | 270      |
|    time_elapsed    | 1423     |
|    total_timesteps | 384451   |
| train/             |          |
|    actor_loss      | -258     |
|    critic_loss     | 2.21     |
|    ent_coef        | 0.0481   |
|    ent_coef_loss   | 0.356    |
|    learning_rate   | 0.0003   |
|    n_updates       | 374450   |
---------------------------------
---------------------------------
| rollout/           |          |
|    ep_len_mean     | 679      |
|    ep_rew_mean     | 2.27e+03 |
| time/              |          |
|    episodes        | 1676     |
|    fps             | 269      |
|    time_elapsed    | 1439     |
|    total_timesteps | 388378   |
| train/             |          |
|    actor_loss      | -260     |
|    critic_loss     | 4.91     |
|    ent_coef        | 0.0478   |
|    ent_coef_loss   | -0.451   |
|    learning_rate   | 0.0003   |
|    n_updates       | 378377   |
---------------------------------
Eval num_timesteps=390000, episode_reward=3127.55 +/- 459.18
Episode length: 951.40 +/- 145.80
---------------------------------
| eval/              |          |
|    mean_ep_length  | 951      |
|    mean_reward     | 3.13e+03 |
| time/              |          |
|    total_timesteps | 390000   |
| train/             |          |
|    actor_loss      | -263     |
|    critic_loss     | 5.87     |
|    ent_coef        | 0.049    |
|    ent_coef_loss   | -0.151   |
|    learning_rate   | 0.0003   |
|    n_updates       | 379999   |
---------------------------------
---------------------------------
| rollout/           |          |
|    ep_len_mean     | 689      |
|    ep_rew_mean     | 2.3e+03  |
| time/              |          |
|    episodes        | 1680     |
|    fps             | 269      |
|    time_elapsed    | 1454     |
|    total_timesteps | 391712   |
| train/             |          |
|    actor_loss      | -264     |
|    critic_loss     | 4.54     |
|    ent_coef        | 0.0492   |
|    ent_coef_loss   | 0.83     |
|    learning_rate   | 0.0003   |
|    n_updates       | 381711   |
---------------------------------
---------------------------------
| rollout/           |          |
|    ep_len_mean     | 703      |
|    ep_rew_mean     | 2.35e+03 |
| time/              |          |
|    episodes        | 1684     |
|    fps             | 269      |
|    time_elapsed    | 1469     |
|    total_timesteps | 395500   |
| train/             |          |
|    actor_loss      | -261     |
|    critic_loss     | 3.38     |
|    ent_coef        | 0.0489   |
|    ent_coef_loss   | -0.427   |
|    learning_rate   | 0.0003   |
|    n_updates       | 385499   |
---------------------------------
---------------------------------
| rollout/           |          |
|    ep_len_mean     | 707      |
|    ep_rew_mean     | 2.36e+03 |
| time/              |          |
|    episodes        | 1688     |
|    fps             | 268      |
|    time_elapsed    | 1483     |
|    total_timesteps | 398871   |
| train/             |          |
|    actor_loss      | -265     |
|    critic_loss     | 3.84     |
|    ent_coef        | 0.0484   |
|    ent_coef_loss   | -0.374   |
|    learning_rate   | 0.0003   |
|    n_updates       | 388870   |
---------------------------------
Eval num_timesteps=400000, episode_reward=3319.14 +/- 11.17
Episode length: 1000.00 +/- 0.00
---------------------------------
| eval/              |          |
|    mean_ep_length  | 1e+03    |
|    mean_reward     | 3.32e+03 |
| time/              |          |
|    total_timesteps | 400000   |
| train/             |          |
|    actor_loss      | -255     |
|    critic_loss     | 2.9      |
|    ent_coef        | 0.048    |
|    ent_coef_loss   | -0.0341  |
|    learning_rate   | 0.0003   |
|    n_updates       | 389999   |
---------------------------------
New best mean reward!
---------------------------------
| rollout/           |          |
|    ep_len_mean     | 707      |
|    ep_rew_mean     | 2.36e+03 |
| time/              |          |
|    episodes        | 1692     |
|    fps             | 268      |
|    time_elapsed    | 1496     |
|    total_timesteps | 401658   |
| train/             |          |
|    actor_loss      | -255     |
|    critic_loss     | 6.75     |
|    ent_coef        | 0.0466   |
|    ent_coef_loss   | 0.774    |
|    learning_rate   | 0.0003   |
|    n_updates       | 391657   |
---------------------------------
---------------------------------
| rollout/           |          |
|    ep_len_mean     | 697      |
|    ep_rew_mean     | 2.33e+03 |
| time/              |          |
|    episodes        | 1696     |
|    fps             | 268      |
|    time_elapsed    | 1505     |
|    total_timesteps | 403772   |
| train/             |          |
|    actor_loss      | -256     |
|    critic_loss     | 26.5     |
|    ent_coef        | 0.0482   |
|    ent_coef_loss   | 0.619    |
|    learning_rate   | 0.0003   |
|    n_updates       | 393771   |
---------------------------------
---------------------------------
| rollout/           |          |
|    ep_len_mean     | 696      |
|    ep_rew_mean     | 2.33e+03 |
| time/              |          |
|    episodes        | 1700     |
|    fps             | 268      |
|    time_elapsed    | 1517     |
|    total_timesteps | 406660   |
| train/             |          |
|    actor_loss      | -261     |
|    critic_loss     | 5.39     |
|    ent_coef        | 0.0475   |
|    ent_coef_loss   | -0.125   |
|    learning_rate   | 0.0003   |
|    n_updates       | 396659   |
---------------------------------
---------------------------------
| rollout/           |          |
|    ep_len_mean     | 693      |
|    ep_rew_mean     | 2.32e+03 |
| time/              |          |
|    episodes        | 1704     |
|    fps             | 267      |
|    time_elapsed    | 1528     |
|    total_timesteps | 409372   |
| train/             |          |
|    actor_loss      | -268     |
|    critic_loss     | 2.83     |
|    ent_coef        | 0.0475   |
|    ent_coef_loss   | -0.142   |
|    learning_rate   | 0.0003   |
|    n_updates       | 399371   |
---------------------------------
Eval num_timesteps=410000, episode_reward=2176.58 +/- 635.27
Episode length: 636.00 +/- 181.50
---------------------------------
| eval/              |          |
|    mean_ep_length  | 636      |
|    mean_reward     | 2.18e+03 |
| time/              |          |
|    total_timesteps | 410000   |
| train/             |          |
|    actor_loss      | -258     |
|    critic_loss     | 4.93     |
|    ent_coef        | 0.0474   |
|    ent_coef_loss   | 1.02     |
|    learning_rate   | 0.0003   |
|    n_updates       | 399999   |
---------------------------------
---------------------------------
| rollout/           |          |
|    ep_len_mean     | 680      |
|    ep_rew_mean     | 2.29e+03 |
| time/              |          |
|    episodes        | 1708     |
|    fps             | 267      |
|    time_elapsed    | 1538     |
|    total_timesteps | 411628   |
| train/             |          |
|    actor_loss      | -264     |
|    critic_loss     | 4.84     |
|    ent_coef        | 0.0478   |
|    ent_coef_loss   | -0.781   |
|    learning_rate   | 0.0003   |
|    n_updates       | 401627   |
---------------------------------
---------------------------------
| rollout/           |          |
|    ep_len_mean     | 675      |
|    ep_rew_mean     | 2.27e+03 |
| time/              |          |
|    episodes        | 1712     |
|    fps             | 267      |
|    time_elapsed    | 1552     |
|    total_timesteps | 414987   |
| train/             |          |
|    actor_loss      | -260     |
|    critic_loss     | 2.38     |
|    ent_coef        | 0.0487   |
|    ent_coef_loss   | -1.01    |
|    learning_rate   | 0.0003   |
|    n_updates       | 404986   |
---------------------------------
---------------------------------
| rollout/           |          |
|    ep_len_mean     | 674      |
|    ep_rew_mean     | 2.27e+03 |
| time/              |          |
|    episodes        | 1716     |
|    fps             | 267      |
|    time_elapsed    | 1564     |
|    total_timesteps | 417975   |
| train/             |          |
|    actor_loss      | -264     |
|    critic_loss     | 4.94     |
|    ent_coef        | 0.0466   |
|    ent_coef_loss   | -1.03    |
|    learning_rate   | 0.0003   |
|    n_updates       | 407974   |
---------------------------------
---------------------------------
| rollout/           |          |
|    ep_len_mean     | 670      |
|    ep_rew_mean     | 2.25e+03 |
| time/              |          |
|    episodes        | 1720     |
|    fps             | 267      |
|    time_elapsed    | 1571     |
|    total_timesteps | 419758   |
| train/             |          |
|    actor_loss      | -256     |
|    critic_loss     | 4.05     |
|    ent_coef        | 0.0461   |
|    ent_coef_loss   | 0.323    |
|    learning_rate   | 0.0003   |
|    n_updates       | 409757   |
---------------------------------
Eval num_timesteps=420000, episode_reward=3141.00 +/- 211.30
Episode length: 973.70 +/- 78.90
---------------------------------
| eval/              |          |
|    mean_ep_length  | 974      |
|    mean_reward     | 3.14e+03 |
| time/              |          |
|    total_timesteps | 420000   |
| train/             |          |
|    actor_loss      | -255     |
|    critic_loss     | 3.4      |
|    ent_coef        | 0.0461   |
|    ent_coef_loss   | 1.08     |
|    learning_rate   | 0.0003   |
|    n_updates       | 409999   |
---------------------------------
---------------------------------
| rollout/           |          |
|    ep_len_mean     | 670      |
|    ep_rew_mean     | 2.25e+03 |
| time/              |          |
|    episodes        | 1724     |
|    fps             | 266      |
|    time_elapsed    | 1583     |
|    total_timesteps | 422206   |
| train/             |          |
|    actor_loss      | -262     |
|    critic_loss     | 3.29     |
|    ent_coef        | 0.0474   |
|    ent_coef_loss   | -0.787   |
|    learning_rate   | 0.0003   |
|    n_updates       | 412205   |
---------------------------------
---------------------------------
| rollout/           |          |
|    ep_len_mean     | 669      |
|    ep_rew_mean     | 2.25e+03 |
| time/              |          |
|    episodes        | 1728     |
|    fps             | 266      |
|    time_elapsed    | 1593     |
|    total_timesteps | 424696   |
| train/             |          |
|    actor_loss      | -256     |
|    critic_loss     | 6.43     |
|    ent_coef        | 0.0491   |
|    ent_coef_loss   | 0.444    |
|    learning_rate   | 0.0003   |
|    n_updates       | 414695   |
---------------------------------
---------------------------------
| rollout/           |          |
|    ep_len_mean     | 681      |
|    ep_rew_mean     | 2.29e+03 |
| time/              |          |
|    episodes        | 1732     |
|    fps             | 266      |
|    time_elapsed    | 1607     |
|    total_timesteps | 427966   |
| train/             |          |
|    actor_loss      | -259     |
|    critic_loss     | 4.38     |
|    ent_coef        | 0.0472   |
|    ent_coef_loss   | 0.091    |
|    learning_rate   | 0.0003   |
|    n_updates       | 417965   |
---------------------------------
Eval num_timesteps=430000, episode_reward=3233.10 +/- 128.73
Episode length: 964.70 +/- 46.15
---------------------------------
| eval/              |          |
|    mean_ep_length  | 965      |
|    mean_reward     | 3.23e+03 |
| time/              |          |
|    total_timesteps | 430000   |
| train/             |          |
|    actor_loss      | -265     |
|    critic_loss     | 2.38     |
|    ent_coef        | 0.0463   |
|    ent_coef_loss   | -1.4     |
|    learning_rate   | 0.0003   |
|    n_updates       | 419999   |
---------------------------------
---------------------------------
| rollout/           |          |
|    ep_len_mean     | 687      |
|    ep_rew_mean     | 2.31e+03 |
| time/              |          |
|    episodes        | 1736     |
|    fps             | 265      |
|    time_elapsed    | 1623     |
|    total_timesteps | 431602   |
| train/             |          |
|    actor_loss      | -265     |
|    critic_loss     | 4.52     |
|    ent_coef        | 0.0476   |
|    ent_coef_loss   | 0.0157   |
|    learning_rate   | 0.0003   |
|    n_updates       | 421601   |
---------------------------------
---------------------------------
| rollout/           |          |
|    ep_len_mean     | 687      |
|    ep_rew_mean     | 2.31e+03 |
| time/              |          |
|    episodes        | 1740     |
|    fps             | 265      |
|    time_elapsed    | 1634     |
|    total_timesteps | 434156   |
| train/             |          |
|    actor_loss      | -265     |
|    critic_loss     | 2.11     |
|    ent_coef        | 0.0468   |
|    ent_coef_loss   | -0.96    |
|    learning_rate   | 0.0003   |
|    n_updates       | 424155   |
---------------------------------
---------------------------------
| rollout/           |          |
|    ep_len_mean     | 705      |
|    ep_rew_mean     | 2.37e+03 |
| time/              |          |
|    episodes        | 1744     |
|    fps             | 265      |
|    time_elapsed    | 1648     |
|    total_timesteps | 437540   |
| train/             |          |
|    actor_loss      | -265     |
|    critic_loss     | 1.97     |
|    ent_coef        | 0.0463   |
|    ent_coef_loss   | 0.027    |
|    learning_rate   | 0.0003   |
|    n_updates       | 427539   |
---------------------------------
Eval num_timesteps=440000, episode_reward=3261.27 +/- 2.89
Episode length: 1000.00 +/- 0.00
---------------------------------
| eval/              |          |
|    mean_ep_length  | 1e+03    |
|    mean_reward     | 3.26e+03 |
| time/              |          |
|    total_timesteps | 440000   |
| train/             |          |
|    actor_loss      | -263     |
|    critic_loss     | 1.94     |
|    ent_coef        | 0.0468   |
|    ent_coef_loss   | 0.238    |
|    learning_rate   | 0.0003   |
|    n_updates       | 429999   |
---------------------------------
---------------------------------
| rollout/           |          |
|    ep_len_mean     | 703      |
|    ep_rew_mean     | 2.37e+03 |
| time/              |          |
|    episodes        | 1748     |
|    fps             | 265      |
|    time_elapsed    | 1663     |
|    total_timesteps | 440753   |
| train/             |          |
|    actor_loss      | -273     |
|    critic_loss     | 7.27     |
|    ent_coef        | 0.0469   |
|    ent_coef_loss   | 0.354    |
|    learning_rate   | 0.0003   |
|    n_updates       | 430752   |
---------------------------------
---------------------------------
| rollout/           |          |
|    ep_len_mean     | 710      |
|    ep_rew_mean     | 2.39e+03 |
| time/              |          |
|    episodes        | 1752     |
|    fps             | 264      |
|    time_elapsed    | 1675     |
|    total_timesteps | 443901   |
| train/             |          |
|    actor_loss      | -259     |
|    critic_loss     | 2.44     |
|    ent_coef        | 0.0455   |
|    ent_coef_loss   | 0.611    |
|    learning_rate   | 0.0003   |
|    n_updates       | 433900   |
---------------------------------
---------------------------------
| rollout/           |          |
|    ep_len_mean     | 719      |
|    ep_rew_mean     | 2.42e+03 |
| time/              |          |
|    episodes        | 1756     |
|    fps             | 264      |
|    time_elapsed    | 1688     |
|    total_timesteps | 447096   |
| train/             |          |
|    actor_loss      | -260     |
|    critic_loss     | 2.83     |
|    ent_coef        | 0.0451   |
|    ent_coef_loss   | 0.422    |
|    learning_rate   | 0.0003   |
|    n_updates       | 437095   |
---------------------------------
---------------------------------
| rollout/           |          |
|    ep_len_mean     | 720      |
|    ep_rew_mean     | 2.42e+03 |
| time/              |          |
|    episodes        | 1760     |
|    fps             | 264      |
|    time_elapsed    | 1699     |
|    total_timesteps | 449642   |
| train/             |          |
|    actor_loss      | -265     |
|    critic_loss     | 3.87     |
|    ent_coef        | 0.0444   |
|    ent_coef_loss   | -0.166   |
|    learning_rate   | 0.0003   |
|    n_updates       | 439641   |
---------------------------------
Eval num_timesteps=450000, episode_reward=3297.04 +/- 4.39
Episode length: 1000.00 +/- 0.00
---------------------------------
| eval/              |          |
|    mean_ep_length  | 1e+03    |
|    mean_reward     | 3.3e+03  |
| time/              |          |
|    total_timesteps | 450000   |
| train/             |          |
|    actor_loss      | -270     |
|    critic_loss     | 6.26     |
|    ent_coef        | 0.0443   |
|    ent_coef_loss   | 0.0425   |
|    learning_rate   | 0.0003   |
|    n_updates       | 439999   |
---------------------------------
---------------------------------
| rollout/           |          |
|    ep_len_mean     | 728      |
|    ep_rew_mean     | 2.45e+03 |
| time/              |          |
|    episodes        | 1764     |
|    fps             | 264      |
|    time_elapsed    | 1712     |
|    total_timesteps | 452661   |
| train/             |          |
|    actor_loss      | -264     |
|    critic_loss     | 3.03     |
|    ent_coef        | 0.0446   |
|    ent_coef_loss   | 0.0974   |
|    learning_rate   | 0.0003   |
|    n_updates       | 442660   |
---------------------------------
---------------------------------
| rollout/           |          |
|    ep_len_mean     | 731      |
|    ep_rew_mean     | 2.46e+03 |
| time/              |          |
|    episodes        | 1768     |
|    fps             | 264      |
|    time_elapsed    | 1722     |
|    total_timesteps | 454898   |
| train/             |          |
|    actor_loss      | -265     |
|    critic_loss     | 2.61     |
|    ent_coef        | 0.0444   |
|    ent_coef_loss   | -0.241   |
|    learning_rate   | 0.0003   |
|    n_updates       | 444897   |
---------------------------------
---------------------------------
| rollout/           |          |
|    ep_len_mean     | 725      |
|    ep_rew_mean     | 2.44e+03 |
| time/              |          |
|    episodes        | 1772     |
|    fps             | 264      |
|    time_elapsed    | 1730     |
|    total_timesteps | 456983   |
| train/             |          |
|    actor_loss      | -265     |
|    critic_loss     | 3.18     |
|    ent_coef        | 0.0455   |
|    ent_coef_loss   | -0.266   |
|    learning_rate   | 0.0003   |
|    n_updates       | 446982   |
---------------------------------
Eval num_timesteps=460000, episode_reward=3283.53 +/- 13.14
Episode length: 1000.00 +/- 0.00
---------------------------------
| eval/              |          |
|    mean_ep_length  | 1e+03    |
|    mean_reward     | 3.28e+03 |
| time/              |          |
|    total_timesteps | 460000   |
| train/             |          |
|    actor_loss      | -273     |
|    critic_loss     | 1.7      |
|    ent_coef        | 0.045    |
|    ent_coef_loss   | -0.545   |
|    learning_rate   | 0.0003   |
|    n_updates       | 449999   |
---------------------------------
---------------------------------
| rollout/           |          |
|    ep_len_mean     | 719      |
|    ep_rew_mean     | 2.42e+03 |
| time/              |          |
|    episodes        | 1776     |
|    fps             | 263      |
|    time_elapsed    | 1746     |
|    total_timesteps | 460300   |
| train/             |          |
|    actor_loss      | -261     |
|    critic_loss     | 3.3      |
|    ent_coef        | 0.0448   |
|    ent_coef_loss   | 0.882    |
|    learning_rate   | 0.0003   |
|    n_updates       | 450299   |
---------------------------------
---------------------------------
| rollout/           |          |
|    ep_len_mean     | 712      |
|    ep_rew_mean     | 2.4e+03  |
| time/              |          |
|    episodes        | 1780     |
|    fps             | 263      |
|    time_elapsed    | 1756     |
|    total_timesteps | 462889   |
| train/             |          |
|    actor_loss      | -269     |
|    critic_loss     | 3.43     |
|    ent_coef        | 0.0443   |
|    ent_coef_loss   | -0.617   |
|    learning_rate   | 0.0003   |
|    n_updates       | 452888   |
---------------------------------
---------------------------------
| rollout/           |          |
|    ep_len_mean     | 705      |
|    ep_rew_mean     | 2.38e+03 |
| time/              |          |
|    episodes        | 1784     |
|    fps             | 263      |
|    time_elapsed    | 1769     |
|    total_timesteps | 465958   |
| train/             |          |
|    actor_loss      | -267     |
|    critic_loss     | 3.2      |
|    ent_coef        | 0.0435   |
|    ent_coef_loss   | -0.749   |
|    learning_rate   | 0.0003   |
|    n_updates       | 455957   |
---------------------------------
---------------------------------
| rollout/           |          |
|    ep_len_mean     | 701      |
|    ep_rew_mean     | 2.36e+03 |
| time/              |          |
|    episodes        | 1788     |
|    fps             | 263      |
|    time_elapsed    | 1781     |
|    total_timesteps | 468953   |
| train/             |          |
|    actor_loss      | -273     |
|    critic_loss     | 6.22     |
|    ent_coef        | 0.0437   |
|    ent_coef_loss   | 0.948    |
|    learning_rate   | 0.0003   |
|    n_updates       | 458952   |
---------------------------------
Eval num_timesteps=470000, episode_reward=2530.15 +/- 559.46
Episode length: 748.00 +/- 167.85
---------------------------------
| eval/              |          |
|    mean_ep_length  | 748      |
|    mean_reward     | 2.53e+03 |
| time/              |          |
|    total_timesteps | 470000   |
| train/             |          |
|    actor_loss      | -268     |
|    critic_loss     | 6.43     |
|    ent_coef        | 0.0432   |
|    ent_coef_loss   | 1.39     |
|    learning_rate   | 0.0003   |
|    n_updates       | 459999   |
---------------------------------
---------------------------------
| rollout/           |          |
|    ep_len_mean     | 704      |
|    ep_rew_mean     | 2.38e+03 |
| time/              |          |
|    episodes        | 1792     |
|    fps             | 262      |
|    time_elapsed    | 1795     |
|    total_timesteps | 472055   |
| train/             |          |
|    actor_loss      | -269     |
|    critic_loss     | 9.38     |
|    ent_coef        | 0.045    |
|    ent_coef_loss   | -0.0908  |
|    learning_rate   | 0.0003   |
|    n_updates       | 462054   |
---------------------------------
---------------------------------
| rollout/           |          |
|    ep_len_mean     | 722      |
|    ep_rew_mean     | 2.44e+03 |
| time/              |          |
|    episodes        | 1796     |
|    fps             | 262      |
|    time_elapsed    | 1811     |
|    total_timesteps | 475928   |
| train/             |          |
|    actor_loss      | -267     |
|    critic_loss     | 5.65     |
|    ent_coef        | 0.0434   |
|    ent_coef_loss   | 0.637    |
|    learning_rate   | 0.0003   |
|    n_updates       | 465927   |
---------------------------------
---------------------------------
| rollout/           |          |
|    ep_len_mean     | 721      |
|    ep_rew_mean     | 2.43e+03 |
| time/              |          |
|    episodes        | 1800     |
|    fps             | 262      |
|    time_elapsed    | 1823     |
|    total_timesteps | 478790   |
| train/             |          |
|    actor_loss      | -273     |
|    critic_loss     | 2.53     |
|    ent_coef        | 0.043    |
|    ent_coef_loss   | -0.833   |
|    learning_rate   | 0.0003   |
|    n_updates       | 468789   |
---------------------------------
Eval num_timesteps=480000, episode_reward=2862.08 +/- 555.89
Episode length: 841.50 +/- 167.45
---------------------------------
| eval/              |          |
|    mean_ep_length  | 842      |
|    mean_reward     | 2.86e+03 |
| time/              |          |
|    total_timesteps | 480000   |
| train/             |          |
|    actor_loss      | -271     |
|    critic_loss     | 11.4     |
|    ent_coef        | 0.0424   |
|    ent_coef_loss   | -1.04    |
|    learning_rate   | 0.0003   |
|    n_updates       | 469999   |
---------------------------------
---------------------------------
| rollout/           |          |
|    ep_len_mean     | 728      |
|    ep_rew_mean     | 2.46e+03 |
| time/              |          |
|    episodes        | 1804     |
|    fps             | 262      |
|    time_elapsed    | 1838     |
|    total_timesteps | 482202   |
| train/             |          |
|    actor_loss      | -273     |
|    critic_loss     | 2.09     |
|    ent_coef        | 0.0438   |
|    ent_coef_loss   | -1.05    |
|    learning_rate   | 0.0003   |
|    n_updates       | 472201   |
---------------------------------
---------------------------------
| rollout/           |          |
|    ep_len_mean     | 735      |
|    ep_rew_mean     | 2.48e+03 |
| time/              |          |
|    episodes        | 1808     |
|    fps             | 262      |
|    time_elapsed    | 1850     |
|    total_timesteps | 485169   |
| train/             |          |
|    actor_loss      | -274     |
|    critic_loss     | 2.97     |
|    ent_coef        | 0.0433   |
|    ent_coef_loss   | 0.468    |
|    learning_rate   | 0.0003   |
|    n_updates       | 475168   |
---------------------------------
---------------------------------
| rollout/           |          |
|    ep_len_mean     | 723      |
|    ep_rew_mean     | 2.44e+03 |
| time/              |          |
|    episodes        | 1812     |
|    fps             | 262      |
|    time_elapsed    | 1859     |
|    total_timesteps | 487268   |
| train/             |          |
|    actor_loss      | -272     |
|    critic_loss     | 2.36     |
|    ent_coef        | 0.0441   |
|    ent_coef_loss   | 1.1      |
|    learning_rate   | 0.0003   |
|    n_updates       | 477267   |
---------------------------------
---------------------------------
| rollout/           |          |
|    ep_len_mean     | 717      |
|    ep_rew_mean     | 2.42e+03 |
| time/              |          |
|    episodes        | 1816     |
|    fps             | 261      |
|    time_elapsed    | 1869     |
|    total_timesteps | 489704   |
| train/             |          |
|    actor_loss      | -266     |
|    critic_loss     | 1.84     |
|    ent_coef        | 0.0456   |
|    ent_coef_loss   | 0.251    |
|    learning_rate   | 0.0003   |
|    n_updates       | 479703   |
---------------------------------
Eval num_timesteps=490000, episode_reward=2062.99 +/- 637.20
Episode length: 611.90 +/- 195.09
---------------------------------
| eval/              |          |
|    mean_ep_length  | 612      |
|    mean_reward     | 2.06e+03 |
| time/              |          |
|    total_timesteps | 490000   |
| train/             |          |
|    actor_loss      | -271     |
|    critic_loss     | 1.94     |
|    ent_coef        | 0.045    |
|    ent_coef_loss   | -0.309   |
|    learning_rate   | 0.0003   |
|    n_updates       | 479999   |
---------------------------------
---------------------------------
| rollout/           |          |
|    ep_len_mean     | 732      |
|    ep_rew_mean     | 2.47e+03 |
| time/              |          |
|    episodes        | 1820     |
|    fps             | 261      |
|    time_elapsed    | 1883     |
|    total_timesteps | 492937   |
| train/             |          |
|    actor_loss      | -274     |
|    critic_loss     | 6.48     |
|    ent_coef        | 0.0429   |
|    ent_coef_loss   | 0.626    |
|    learning_rate   | 0.0003   |
|    n_updates       | 482936   |
---------------------------------
---------------------------------
| rollout/           |          |
|    ep_len_mean     | 741      |
|    ep_rew_mean     | 2.5e+03  |
| time/              |          |
|    episodes        | 1824     |
|    fps             | 261      |
|    time_elapsed    | 1897     |
|    total_timesteps | 496321   |
| train/             |          |
|    actor_loss      | -270     |
|    critic_loss     | 4.46     |
|    ent_coef        | 0.0453   |
|    ent_coef_loss   | 0.622    |
|    learning_rate   | 0.0003   |
|    n_updates       | 486320   |
---------------------------------
Eval num_timesteps=500000, episode_reward=3264.27 +/- 51.52
Episode length: 992.20 +/- 23.40
---------------------------------
| eval/              |          |
|    mean_ep_length  | 992      |
|    mean_reward     | 3.26e+03 |
| time/              |          |
|    total_timesteps | 500000   |
| train/             |          |
|    actor_loss      | -269     |
|    critic_loss     | 4.48     |
|    ent_coef        | 0.0455   |
|    ent_coef_loss   | 0.158    |
|    learning_rate   | 0.0003   |
|    n_updates       | 489999   |
---------------------------------
---------------------------------
| rollout/           |          |
|    ep_len_mean     | 755      |
|    ep_rew_mean     | 2.55e+03 |
| time/              |          |
|    episodes        | 1828     |
|    fps             | 261      |
|    time_elapsed    | 1914     |
|    total_timesteps | 500181   |
| train/             |          |
|    actor_loss      | -267     |
|    critic_loss     | 2.67     |
|    ent_coef        | 0.0451   |
|    ent_coef_loss   | 0.898    |
|    learning_rate   | 0.0003   |
|    n_updates       | 490180   |
---------------------------------
---------------------------------
| rollout/           |          |
|    ep_len_mean     | 756      |
|    ep_rew_mean     | 2.55e+03 |
| time/              |          |
|    episodes        | 1832     |
|    fps             | 261      |
|    time_elapsed    | 1928     |
|    total_timesteps | 503565   |
| train/             |          |
|    actor_loss      | -266     |
|    critic_loss     | 3.09     |
|    ent_coef        | 0.0434   |
|    ent_coef_loss   | 0.441    |
|    learning_rate   | 0.0003   |
|    n_updates       | 493564   |
---------------------------------
---------------------------------
| rollout/           |          |
|    ep_len_mean     | 753      |
|    ep_rew_mean     | 2.54e+03 |
| time/              |          |
|    episodes        | 1836     |
|    fps             | 261      |
|    time_elapsed    | 1942     |
|    total_timesteps | 506881   |
| train/             |          |
|    actor_loss      | -277     |
|    critic_loss     | 5.76     |
|    ent_coef        | 0.0432   |
|    ent_coef_loss   | -0.544   |
|    learning_rate   | 0.0003   |
|    n_updates       | 496880   |
---------------------------------
Eval num_timesteps=510000, episode_reward=3269.00 +/- 225.17
Episode length: 975.70 +/- 72.90
---------------------------------
| eval/              |          |
|    mean_ep_length  | 976      |
|    mean_reward     | 3.27e+03 |
| time/              |          |
|    total_timesteps | 510000   |
| train/             |          |
|    actor_loss      | -266     |
|    critic_loss     | 2.94     |
|    ent_coef        | 0.0442   |
|    ent_coef_loss   | 0.215    |
|    learning_rate   | 0.0003   |
|    n_updates       | 499999   |
---------------------------------
---------------------------------
| rollout/           |          |
|    ep_len_mean     | 759      |
|    ep_rew_mean     | 2.56e+03 |
| time/              |          |
|    episodes        | 1840     |
|    fps             | 260      |
|    time_elapsed    | 1956     |
|    total_timesteps | 510068   |
| train/             |          |
|    actor_loss      | -273     |
|    critic_loss     | 4.83     |
|    ent_coef        | 0.0438   |
|    ent_coef_loss   | 0.0594   |
|    learning_rate   | 0.0003   |
|    n_updates       | 500067   |
---------------------------------
---------------------------------
| rollout/           |          |
|    ep_len_mean     | 759      |
|    ep_rew_mean     | 2.56e+03 |
| time/              |          |
|    episodes        | 1844     |
|    fps             | 260      |
|    time_elapsed    | 1970     |
|    total_timesteps | 513421   |
| train/             |          |
|    actor_loss      | -273     |
|    critic_loss     | 2.83     |
|    ent_coef        | 0.0436   |
|    ent_coef_loss   | -0.829   |
|    learning_rate   | 0.0003   |
|    n_updates       | 503420   |
---------------------------------
---------------------------------
| rollout/           |          |
|    ep_len_mean     | 759      |
|    ep_rew_mean     | 2.57e+03 |
| time/              |          |
|    episodes        | 1848     |
|    fps             | 260      |
|    time_elapsed    | 1983     |
|    total_timesteps | 516700   |
| train/             |          |
|    actor_loss      | -285     |
|    critic_loss     | 1.52     |
|    ent_coef        | 0.0431   |
|    ent_coef_loss   | -0.471   |
|    learning_rate   | 0.0003   |
|    n_updates       | 506699   |
---------------------------------
Eval num_timesteps=520000, episode_reward=2521.59 +/- 621.36
Episode length: 741.90 +/- 189.88
---------------------------------
| eval/              |          |
|    mean_ep_length  | 742      |
|    mean_reward     | 2.52e+03 |
| time/              |          |
|    total_timesteps | 520000   |
| train/             |          |
|    actor_loss      | -274     |
|    critic_loss     | 7.06     |
|    ent_coef        | 0.044    |
|    ent_coef_loss   | -0.395   |
|    learning_rate   | 0.0003   |
|    n_updates       | 509999   |
---------------------------------
---------------------------------
| rollout/           |          |
|    ep_len_mean     | 762      |
|    ep_rew_mean     | 2.57e+03 |
| time/              |          |
|    episodes        | 1852     |
|    fps             | 260      |
|    time_elapsed    | 1998     |
|    total_timesteps | 520100   |
| train/             |          |
|    actor_loss      | -278     |
|    critic_loss     | 3.34     |
|    ent_coef        | 0.044    |
|    ent_coef_loss   | 0.0978   |
|    learning_rate   | 0.0003   |
|    n_updates       | 510099   |
---------------------------------
---------------------------------
| rollout/           |          |
|    ep_len_mean     | 758      |
|    ep_rew_mean     | 2.56e+03 |
| time/              |          |
|    episodes        | 1856     |
|    fps             | 260      |
|    time_elapsed    | 2010     |
|    total_timesteps | 522939   |
| train/             |          |
|    actor_loss      | -271     |
|    critic_loss     | 1.98     |
|    ent_coef        | 0.0433   |
|    ent_coef_loss   | 0.834    |
|    learning_rate   | 0.0003   |
|    n_updates       | 512938   |
---------------------------------
---------------------------------
| rollout/           |          |
|    ep_len_mean     | 750      |
|    ep_rew_mean     | 2.53e+03 |
| time/              |          |
|    episodes        | 1860     |
|    fps             | 260      |
|    time_elapsed    | 2017     |
|    total_timesteps | 524616   |
| train/             |          |
|    actor_loss      | -274     |
|    critic_loss     | 2.73     |
|    ent_coef        | 0.0424   |
|    ent_coef_loss   | -0.644   |
|    learning_rate   | 0.0003   |
|    n_updates       | 514615   |
---------------------------------
---------------------------------
| rollout/           |          |
|    ep_len_mean     | 744      |
|    ep_rew_mean     | 2.51e+03 |
| time/              |          |
|    episodes        | 1864     |
|    fps             | 260      |
|    time_elapsed    | 2027     |
|    total_timesteps | 527111   |
| train/             |          |
|    actor_loss      | -277     |
|    critic_loss     | 2.67     |
|    ent_coef        | 0.0425   |
|    ent_coef_loss   | -0.66    |
|    learning_rate   | 0.0003   |
|    n_updates       | 517110   |
---------------------------------
---------------------------------
| rollout/           |          |
|    ep_len_mean     | 745      |
|    ep_rew_mean     | 2.52e+03 |
| time/              |          |
|    episodes        | 1868     |
|    fps             | 259      |
|    time_elapsed    | 2036     |
|    total_timesteps | 529392   |
| train/             |          |
|    actor_loss      | -269     |
|    critic_loss     | 2.86     |
|    ent_coef        | 0.0419   |
|    ent_coef_loss   | -0.599   |
|    learning_rate   | 0.0003   |
|    n_updates       | 519391   |
---------------------------------
Eval num_timesteps=530000, episode_reward=3257.46 +/- 7.59
Episode length: 1000.00 +/- 0.00
---------------------------------
| eval/              |          |
|    mean_ep_length  | 1e+03    |
|    mean_reward     | 3.26e+03 |
| time/              |          |
|    total_timesteps | 530000   |
| train/             |          |
|    actor_loss      | -277     |
|    critic_loss     | 2.12     |
|    ent_coef        | 0.0416   |
|    ent_coef_loss   | -0.21    |
|    learning_rate   | 0.0003   |
|    n_updates       | 519999   |
---------------------------------
---------------------------------
| rollout/           |          |
|    ep_len_mean     | 761      |
|    ep_rew_mean     | 2.57e+03 |
| time/              |          |
|    episodes        | 1872     |
|    fps             | 259      |
|    time_elapsed    | 2053     |
|    total_timesteps | 533114   |
| train/             |          |
|    actor_loss      | -275     |
|    critic_loss     | 3.71     |
|    ent_coef        | 0.0424   |
|    ent_coef_loss   | 0.0827   |
|    learning_rate   | 0.0003   |
|    n_updates       | 523113   |
---------------------------------
---------------------------------
| rollout/           |          |
|    ep_len_mean     | 761      |
|    ep_rew_mean     | 2.56e+03 |
| time/              |          |
|    episodes        | 1876     |
|    fps             | 259      |
|    time_elapsed    | 2066     |
|    total_timesteps | 536354   |
| train/             |          |
|    actor_loss      | -270     |
|    critic_loss     | 11.3     |
|    ent_coef        | 0.0416   |
|    ent_coef_loss   | -0.683   |
|    learning_rate   | 0.0003   |
|    n_updates       | 526353   |
---------------------------------
---------------------------------
| rollout/           |          |
|    ep_len_mean     | 766      |
|    ep_rew_mean     | 2.58e+03 |
| time/              |          |
|    episodes        | 1880     |
|    fps             | 259      |
|    time_elapsed    | 2079     |
|    total_timesteps | 539446   |
| train/             |          |
|    actor_loss      | -280     |
|    critic_loss     | 14.5     |
|    ent_coef        | 0.0409   |
|    ent_coef_loss   | 0.706    |
|    learning_rate   | 0.0003   |
|    n_updates       | 529445   |
---------------------------------
Eval num_timesteps=540000, episode_reward=1657.93 +/- 547.16
Episode length: 525.10 +/- 153.88
---------------------------------
| eval/              |          |
|    mean_ep_length  | 525      |
|    mean_reward     | 1.66e+03 |
| time/              |          |
|    total_timesteps | 540000   |
| train/             |          |
|    actor_loss      | -272     |
|    critic_loss     | 3.5      |
|    ent_coef        | 0.0416   |
|    ent_coef_loss   | 0.16     |
|    learning_rate   | 0.0003   |
|    n_updates       | 529999   |
---------------------------------
---------------------------------
| rollout/           |          |
|    ep_len_mean     | 762      |
|    ep_rew_mean     | 2.57e+03 |
| time/              |          |
|    episodes        | 1884     |
|    fps             | 259      |
|    time_elapsed    | 2091     |
|    total_timesteps | 542188   |
| train/             |          |
|    actor_loss      | -270     |
|    critic_loss     | 3.03     |
|    ent_coef        | 0.0408   |
|    ent_coef_loss   | 0.373    |
|    learning_rate   | 0.0003   |
|    n_updates       | 532187   |
---------------------------------
---------------------------------
| rollout/           |          |
|    ep_len_mean     | 756      |
|    ep_rew_mean     | 2.55e+03 |
| time/              |          |
|    episodes        | 1888     |
|    fps             | 259      |
|    time_elapsed    | 2101     |
|    total_timesteps | 544580   |
| train/             |          |
|    actor_loss      | -270     |
|    critic_loss     | 2.61     |
|    ent_coef        | 0.0409   |
|    ent_coef_loss   | -0.0311  |
|    learning_rate   | 0.0003   |
|    n_updates       | 534579   |
---------------------------------
---------------------------------
| rollout/           |          |
|    ep_len_mean     | 763      |
|    ep_rew_mean     | 2.57e+03 |
| time/              |          |
|    episodes        | 1892     |
|    fps             | 259      |
|    time_elapsed    | 2116     |
|    total_timesteps | 548348   |
| train/             |          |
|    actor_loss      | -275     |
|    critic_loss     | 4.76     |
|    ent_coef        | 0.0396   |
|    ent_coef_loss   | 0.0951   |
|    learning_rate   | 0.0003   |
|    n_updates       | 538347   |
---------------------------------
Eval num_timesteps=550000, episode_reward=3218.03 +/- 14.47
Episode length: 1000.00 +/- 0.00
---------------------------------
| eval/              |          |
|    mean_ep_length  | 1e+03    |
|    mean_reward     | 3.22e+03 |
| time/              |          |
|    total_timesteps | 550000   |
| train/             |          |
|    actor_loss      | -275     |
|    critic_loss     | 2.99     |
|    ent_coef        | 0.0406   |
|    ent_coef_loss   | 0.142    |
|    learning_rate   | 0.0003   |
|    n_updates       | 539999   |
---------------------------------
---------------------------------
| rollout/           |          |
|    ep_len_mean     | 764      |
|    ep_rew_mean     | 2.57e+03 |
| time/              |          |
|    episodes        | 1896     |
|    fps             | 258      |
|    time_elapsed    | 2135     |
|    total_timesteps | 552348   |
| train/             |          |
|    actor_loss      | -276     |
|    critic_loss     | 4.97     |
|    ent_coef        | 0.0412   |
|    ent_coef_loss   | -0.327   |
|    learning_rate   | 0.0003   |
|    n_updates       | 542347   |
---------------------------------
---------------------------------
| rollout/           |          |
|    ep_len_mean     | 776      |
|    ep_rew_mean     | 2.61e+03 |
| time/              |          |
|    episodes        | 1900     |
|    fps             | 258      |
|    time_elapsed    | 2151     |
|    total_timesteps | 556348   |
| train/             |          |
|    actor_loss      | -277     |
|    critic_loss     | 3.16     |
|    ent_coef        | 0.0414   |
|    ent_coef_loss   | -0.298   |
|    learning_rate   | 0.0003   |
|    n_updates       | 546347   |
---------------------------------
---------------------------------
| rollout/           |          |
|    ep_len_mean     | 776      |
|    ep_rew_mean     | 2.61e+03 |
| time/              |          |
|    episodes        | 1904     |
|    fps             | 258      |
|    time_elapsed    | 2165     |
|    total_timesteps | 559843   |
| train/             |          |
|    actor_loss      | -281     |
|    critic_loss     | 2.51     |
|    ent_coef        | 0.0402   |
|    ent_coef_loss   | -0.53    |
|    learning_rate   | 0.0003   |
|    n_updates       | 549842   |
---------------------------------
Eval num_timesteps=560000, episode_reward=3255.83 +/- 26.30
Episode length: 1000.00 +/- 0.00
---------------------------------
| eval/              |          |
|    mean_ep_length  | 1e+03    |
|    mean_reward     | 3.26e+03 |
| time/              |          |
|    total_timesteps | 560000   |
| train/             |          |
|    actor_loss      | -274     |
|    critic_loss     | 2.3      |
|    ent_coef        | 0.04     |
|    ent_coef_loss   | 0.213    |
|    learning_rate   | 0.0003   |
|    n_updates       | 549999   |
---------------------------------
---------------------------------
| rollout/           |          |
|    ep_len_mean     | 776      |
|    ep_rew_mean     | 2.61e+03 |
| time/              |          |
|    episodes        | 1908     |
|    fps             | 258      |
|    time_elapsed    | 2179     |
|    total_timesteps | 562783   |
| train/             |          |
|    actor_loss      | -277     |
|    critic_loss     | 8.66     |
|    ent_coef        | 0.0417   |
|    ent_coef_loss   | -0.366   |
|    learning_rate   | 0.0003   |
|    n_updates       | 552782   |
---------------------------------
---------------------------------
| rollout/           |          |
|    ep_len_mean     | 788      |
|    ep_rew_mean     | 2.64e+03 |
| time/              |          |
|    episodes        | 1912     |
|    fps             | 258      |
|    time_elapsed    | 2193     |
|    total_timesteps | 566051   |
| train/             |          |
|    actor_loss      | -278     |
|    critic_loss     | 4.52     |
|    ent_coef        | 0.0413   |
|    ent_coef_loss   | -0.951   |
|    learning_rate   | 0.0003   |
|    n_updates       | 556050   |
---------------------------------
Eval num_timesteps=570000, episode_reward=3073.20 +/- 530.80
Episode length: 942.20 +/- 173.40
---------------------------------
| eval/              |          |
|    mean_ep_length  | 942      |
|    mean_reward     | 3.07e+03 |
| time/              |          |
|    total_timesteps | 570000   |
| train/             |          |
|    actor_loss      | -271     |
|    critic_loss     | 2.07     |
|    ent_coef        | 0.0398   |
|    ent_coef_loss   | 0.219    |
|    learning_rate   | 0.0003   |
|    n_updates       | 559999   |
---------------------------------
---------------------------------
| rollout/           |          |
|    ep_len_mean     | 803      |
|    ep_rew_mean     | 2.69e+03 |
| time/              |          |
|    episodes        | 1916     |
|    fps             | 257      |
|    time_elapsed    | 2211     |
|    total_timesteps | 570051   |
| train/             |          |
|    actor_loss      | -277     |
|    critic_loss     | 3.95     |
|    ent_coef        | 0.0396   |
|    ent_coef_loss   | 0.52     |
|    learning_rate   | 0.0003   |
|    n_updates       | 560050   |
---------------------------------
---------------------------------
| rollout/           |          |
|    ep_len_mean     | 811      |
|    ep_rew_mean     | 2.71e+03 |
| time/              |          |
|    episodes        | 1920     |
|    fps             | 257      |
|    time_elapsed    | 2227     |
|    total_timesteps | 574051   |
| train/             |          |
|    actor_loss      | -272     |
|    critic_loss     | 3.22     |
|    ent_coef        | 0.0401   |
|    ent_coef_loss   | 0.177    |
|    learning_rate   | 0.0003   |
|    n_updates       | 564050   |
---------------------------------
---------------------------------
| rollout/           |          |
|    ep_len_mean     | 805      |
|    ep_rew_mean     | 2.69e+03 |
| time/              |          |
|    episodes        | 1924     |
|    fps             | 257      |
|    time_elapsed    | 2239     |
|    total_timesteps | 576799   |
| train/             |          |
|    actor_loss      | -276     |
|    critic_loss     | 1.49     |
|    ent_coef        | 0.0397   |
|    ent_coef_loss   | -0.0258  |
|    learning_rate   | 0.0003   |
|    n_updates       | 566798   |
---------------------------------
Eval num_timesteps=580000, episode_reward=2839.17 +/- 798.31
Episode length: 872.50 +/- 255.05
---------------------------------
| eval/              |          |
|    mean_ep_length  | 872      |
|    mean_reward     | 2.84e+03 |
| time/              |          |
|    total_timesteps | 580000   |
| train/             |          |
|    actor_loss      | -276     |
|    critic_loss     | 2.21     |
|    ent_coef        | 0.0403   |
|    ent_coef_loss   | -0.0777  |
|    learning_rate   | 0.0003   |
|    n_updates       | 569999   |
---------------------------------
---------------------------------
| rollout/           |          |
|    ep_len_mean     | 799      |
|    ep_rew_mean     | 2.67e+03 |
| time/              |          |
|    episodes        | 1928     |
|    fps             | 257      |
|    time_elapsed    | 2254     |
|    total_timesteps | 580088   |
| train/             |          |
|    actor_loss      | -273     |
|    critic_loss     | 2.95     |
|    ent_coef        | 0.0404   |
|    ent_coef_loss   | -0.121   |
|    learning_rate   | 0.0003   |
|    n_updates       | 570087   |
---------------------------------
---------------------------------
| rollout/           |          |
|    ep_len_mean     | 805      |
|    ep_rew_mean     | 2.69e+03 |
| time/              |          |
|    episodes        | 1932     |
|    fps             | 257      |
|    time_elapsed    | 2270     |
|    total_timesteps | 584088   |
| train/             |          |
|    actor_loss      | -282     |
|    critic_loss     | 1.69     |
|    ent_coef        | 0.0402   |
|    ent_coef_loss   | -0.554   |
|    learning_rate   | 0.0003   |
|    n_updates       | 574087   |
---------------------------------
---------------------------------
| rollout/           |          |
|    ep_len_mean     | 807      |
|    ep_rew_mean     | 2.69e+03 |
| time/              |          |
|    episodes        | 1936     |
|    fps             | 257      |
|    time_elapsed    | 2284     |
|    total_timesteps | 587602   |
| train/             |          |
|    actor_loss      | -280     |
|    critic_loss     | 5.08     |
|    ent_coef        | 0.0402   |
|    ent_coef_loss   | -0.665   |
|    learning_rate   | 0.0003   |
|    n_updates       | 577601   |
---------------------------------
Eval num_timesteps=590000, episode_reward=2677.51 +/- 425.93
Episode length: 785.70 +/- 133.23
---------------------------------
| eval/              |          |
|    mean_ep_length  | 786      |
|    mean_reward     | 2.68e+03 |
| time/              |          |
|    total_timesteps | 590000   |
| train/             |          |
|    actor_loss      | -276     |
|    critic_loss     | 5.28     |
|    ent_coef        | 0.0389   |
|    ent_coef_loss   | 0.044    |
|    learning_rate   | 0.0003   |
|    n_updates       | 579999   |
---------------------------------
---------------------------------
| rollout/           |          |
|    ep_len_mean     | 807      |
|    ep_rew_mean     | 2.69e+03 |
| time/              |          |
|    episodes        | 1940     |
|    fps             | 256      |
|    time_elapsed    | 2299     |
|    total_timesteps | 590762   |
| train/             |          |
|    actor_loss      | -277     |
|    critic_loss     | 1.57     |
|    ent_coef        | 0.04     |
|    ent_coef_loss   | 0.348    |
|    learning_rate   | 0.0003   |
|    n_updates       | 580761   |
---------------------------------
---------------------------------
| rollout/           |          |
|    ep_len_mean     | 809      |
|    ep_rew_mean     | 2.7e+03  |
| time/              |          |
|    episodes        | 1944     |
|    fps             | 256      |
|    time_elapsed    | 2313     |
|    total_timesteps | 594283   |
| train/             |          |
|    actor_loss      | -279     |
|    critic_loss     | 2.03     |
|    ent_coef        | 0.0398   |
|    ent_coef_loss   | -0.391   |
|    learning_rate   | 0.0003   |
|    n_updates       | 584282   |
---------------------------------
---------------------------------
| rollout/           |          |
|    ep_len_mean     | 816      |
|    ep_rew_mean     | 2.72e+03 |
| time/              |          |
|    episodes        | 1948     |
|    fps             | 256      |
|    time_elapsed    | 2329     |
|    total_timesteps | 598283   |
| train/             |          |
|    actor_loss      | -275     |
|    critic_loss     | 2.52     |
|    ent_coef        | 0.0395   |
|    ent_coef_loss   | -0.481   |
|    learning_rate   | 0.0003   |
|    n_updates       | 588282   |
---------------------------------
Eval num_timesteps=600000, episode_reward=2805.03 +/- 555.28
Episode length: 834.40 +/- 178.68
---------------------------------
| eval/              |          |
|    mean_ep_length  | 834      |
|    mean_reward     | 2.81e+03 |
| time/              |          |
|    total_timesteps | 600000   |
| train/             |          |
|    actor_loss      | -285     |
|    critic_loss     | 11.4     |
|    ent_coef        | 0.0398   |
|    ent_coef_loss   | -0.964   |
|    learning_rate   | 0.0003   |
|    n_updates       | 589999   |
---------------------------------
---------------------------------
| rollout/           |          |
|    ep_len_mean     | 822      |
|    ep_rew_mean     | 2.74e+03 |
| time/              |          |
|    episodes        | 1952     |
|    fps             | 256      |
|    time_elapsed    | 2347     |
|    total_timesteps | 602283   |
| train/             |          |
|    actor_loss      | -279     |
|    critic_loss     | 14.5     |
|    ent_coef        | 0.0382   |
|    ent_coef_loss   | 0.0457   |
|    learning_rate   | 0.0003   |
|    n_updates       | 592282   |
---------------------------------
---------------------------------
| rollout/           |          |
|    ep_len_mean     | 823      |
|    ep_rew_mean     | 2.74e+03 |
| time/              |          |
|    episodes        | 1956     |
|    fps             | 256      |
|    time_elapsed    | 2360     |
|    total_timesteps | 605260   |
| train/             |          |
|    actor_loss      | -281     |
|    critic_loss     | 3.92     |
|    ent_coef        | 0.0397   |
|    ent_coef_loss   | 0.0334   |
|    learning_rate   | 0.0003   |
|    n_updates       | 595259   |
---------------------------------
---------------------------------
| rollout/           |          |
|    ep_len_mean     | 839      |
|    ep_rew_mean     | 2.8e+03  |
| time/              |          |
|    episodes        | 1960     |
|    fps             | 256      |
|    time_elapsed    | 2373     |
|    total_timesteps | 608481   |
| train/             |          |
|    actor_loss      | -282     |
|    critic_loss     | 7.29     |
|    ent_coef        | 0.0391   |
|    ent_coef_loss   | 0.645    |
|    learning_rate   | 0.0003   |
|    n_updates       | 598480   |
---------------------------------
Eval num_timesteps=610000, episode_reward=2331.72 +/- 824.63
Episode length: 690.50 +/- 252.28
---------------------------------
| eval/              |          |
|    mean_ep_length  | 690      |
|    mean_reward     | 2.33e+03 |
| time/              |          |
|    total_timesteps | 610000   |
| train/             |          |
|    actor_loss      | -280     |
|    critic_loss     | 11.4     |
|    ent_coef        | 0.0391   |
|    ent_coef_loss   | 0.239    |
|    learning_rate   | 0.0003   |
|    n_updates       | 599999   |
---------------------------------
---------------------------------
| rollout/           |          |
|    ep_len_mean     | 847      |
|    ep_rew_mean     | 2.82e+03 |
| time/              |          |
|    episodes        | 1964     |
|    fps             | 256      |
|    time_elapsed    | 2387     |
|    total_timesteps | 611766   |
| train/             |          |
|    actor_loss      | -284     |
|    critic_loss     | 2.52     |
|    ent_coef        | 0.0387   |
|    ent_coef_loss   | -0.511   |
|    learning_rate   | 0.0003   |
|    n_updates       | 601765   |
---------------------------------
---------------------------------
| rollout/           |          |
|    ep_len_mean     | 857      |
|    ep_rew_mean     | 2.85e+03 |
| time/              |          |
|    episodes        | 1968     |
|    fps             | 256      |
|    time_elapsed    | 2401     |
|    total_timesteps | 615059   |
| train/             |          |
|    actor_loss      | -276     |
|    critic_loss     | 4.08     |
|    ent_coef        | 0.0383   |
|    ent_coef_loss   | 0.809    |
|    learning_rate   | 0.0003   |
|    n_updates       | 605058   |
---------------------------------
---------------------------------
| rollout/           |          |
|    ep_len_mean     | 857      |
|    ep_rew_mean     | 2.86e+03 |
| time/              |          |
|    episodes        | 1972     |
|    fps             | 256      |
|    time_elapsed    | 2417     |
|    total_timesteps | 618832   |
| train/             |          |
|    actor_loss      | -289     |
|    critic_loss     | 1.46     |
|    ent_coef        | 0.0386   |
|    ent_coef_loss   | -0.576   |
|    learning_rate   | 0.0003   |
|    n_updates       | 608831   |
---------------------------------
Eval num_timesteps=620000, episode_reward=3261.84 +/- 3.84
Episode length: 1000.00 +/- 0.00
---------------------------------
| eval/              |          |
|    mean_ep_length  | 1e+03    |
|    mean_reward     | 3.26e+03 |
| time/              |          |
|    total_timesteps | 620000   |
| train/             |          |
|    actor_loss      | -283     |
|    critic_loss     | 7.51     |
|    ent_coef        | 0.0377   |
|    ent_coef_loss   | 0.0278   |
|    learning_rate   | 0.0003   |
|    n_updates       | 609999   |
---------------------------------
---------------------------------
| rollout/           |          |
|    ep_len_mean     | 860      |
|    ep_rew_mean     | 2.86e+03 |
| time/              |          |
|    episodes        | 1976     |
|    fps             | 255      |
|    time_elapsed    | 2433     |
|    total_timesteps | 622324   |
| train/             |          |
|    actor_loss      | -284     |
|    critic_loss     | 2.7      |
|    ent_coef        | 0.0398   |
|    ent_coef_loss   | 0.00712  |
|    learning_rate   | 0.0003   |
|    n_updates       | 612323   |
---------------------------------
---------------------------------
| rollout/           |          |
|    ep_len_mean     | 869      |
|    ep_rew_mean     | 2.89e+03 |
| time/              |          |
|    episodes        | 1980     |
|    fps             | 255      |
|    time_elapsed    | 2449     |
|    total_timesteps | 626324   |
| train/             |          |
|    actor_loss      | -284     |
|    critic_loss     | 5        |
|    ent_coef        | 0.0383   |
|    ent_coef_loss   | -0.516   |
|    learning_rate   | 0.0003   |
|    n_updates       | 616323   |
---------------------------------
Eval num_timesteps=630000, episode_reward=1960.38 +/- 606.18
Episode length: 566.10 +/- 172.98
---------------------------------
| eval/              |          |
|    mean_ep_length  | 566      |
|    mean_reward     | 1.96e+03 |
| time/              |          |
|    total_timesteps | 630000   |
| train/             |          |
|    actor_loss      | -288     |
|    critic_loss     | 1.41     |
|    ent_coef        | 0.0386   |
|    ent_coef_loss   | -0.551   |
|    learning_rate   | 0.0003   |
|    n_updates       | 619999   |
---------------------------------
---------------------------------
| rollout/           |          |
|    ep_len_mean     | 881      |
|    ep_rew_mean     | 2.93e+03 |
| time/              |          |
|    episodes        | 1984     |
|    fps             | 255      |
|    time_elapsed    | 2467     |
|    total_timesteps | 630324   |
| train/             |          |
|    actor_loss      | -276     |
|    critic_loss     | 5.2      |
|    ent_coef        | 0.0394   |
|    ent_coef_loss   | 0.95     |
|    learning_rate   | 0.0003   |
|    n_updates       | 620323   |
---------------------------------
---------------------------------
| rollout/           |          |
|    ep_len_mean     | 887      |
|    ep_rew_mean     | 2.95e+03 |
| time/              |          |
|    episodes        | 1988     |
|    fps             | 255      |
|    time_elapsed    | 2479     |
|    total_timesteps | 633311   |
| train/             |          |
|    actor_loss      | -280     |
|    critic_loss     | 3.45     |
|    ent_coef        | 0.0398   |
|    ent_coef_loss   | 0.657    |
|    learning_rate   | 0.0003   |
|    n_updates       | 623310   |
---------------------------------
---------------------------------
| rollout/           |          |
|    ep_len_mean     | 883      |
|    ep_rew_mean     | 2.94e+03 |
| time/              |          |
|    episodes        | 1992     |
|    fps             | 255      |
|    time_elapsed    | 2492     |
|    total_timesteps | 636643   |
| train/             |          |
|    actor_loss      | -273     |
|    critic_loss     | 1.62     |
|    ent_coef        | 0.0398   |
|    ent_coef_loss   | -0.434   |
|    learning_rate   | 0.0003   |
|    n_updates       | 626642   |
---------------------------------
Eval num_timesteps=640000, episode_reward=3333.26 +/- 5.24
Episode length: 1000.00 +/- 0.00
---------------------------------
| eval/              |          |
|    mean_ep_length  | 1e+03    |
|    mean_reward     | 3.33e+03 |
| time/              |          |
|    total_timesteps | 640000   |
| train/             |          |
|    actor_loss      | -288     |
|    critic_loss     | 2.23     |
|    ent_coef        | 0.0393   |
|    ent_coef_loss   | -0.208   |
|    learning_rate   | 0.0003   |
|    n_updates       | 629999   |
---------------------------------
New best mean reward!
---------------------------------
| rollout/           |          |
|    ep_len_mean     | 877      |
|    ep_rew_mean     | 2.92e+03 |
| time/              |          |
|    episodes        | 1996     |
|    fps             | 255      |
|    time_elapsed    | 2508     |
|    total_timesteps | 640058   |
| train/             |          |
|    actor_loss      | -284     |
|    critic_loss     | 6.34     |
|    ent_coef        | 0.0394   |
|    ent_coef_loss   | 0.208    |
|    learning_rate   | 0.0003   |
|    n_updates       | 630057   |
---------------------------------
---------------------------------
| rollout/           |          |
|    ep_len_mean     | 875      |
|    ep_rew_mean     | 2.91e+03 |
| time/              |          |
|    episodes        | 2000     |
|    fps             | 255      |
|    time_elapsed    | 2524     |
|    total_timesteps | 643820   |
| train/             |          |
|    actor_loss      | -278     |
|    critic_loss     | 2.26     |
|    ent_coef        | 0.0395   |
|    ent_coef_loss   | 0.705    |
|    learning_rate   | 0.0003   |
|    n_updates       | 633819   |
---------------------------------
---------------------------------
| rollout/           |          |
|    ep_len_mean     | 880      |
|    ep_rew_mean     | 2.93e+03 |
| time/              |          |
|    episodes        | 2004     |
|    fps             | 254      |
|    time_elapsed    | 2540     |
|    total_timesteps | 647820   |
| train/             |          |
|    actor_loss      | -283     |
|    critic_loss     | 2.6      |
|    ent_coef        | 0.0384   |
|    ent_coef_loss   | 0.26     |
|    learning_rate   | 0.0003   |
|    n_updates       | 637819   |
---------------------------------
Eval num_timesteps=650000, episode_reward=3325.70 +/- 10.16
Episode length: 1000.00 +/- 0.00
---------------------------------
| eval/              |          |
|    mean_ep_length  | 1e+03    |
|    mean_reward     | 3.33e+03 |
| time/              |          |
|    total_timesteps | 650000   |
| train/             |          |
|    actor_loss      | -279     |
|    critic_loss     | 2.92     |
|    ent_coef        | 0.0393   |
|    ent_coef_loss   | 0.0478   |
|    learning_rate   | 0.0003   |
|    n_updates       | 639999   |
---------------------------------
---------------------------------
| rollout/           |          |
|    ep_len_mean     | 890      |
|    ep_rew_mean     | 2.96e+03 |
| time/              |          |
|    episodes        | 2008     |
|    fps             | 254      |
|    time_elapsed    | 2558     |
|    total_timesteps | 651820   |
| train/             |          |
|    actor_loss      | -287     |
|    critic_loss     | 1.45     |
|    ent_coef        | 0.0394   |
|    ent_coef_loss   | -0.356   |
|    learning_rate   | 0.0003   |
|    n_updates       | 641819   |
---------------------------------
---------------------------------
| rollout/           |          |
|    ep_len_mean     | 892      |
|    ep_rew_mean     | 2.97e+03 |
| time/              |          |
|    episodes        | 2012     |
|    fps             | 254      |
|    time_elapsed    | 2573     |
|    total_timesteps | 655235   |
| train/             |          |
|    actor_loss      | -286     |
|    critic_loss     | 1.65     |
|    ent_coef        | 0.0391   |
|    ent_coef_loss   | 0.067    |
|    learning_rate   | 0.0003   |
|    n_updates       | 645234   |
---------------------------------
---------------------------------
| rollout/           |          |
|    ep_len_mean     | 892      |
|    ep_rew_mean     | 2.98e+03 |
| time/              |          |
|    episodes        | 2016     |
|    fps             | 254      |
|    time_elapsed    | 2589     |
|    total_timesteps | 659235   |
| train/             |          |
|    actor_loss      | -283     |
|    critic_loss     | 8.28     |
|    ent_coef        | 0.0379   |
|    ent_coef_loss   | -0.565   |
|    learning_rate   | 0.0003   |
|    n_updates       | 649234   |
---------------------------------
Eval num_timesteps=660000, episode_reward=3324.94 +/- 3.79
Episode length: 1000.00 +/- 0.00
---------------------------------
| eval/              |          |
|    mean_ep_length  | 1e+03    |
|    mean_reward     | 3.32e+03 |
| time/              |          |
|    total_timesteps | 660000   |
| train/             |          |
|    actor_loss      | -285     |
|    critic_loss     | 1.68     |
|    ent_coef        | 0.0386   |
|    ent_coef_loss   | -0.266   |
|    learning_rate   | 0.0003   |
|    n_updates       | 649999   |
---------------------------------
---------------------------------
| rollout/           |          |
|    ep_len_mean     | 891      |
|    ep_rew_mean     | 2.98e+03 |
| time/              |          |
|    episodes        | 2020     |
|    fps             | 254      |
|    time_elapsed    | 2607     |
|    total_timesteps | 663146   |
| train/             |          |
|    actor_loss      | -282     |
|    critic_loss     | 2.76     |
|    ent_coef        | 0.0386   |
|    ent_coef_loss   | 0.0669   |
|    learning_rate   | 0.0003   |
|    n_updates       | 653145   |
---------------------------------
---------------------------------
| rollout/           |          |
|    ep_len_mean     | 892      |
|    ep_rew_mean     | 2.98e+03 |
| time/              |          |
|    episodes        | 2024     |
|    fps             | 254      |
|    time_elapsed    | 2619     |
|    total_timesteps | 665951   |
| train/             |          |
|    actor_loss      | -290     |
|    critic_loss     | 2.43     |
|    ent_coef        | 0.0385   |
|    ent_coef_loss   | -1.26    |
|    learning_rate   | 0.0003   |
|    n_updates       | 655950   |
---------------------------------
---------------------------------
| rollout/           |          |
|    ep_len_mean     | 899      |
|    ep_rew_mean     | 3e+03    |
| time/              |          |
|    episodes        | 2028     |
|    fps             | 254      |
|    time_elapsed    | 2635     |
|    total_timesteps | 669951   |
| train/             |          |
|    actor_loss      | -287     |
|    critic_loss     | 1.83     |
|    ent_coef        | 0.039    |
|    ent_coef_loss   | 0.566    |
|    learning_rate   | 0.0003   |
|    n_updates       | 659950   |
---------------------------------
Eval num_timesteps=670000, episode_reward=3286.81 +/- 30.46
Episode length: 1000.00 +/- 0.00
---------------------------------
| eval/              |          |
|    mean_ep_length  | 1e+03    |
|    mean_reward     | 3.29e+03 |
| time/              |          |
|    total_timesteps | 670000   |
| train/             |          |
|    actor_loss      | -283     |
|    critic_loss     | 2.22     |
|    ent_coef        | 0.0389   |
|    ent_coef_loss   | -0.00635 |
|    learning_rate   | 0.0003   |
|    n_updates       | 659999   |
---------------------------------
---------------------------------
| rollout/           |          |
|    ep_len_mean     | 899      |
|    ep_rew_mean     | 3e+03    |
| time/              |          |
|    episodes        | 2032     |
|    fps             | 253      |
|    time_elapsed    | 2653     |
|    total_timesteps | 673951   |
| train/             |          |
|    actor_loss      | -281     |
|    critic_loss     | 2.74     |
|    ent_coef        | 0.0384   |
|    ent_coef_loss   | -0.777   |
|    learning_rate   | 0.0003   |
|    n_updates       | 663950   |
---------------------------------
---------------------------------
| rollout/           |          |
|    ep_len_mean     | 903      |
|    ep_rew_mean     | 3.02e+03 |
| time/              |          |
|    episodes        | 2036     |
|    fps             | 253      |
|    time_elapsed    | 2670     |
|    total_timesteps | 677951   |
| train/             |          |
|    actor_loss      | -289     |
|    critic_loss     | 4.28     |
|    ent_coef        | 0.0389   |
|    ent_coef_loss   | 0.223    |
|    learning_rate   | 0.0003   |
|    n_updates       | 667950   |
---------------------------------
Eval num_timesteps=680000, episode_reward=3327.19 +/- 8.66
Episode length: 1000.00 +/- 0.00
---------------------------------
| eval/              |          |
|    mean_ep_length  | 1e+03    |
|    mean_reward     | 3.33e+03 |
| time/              |          |
|    total_timesteps | 680000   |
| train/             |          |
|    actor_loss      | -284     |
|    critic_loss     | 2.36     |
|    ent_coef        | 0.0372   |
|    ent_coef_loss   | -0.717   |
|    learning_rate   | 0.0003   |
|    n_updates       | 669999   |
---------------------------------
---------------------------------
| rollout/           |          |
|    ep_len_mean     | 912      |
|    ep_rew_mean     | 3.04e+03 |
| time/              |          |
|    episodes        | 2040     |
|    fps             | 253      |
|    time_elapsed    | 2688     |
|    total_timesteps | 681951   |
| train/             |          |
|    actor_loss      | -283     |
|    critic_loss     | 2.47     |
|    ent_coef        | 0.0376   |
|    ent_coef_loss   | -0.431   |
|    learning_rate   | 0.0003   |
|    n_updates       | 671950   |
---------------------------------
---------------------------------
| rollout/           |          |
|    ep_len_mean     | 917      |
|    ep_rew_mean     | 3.06e+03 |
| time/              |          |
|    episodes        | 2044     |
|    fps             | 253      |
|    time_elapsed    | 2704     |
|    total_timesteps | 685951   |
| train/             |          |
|    actor_loss      | -290     |
|    critic_loss     | 1.06     |
|    ent_coef        | 0.0374   |
|    ent_coef_loss   | -0.171   |
|    learning_rate   | 0.0003   |
|    n_updates       | 675950   |
---------------------------------
---------------------------------
| rollout/           |          |
|    ep_len_mean     | 910      |
|    ep_rew_mean     | 3.04e+03 |
| time/              |          |
|    episodes        | 2048     |
|    fps             | 253      |
|    time_elapsed    | 2718     |
|    total_timesteps | 689262   |
| train/             |          |
|    actor_loss      | -280     |
|    critic_loss     | 1.69     |
|    ent_coef        | 0.0373   |
|    ent_coef_loss   | -0.554   |
|    learning_rate   | 0.0003   |
|    n_updates       | 679261   |
---------------------------------
Eval num_timesteps=690000, episode_reward=2911.45 +/- 429.25
Episode length: 840.90 +/- 133.34
---------------------------------
| eval/              |          |
|    mean_ep_length  | 841      |
|    mean_reward     | 2.91e+03 |
| time/              |          |
|    total_timesteps | 690000   |
| train/             |          |
|    actor_loss      | -283     |
|    critic_loss     | 1.99     |
|    ent_coef        | 0.0376   |
|    ent_coef_loss   | 0.327    |
|    learning_rate   | 0.0003   |
|    n_updates       | 679999   |
---------------------------------
---------------------------------
| rollout/           |          |
|    ep_len_mean     | 910      |
|    ep_rew_mean     | 3.04e+03 |
| time/              |          |
|    episodes        | 2052     |
|    fps             | 253      |
|    time_elapsed    | 2736     |
|    total_timesteps | 693262   |
| train/             |          |
|    actor_loss      | -287     |
|    critic_loss     | 1.74     |
|    ent_coef        | 0.0372   |
|    ent_coef_loss   | 0.494    |
|    learning_rate   | 0.0003   |
|    n_updates       | 683261   |
---------------------------------
---------------------------------
| rollout/           |          |
|    ep_len_mean     | 919      |
|    ep_rew_mean     | 3.07e+03 |
| time/              |          |
|    episodes        | 2056     |
|    fps             | 253      |
|    time_elapsed    | 2751     |
|    total_timesteps | 697130   |
| train/             |          |
|    actor_loss      | -283     |
|    critic_loss     | 1.95     |
|    ent_coef        | 0.0373   |
|    ent_coef_loss   | -0.312   |
|    learning_rate   | 0.0003   |
|    n_updates       | 687129   |
---------------------------------
Eval num_timesteps=700000, episode_reward=3315.18 +/- 10.89
Episode length: 1000.00 +/- 0.00
---------------------------------
| eval/              |          |
|    mean_ep_length  | 1e+03    |
|    mean_reward     | 3.32e+03 |
| time/              |          |
|    total_timesteps | 700000   |
| train/             |          |
|    actor_loss      | -291     |
|    critic_loss     | 1.94     |
|    ent_coef        | 0.0379   |
|    ent_coef_loss   | -0.496   |
|    learning_rate   | 0.0003   |
|    n_updates       | 689999   |
---------------------------------
---------------------------------
| rollout/           |          |
|    ep_len_mean     | 926      |
|    ep_rew_mean     | 3.09e+03 |
| time/              |          |
|    episodes        | 2060     |
|    fps             | 253      |
|    time_elapsed    | 2770     |
|    total_timesteps | 701130   |
| train/             |          |
|    actor_loss      | -293     |
|    critic_loss     | 1.31     |
|    ent_coef        | 0.0368   |
|    ent_coef_loss   | -0.657   |
|    learning_rate   | 0.0003   |
|    n_updates       | 691129   |
---------------------------------
---------------------------------
| rollout/           |          |
|    ep_len_mean     | 934      |
|    ep_rew_mean     | 3.11e+03 |
| time/              |          |
|    episodes        | 2064     |
|    fps             | 253      |
|    time_elapsed    | 2787     |
|    total_timesteps | 705130   |
| train/             |          |
|    actor_loss      | -284     |
|    critic_loss     | 14.5     |
|    ent_coef        | 0.036    |
|    ent_coef_loss   | 0.945    |
|    learning_rate   | 0.0003   |
|    n_updates       | 695129   |
---------------------------------
---------------------------------
| rollout/           |          |
|    ep_len_mean     | 941      |
|    ep_rew_mean     | 3.14e+03 |
| time/              |          |
|    episodes        | 2068     |
|    fps             | 252      |
|    time_elapsed    | 2803     |
|    total_timesteps | 709130   |
| train/             |          |
|    actor_loss      | -288     |
|    critic_loss     | 1.5      |
|    ent_coef        | 0.0373   |
|    ent_coef_loss   | 0.225    |
|    learning_rate   | 0.0003   |
|    n_updates       | 699129   |
---------------------------------
Eval num_timesteps=710000, episode_reward=3313.73 +/- 5.16
Episode length: 1000.00 +/- 0.00
---------------------------------
| eval/              |          |
|    mean_ep_length  | 1e+03    |
|    mean_reward     | 3.31e+03 |
| time/              |          |
|    total_timesteps | 710000   |
| train/             |          |
|    actor_loss      | -288     |
|    critic_loss     | 1.73     |
|    ent_coef        | 0.0365   |
|    ent_coef_loss   | 0.201    |
|    learning_rate   | 0.0003   |
|    n_updates       | 699999   |
---------------------------------
---------------------------------
| rollout/           |          |
|    ep_len_mean     | 943      |
|    ep_rew_mean     | 3.14e+03 |
| time/              |          |
|    episodes        | 2072     |
|    fps             | 252      |
|    time_elapsed    | 2821     |
|    total_timesteps | 713130   |
| train/             |          |
|    actor_loss      | -287     |
|    critic_loss     | 1.93     |
|    ent_coef        | 0.0364   |
|    ent_coef_loss   | 1.13     |
|    learning_rate   | 0.0003   |
|    n_updates       | 703129   |
---------------------------------
---------------------------------
| rollout/           |          |
|    ep_len_mean     | 948      |
|    ep_rew_mean     | 3.16e+03 |
| time/              |          |
|    episodes        | 2076     |
|    fps             | 252      |
|    time_elapsed    | 2837     |
|    total_timesteps | 717126   |
| train/             |          |
|    actor_loss      | -288     |
|    critic_loss     | 2.39     |
|    ent_coef        | 0.0363   |
|    ent_coef_loss   | -0.21    |
|    learning_rate   | 0.0003   |
|    n_updates       | 707125   |
---------------------------------
Eval num_timesteps=720000, episode_reward=3308.43 +/- 1.39
Episode length: 1000.00 +/- 0.00
---------------------------------
| eval/              |          |
|    mean_ep_length  | 1e+03    |
|    mean_reward     | 3.31e+03 |
| time/              |          |
|    total_timesteps | 720000   |
| train/             |          |
|    actor_loss      | -289     |
|    critic_loss     | 2.17     |
|    ent_coef        | 0.037    |
|    ent_coef_loss   | 0.529    |
|    learning_rate   | 0.0003   |
|    n_updates       | 709999   |
---------------------------------
---------------------------------
| rollout/           |          |
|    ep_len_mean     | 948      |
|    ep_rew_mean     | 3.16e+03 |
| time/              |          |
|    episodes        | 2080     |
|    fps             | 252      |
|    time_elapsed    | 2856     |
|    total_timesteps | 721126   |
| train/             |          |
|    actor_loss      | -292     |
|    critic_loss     | 2.83     |
|    ent_coef        | 0.037    |
|    ent_coef_loss   | 0.113    |
|    learning_rate   | 0.0003   |
|    n_updates       | 711125   |
---------------------------------
---------------------------------
| rollout/           |          |
|    ep_len_mean     | 948      |
|    ep_rew_mean     | 3.16e+03 |
| time/              |          |
|    episodes        | 2084     |
|    fps             | 252      |
|    time_elapsed    | 2872     |
|    total_timesteps | 725126   |
| train/             |          |
|    actor_loss      | -290     |
|    critic_loss     | 2.48     |
|    ent_coef        | 0.0355   |
|    ent_coef_loss   | 0.469    |
|    learning_rate   | 0.0003   |
|    n_updates       | 715125   |
---------------------------------
---------------------------------
| rollout/           |          |
|    ep_len_mean     | 958      |
|    ep_rew_mean     | 3.19e+03 |
| time/              |          |
|    episodes        | 2088     |
|    fps             | 252      |
|    time_elapsed    | 2888     |
|    total_timesteps | 729126   |
| train/             |          |
|    actor_loss      | -284     |
|    critic_loss     | 3.04     |
|    ent_coef        | 0.035    |
|    ent_coef_loss   | -0.0578  |
|    learning_rate   | 0.0003   |
|    n_updates       | 719125   |
---------------------------------
Eval num_timesteps=730000, episode_reward=3326.65 +/- 3.84
Episode length: 1000.00 +/- 0.00
---------------------------------
| eval/              |          |
|    mean_ep_length  | 1e+03    |
|    mean_reward     | 3.33e+03 |
| time/              |          |
|    total_timesteps | 730000   |
| train/             |          |
|    actor_loss      | -285     |
|    critic_loss     | 1.88     |
|    ent_coef        | 0.0355   |
|    ent_coef_loss   | -0.642   |
|    learning_rate   | 0.0003   |
|    n_updates       | 719999   |
---------------------------------
---------------------------------
| rollout/           |          |
|    ep_len_mean     | 965      |
|    ep_rew_mean     | 3.22e+03 |
| time/              |          |
|    episodes        | 2092     |
|    fps             | 252      |
|    time_elapsed    | 2907     |
|    total_timesteps | 733126   |
| train/             |          |
|    actor_loss      | -285     |
|    critic_loss     | 2.84     |
|    ent_coef        | 0.0357   |
|    ent_coef_loss   | 0.0356   |
|    learning_rate   | 0.0003   |
|    n_updates       | 723125   |
---------------------------------
---------------------------------
| rollout/           |          |
|    ep_len_mean     | 971      |
|    ep_rew_mean     | 3.23e+03 |
| time/              |          |
|    episodes        | 2096     |
|    fps             | 252      |
|    time_elapsed    | 2923     |
|    total_timesteps | 737126   |
| train/             |          |
|    actor_loss      | -287     |
|    critic_loss     | 8.75     |
|    ent_coef        | 0.0357   |
|    ent_coef_loss   | 0.166    |
|    learning_rate   | 0.0003   |
|    n_updates       | 727125   |
---------------------------------
Eval num_timesteps=740000, episode_reward=3330.92 +/- 3.39
Episode length: 1000.00 +/- 0.00
---------------------------------
| eval/              |          |
|    mean_ep_length  | 1e+03    |
|    mean_reward     | 3.33e+03 |
| time/              |          |
|    total_timesteps | 740000   |
| train/             |          |
|    actor_loss      | -296     |
|    critic_loss     | 2.33     |
|    ent_coef        | 0.0356   |
|    ent_coef_loss   | 0.437    |
|    learning_rate   | 0.0003   |
|    n_updates       | 729999   |
---------------------------------
---------------------------------
| rollout/           |          |
|    ep_len_mean     | 973      |
|    ep_rew_mean     | 3.24e+03 |
| time/              |          |
|    episodes        | 2100     |
|    fps             | 251      |
|    time_elapsed    | 2941     |
|    total_timesteps | 741126   |
| train/             |          |
|    actor_loss      | -293     |
|    critic_loss     | 6.44     |
|    ent_coef        | 0.036    |
|    ent_coef_loss   | 1.1      |
|    learning_rate   | 0.0003   |
|    n_updates       | 731125   |
---------------------------------
---------------------------------
| rollout/           |          |
|    ep_len_mean     | 973      |
|    ep_rew_mean     | 3.24e+03 |
| time/              |          |
|    episodes        | 2104     |
|    fps             | 251      |
|    time_elapsed    | 2958     |
|    total_timesteps | 745126   |
| train/             |          |
|    actor_loss      | -291     |
|    critic_loss     | 5.81     |
|    ent_coef        | 0.0349   |
|    ent_coef_loss   | 0.664    |
|    learning_rate   | 0.0003   |
|    n_updates       | 735125   |
---------------------------------
---------------------------------
| rollout/           |          |
|    ep_len_mean     | 967      |
|    ep_rew_mean     | 3.22e+03 |
| time/              |          |
|    episodes        | 2108     |
|    fps             | 251      |
|    time_elapsed    | 2971     |
|    total_timesteps | 748481   |
| train/             |          |
|    actor_loss      | -288     |
|    critic_loss     | 3.85     |
|    ent_coef        | 0.0353   |
|    ent_coef_loss   | 0.301    |
|    learning_rate   | 0.0003   |
|    n_updates       | 738480   |
---------------------------------
Eval num_timesteps=750000, episode_reward=3377.28 +/- 31.98
Episode length: 1000.00 +/- 0.00
---------------------------------
| eval/              |          |
|    mean_ep_length  | 1e+03    |
|    mean_reward     | 3.38e+03 |
| time/              |          |
|    total_timesteps | 750000   |
| train/             |          |
|    actor_loss      | -294     |
|    critic_loss     | 2.07     |
|    ent_coef        | 0.0357   |
|    ent_coef_loss   | 0.997    |
|    learning_rate   | 0.0003   |
|    n_updates       | 739999   |
---------------------------------
New best mean reward!
---------------------------------
| rollout/           |          |
|    ep_len_mean     | 972      |
|    ep_rew_mean     | 3.24e+03 |
| time/              |          |
|    episodes        | 2112     |
|    fps             | 251      |
|    time_elapsed    | 2990     |
|    total_timesteps | 752481   |
| train/             |          |
|    actor_loss      | -295     |
|    critic_loss     | 1.84     |
|    ent_coef        | 0.0363   |
|    ent_coef_loss   | 0.125    |
|    learning_rate   | 0.0003   |
|    n_updates       | 742480   |
---------------------------------
---------------------------------
| rollout/           |          |
|    ep_len_mean     | 972      |
|    ep_rew_mean     | 3.24e+03 |
| time/              |          |
|    episodes        | 2116     |
|    fps             | 251      |
|    time_elapsed    | 3006     |
|    total_timesteps | 756481   |
| train/             |          |
|    actor_loss      | -294     |
|    critic_loss     | 1.74     |
|    ent_coef        | 0.0354   |
|    ent_coef_loss   | -1.04    |
|    learning_rate   | 0.0003   |
|    n_updates       | 746480   |
---------------------------------
Eval num_timesteps=760000, episode_reward=3312.04 +/- 2.33
Episode length: 1000.00 +/- 0.00
---------------------------------
| eval/              |          |
|    mean_ep_length  | 1e+03    |
|    mean_reward     | 3.31e+03 |
| time/              |          |
|    total_timesteps | 760000   |
| train/             |          |
|    actor_loss      | -286     |
|    critic_loss     | 4.38     |
|    ent_coef        | 0.0353   |
|    ent_coef_loss   | 0.161    |
|    learning_rate   | 0.0003   |
|    n_updates       | 749999   |
---------------------------------
---------------------------------
| rollout/           |          |
|    ep_len_mean     | 973      |
|    ep_rew_mean     | 3.24e+03 |
| time/              |          |
|    episodes        | 2120     |
|    fps             | 251      |
|    time_elapsed    | 3024     |
|    total_timesteps | 760481   |
| train/             |          |
|    actor_loss      | -288     |
|    critic_loss     | 2.86     |
|    ent_coef        | 0.0357   |
|    ent_coef_loss   | -0.516   |
|    learning_rate   | 0.0003   |
|    n_updates       | 750480   |
---------------------------------
---------------------------------
| rollout/           |          |
|    ep_len_mean     | 985      |
|    ep_rew_mean     | 3.28e+03 |
| time/              |          |
|    episodes        | 2124     |
|    fps             | 251      |
|    time_elapsed    | 3040     |
|    total_timesteps | 764481   |
| train/             |          |
|    actor_loss      | -290     |
|    critic_loss     | 2.18     |
|    ent_coef        | 0.0345   |
|    ent_coef_loss   | 0.451    |
|    learning_rate   | 0.0003   |
|    n_updates       | 754480   |
---------------------------------
---------------------------------
| rollout/           |          |
|    ep_len_mean     | 985      |
|    ep_rew_mean     | 3.28e+03 |
| time/              |          |
|    episodes        | 2128     |
|    fps             | 251      |
|    time_elapsed    | 3057     |
|    total_timesteps | 768481   |
| train/             |          |
|    actor_loss      | -297     |
|    critic_loss     | 2.92     |
|    ent_coef        | 0.0359   |
|    ent_coef_loss   | -0.32    |
|    learning_rate   | 0.0003   |
|    n_updates       | 758480   |
---------------------------------
Eval num_timesteps=770000, episode_reward=3344.50 +/- 9.93
Episode length: 1000.00 +/- 0.00
---------------------------------
| eval/              |          |
|    mean_ep_length  | 1e+03    |
|    mean_reward     | 3.34e+03 |
| time/              |          |
|    total_timesteps | 770000   |
| train/             |          |
|    actor_loss      | -295     |
|    critic_loss     | 5.74     |
|    ent_coef        | 0.0354   |
|    ent_coef_loss   | 0.18     |
|    learning_rate   | 0.0003   |
|    n_updates       | 759999   |
---------------------------------
---------------------------------
| rollout/           |          |
|    ep_len_mean     | 985      |
|    ep_rew_mean     | 3.28e+03 |
| time/              |          |
|    episodes        | 2132     |
|    fps             | 251      |
|    time_elapsed    | 3075     |
|    total_timesteps | 772481   |
| train/             |          |
|    actor_loss      | -294     |
|    critic_loss     | 2.07     |
|    ent_coef        | 0.0347   |
|    ent_coef_loss   | 0.586    |
|    learning_rate   | 0.0003   |
|    n_updates       | 762480   |
---------------------------------
---------------------------------
| rollout/           |          |
|    ep_len_mean     | 985      |
|    ep_rew_mean     | 3.28e+03 |
| time/              |          |
|    episodes        | 2136     |
|    fps             | 251      |
|    time_elapsed    | 3091     |
|    total_timesteps | 776481   |
| train/             |          |
|    actor_loss      | -296     |
|    critic_loss     | 4.44     |
|    ent_coef        | 0.0331   |
|    ent_coef_loss   | -0.271   |
|    learning_rate   | 0.0003   |
|    n_updates       | 766480   |
---------------------------------
---------------------------------
| rollout/           |          |
|    ep_len_mean     | 976      |
|    ep_rew_mean     | 3.25e+03 |
| time/              |          |
|    episodes        | 2140     |
|    fps             | 251      |
|    time_elapsed    | 3104     |
|    total_timesteps | 779522   |
| train/             |          |
|    actor_loss      | -290     |
|    critic_loss     | 2.62     |
|    ent_coef        | 0.0345   |
|    ent_coef_loss   | 0.901    |
|    learning_rate   | 0.0003   |
|    n_updates       | 769521   |
---------------------------------
Eval num_timesteps=780000, episode_reward=3351.47 +/- 7.85
Episode length: 1000.00 +/- 0.00
---------------------------------
| eval/              |          |
|    mean_ep_length  | 1e+03    |
|    mean_reward     | 3.35e+03 |
| time/              |          |
|    total_timesteps | 780000   |
| train/             |          |
|    actor_loss      | -299     |
|    critic_loss     | 1.96     |
|    ent_coef        | 0.0338   |
|    ent_coef_loss   | 0.411    |
|    learning_rate   | 0.0003   |
|    n_updates       | 769999   |
---------------------------------
---------------------------------
| rollout/           |          |
|    ep_len_mean     | 970      |
|    ep_rew_mean     | 3.23e+03 |
| time/              |          |
|    episodes        | 2144     |
|    fps             | 250      |
|    time_elapsed    | 3120     |
|    total_timesteps | 782977   |
| train/             |          |
|    actor_loss      | -290     |
|    critic_loss     | 1.78     |
|    ent_coef        | 0.0351   |
|    ent_coef_loss   | 1.17     |
|    learning_rate   | 0.0003   |
|    n_updates       | 772976   |
---------------------------------
---------------------------------
| rollout/           |          |
|    ep_len_mean     | 977      |
|    ep_rew_mean     | 3.26e+03 |
| time/              |          |
|    episodes        | 2148     |
|    fps             | 250      |
|    time_elapsed    | 3136     |
|    total_timesteps | 786977   |
| train/             |          |
|    actor_loss      | -288     |
|    critic_loss     | 1.7      |
|    ent_coef        | 0.0332   |
|    ent_coef_loss   | -0.386   |
|    learning_rate   | 0.0003   |
|    n_updates       | 776976   |
---------------------------------
Eval num_timesteps=790000, episode_reward=2826.18 +/- 686.89
Episode length: 819.50 +/- 214.37
---------------------------------
| eval/              |          |
|    mean_ep_length  | 820      |
|    mean_reward     | 2.83e+03 |
| time/              |          |
|    total_timesteps | 790000   |
| train/             |          |
|    actor_loss      | -286     |
|    critic_loss     | 10.9     |
|    ent_coef        | 0.0331   |
|    ent_coef_loss   | 1.25     |
|    learning_rate   | 0.0003   |
|    n_updates       | 779999   |
---------------------------------
---------------------------------
| rollout/           |          |
|    ep_len_mean     | 974      |
|    ep_rew_mean     | 3.25e+03 |
| time/              |          |
|    episodes        | 2152     |
|    fps             | 250      |
|    time_elapsed    | 3153     |
|    total_timesteps | 790629   |
| train/             |          |
|    actor_loss      | -298     |
|    critic_loss     | 1.22     |
|    ent_coef        | 0.0336   |
|    ent_coef_loss   | -0.98    |
|    learning_rate   | 0.0003   |
|    n_updates       | 780628   |
---------------------------------
---------------------------------
| rollout/           |          |
|    ep_len_mean     | 959      |
|    ep_rew_mean     | 3.2e+03  |
| time/              |          |
|    episodes        | 2156     |
|    fps             | 250      |
|    time_elapsed    | 3162     |
|    total_timesteps | 792998   |
| train/             |          |
|    actor_loss      | -290     |
|    critic_loss     | 1.43     |
|    ent_coef        | 0.0336   |
|    ent_coef_loss   | -0.414   |
|    learning_rate   | 0.0003   |
|    n_updates       | 782997   |
---------------------------------
---------------------------------
| rollout/           |          |
|    ep_len_mean     | 958      |
|    ep_rew_mean     | 3.2e+03  |
| time/              |          |
|    episodes        | 2160     |
|    fps             | 250      |
|    time_elapsed    | 3178     |
|    total_timesteps | 796881   |
| train/             |          |
|    actor_loss      | -290     |
|    critic_loss     | 2.36     |
|    ent_coef        | 0.0341   |
|    ent_coef_loss   | 1.54     |
|    learning_rate   | 0.0003   |
|    n_updates       | 786880   |
---------------------------------
Eval num_timesteps=800000, episode_reward=3313.88 +/- 7.89
Episode length: 1000.00 +/- 0.00
---------------------------------
| eval/              |          |
|    mean_ep_length  | 1e+03    |
|    mean_reward     | 3.31e+03 |
| time/              |          |
|    total_timesteps | 800000   |
| train/             |          |
|    actor_loss      | -298     |
|    critic_loss     | 1.39     |
|    ent_coef        | 0.0333   |
|    ent_coef_loss   | -1.44    |
|    learning_rate   | 0.0003   |
|    n_updates       | 789999   |
---------------------------------
---------------------------------
| rollout/           |          |
|    ep_len_mean     | 953      |
|    ep_rew_mean     | 3.18e+03 |
| time/              |          |
|    episodes        | 2164     |
|    fps             | 250      |
|    time_elapsed    | 3194     |
|    total_timesteps | 800409   |
| train/             |          |
|    actor_loss      | -287     |
|    critic_loss     | 4.8      |
|    ent_coef        | 0.0334   |
|    ent_coef_loss   | 0.731    |
|    learning_rate   | 0.0003   |
|    n_updates       | 790408   |
---------------------------------
---------------------------------
| rollout/           |          |
|    ep_len_mean     | 951      |
|    ep_rew_mean     | 3.18e+03 |
| time/              |          |
|    episodes        | 2168     |
|    fps             | 250      |
|    time_elapsed    | 3210     |
|    total_timesteps | 804214   |
| train/             |          |
|    actor_loss      | -298     |
|    critic_loss     | 25.1     |
|    ent_coef        | 0.033    |
|    ent_coef_loss   | 0.646    |
|    learning_rate   | 0.0003   |
|    n_updates       | 794213   |
---------------------------------
---------------------------------
| rollout/           |          |
|    ep_len_mean     | 946      |
|    ep_rew_mean     | 3.17e+03 |
| time/              |          |
|    episodes        | 2172     |
|    fps             | 250      |
|    time_elapsed    | 3224     |
|    total_timesteps | 807759   |
| train/             |          |
|    actor_loss      | -294     |
|    critic_loss     | 2.68     |
|    ent_coef        | 0.0335   |
|    ent_coef_loss   | 0.0142   |
|    learning_rate   | 0.0003   |
|    n_updates       | 797758   |
---------------------------------
Eval num_timesteps=810000, episode_reward=3297.61 +/- 132.32
Episode length: 983.40 +/- 47.19
---------------------------------
| eval/              |          |
|    mean_ep_length  | 983      |
|    mean_reward     | 3.3e+03  |
| time/              |          |
|    total_timesteps | 810000   |
| train/             |          |
|    actor_loss      | -296     |
|    critic_loss     | 6.69     |
|    ent_coef        | 0.0335   |
|    ent_coef_loss   | 0.512    |
|    learning_rate   | 0.0003   |
|    n_updates       | 799999   |
---------------------------------
---------------------------------
| rollout/           |          |
|    ep_len_mean     | 944      |
|    ep_rew_mean     | 3.16e+03 |
| time/              |          |
|    episodes        | 2176     |
|    fps             | 250      |
|    time_elapsed    | 3242     |
|    total_timesteps | 811493   |
| train/             |          |
|    actor_loss      | -294     |
|    critic_loss     | 3.02     |
|    ent_coef        | 0.0318   |
|    ent_coef_loss   | 2.11     |
|    learning_rate   | 0.0003   |
|    n_updates       | 801492   |
---------------------------------
---------------------------------
| rollout/           |          |
|    ep_len_mean     | 943      |
|    ep_rew_mean     | 3.16e+03 |
| time/              |          |
|    episodes        | 2180     |
|    fps             | 250      |
|    time_elapsed    | 3258     |
|    total_timesteps | 815394   |
| train/             |          |
|    actor_loss      | -294     |
|    critic_loss     | 1.41     |
|    ent_coef        | 0.0328   |
|    ent_coef_loss   | 0.903    |
|    learning_rate   | 0.0003   |
|    n_updates       | 805393   |
---------------------------------
---------------------------------
| rollout/           |          |
|    ep_len_mean     | 943      |
|    ep_rew_mean     | 3.16e+03 |
| time/              |          |
|    episodes        | 2184     |
|    fps             | 250      |
|    time_elapsed    | 3274     |
|    total_timesteps | 819394   |
| train/             |          |
|    actor_loss      | -296     |
|    critic_loss     | 2        |
|    ent_coef        | 0.0327   |
|    ent_coef_loss   | -0.126   |
|    learning_rate   | 0.0003   |
|    n_updates       | 809393   |
---------------------------------
Eval num_timesteps=820000, episode_reward=3302.66 +/- 2.42
Episode length: 1000.00 +/- 0.00
---------------------------------
| eval/              |          |
|    mean_ep_length  | 1e+03    |
|    mean_reward     | 3.3e+03  |
| time/              |          |
|    total_timesteps | 820000   |
| train/             |          |
|    actor_loss      | -293     |
|    critic_loss     | 1.35     |
|    ent_coef        | 0.0321   |
|    ent_coef_loss   | 1.28     |
|    learning_rate   | 0.0003   |
|    n_updates       | 809999   |
---------------------------------
---------------------------------
| rollout/           |          |
|    ep_len_mean     | 943      |
|    ep_rew_mean     | 3.16e+03 |
| time/              |          |
|    episodes        | 2188     |
|    fps             | 250      |
|    time_elapsed    | 3292     |
|    total_timesteps | 823394   |
| train/             |          |
|    actor_loss      | -297     |
|    critic_loss     | 1.26     |
|    ent_coef        | 0.0335   |
|    ent_coef_loss   | 0.033    |
|    learning_rate   | 0.0003   |
|    n_updates       | 813393   |
---------------------------------
---------------------------------
| rollout/           |          |
|    ep_len_mean     | 943      |
|    ep_rew_mean     | 3.16e+03 |
| time/              |          |
|    episodes        | 2192     |
|    fps             | 250      |
|    time_elapsed    | 3308     |
|    total_timesteps | 827394   |
| train/             |          |
|    actor_loss      | -302     |
|    critic_loss     | 1.95     |
|    ent_coef        | 0.0338   |
|    ent_coef_loss   | -0.402   |
|    learning_rate   | 0.0003   |
|    n_updates       | 817393   |
---------------------------------
Eval num_timesteps=830000, episode_reward=3332.26 +/- 14.73
Episode length: 1000.00 +/- 0.00
---------------------------------
| eval/              |          |
|    mean_ep_length  | 1e+03    |
|    mean_reward     | 3.33e+03 |
| time/              |          |
|    total_timesteps | 830000   |
| train/             |          |
|    actor_loss      | -299     |
|    critic_loss     | 1.45     |
|    ent_coef        | 0.0318   |
|    ent_coef_loss   | -0.385   |
|    learning_rate   | 0.0003   |
|    n_updates       | 819999   |
---------------------------------
---------------------------------
| rollout/           |          |
|    ep_len_mean     | 943      |
|    ep_rew_mean     | 3.15e+03 |
| time/              |          |
|    episodes        | 2196     |
|    fps             | 249      |
|    time_elapsed    | 3327     |
|    total_timesteps | 831394   |
| train/             |          |
|    actor_loss      | -291     |
|    critic_loss     | 6.81     |
|    ent_coef        | 0.0323   |
|    ent_coef_loss   | 0.0839   |
|    learning_rate   | 0.0003   |
|    n_updates       | 821393   |
---------------------------------
---------------------------------
| rollout/           |          |
|    ep_len_mean     | 943      |
|    ep_rew_mean     | 3.15e+03 |
| time/              |          |
|    episodes        | 2200     |
|    fps             | 249      |
|    time_elapsed    | 3343     |
|    total_timesteps | 835394   |
| train/             |          |
|    actor_loss      | -302     |
|    critic_loss     | 1.15     |
|    ent_coef        | 0.0319   |
|    ent_coef_loss   | -0.39    |
|    learning_rate   | 0.0003   |
|    n_updates       | 825393   |
---------------------------------
---------------------------------
| rollout/           |          |
|    ep_len_mean     | 943      |
|    ep_rew_mean     | 3.15e+03 |
| time/              |          |
|    episodes        | 2204     |
|    fps             | 249      |
|    time_elapsed    | 3360     |
|    total_timesteps | 839394   |
| train/             |          |
|    actor_loss      | -294     |
|    critic_loss     | 3.38     |
|    ent_coef        | 0.0317   |
|    ent_coef_loss   | -0.438   |
|    learning_rate   | 0.0003   |
|    n_updates       | 829393   |
---------------------------------
Eval num_timesteps=840000, episode_reward=3337.66 +/- 14.23
Episode length: 1000.00 +/- 0.00
---------------------------------
| eval/              |          |
|    mean_ep_length  | 1e+03    |
|    mean_reward     | 3.34e+03 |
| time/              |          |
|    total_timesteps | 840000   |
| train/             |          |
|    actor_loss      | -299     |
|    critic_loss     | 1.71     |
|    ent_coef        | 0.033    |
|    ent_coef_loss   | -0.436   |
|    learning_rate   | 0.0003   |
|    n_updates       | 829999   |
---------------------------------
---------------------------------
| rollout/           |          |
|    ep_len_mean     | 944      |
|    ep_rew_mean     | 3.16e+03 |
| time/              |          |
|    episodes        | 2208     |
|    fps             | 249      |
|    time_elapsed    | 3376     |
|    total_timesteps | 842926   |
| train/             |          |
|    actor_loss      | -293     |
|    critic_loss     | 2.43     |
|    ent_coef        | 0.0318   |
|    ent_coef_loss   | -0.00848 |
|    learning_rate   | 0.0003   |
|    n_updates       | 832925   |
---------------------------------
---------------------------------
| rollout/           |          |
|    ep_len_mean     | 939      |
|    ep_rew_mean     | 3.15e+03 |
| time/              |          |
|    episodes        | 2212     |
|    fps             | 249      |
|    time_elapsed    | 3390     |
|    total_timesteps | 846415   |
| train/             |          |
|    actor_loss      | -301     |
|    critic_loss     | 1.05     |
|    ent_coef        | 0.0318   |
|    ent_coef_loss   | -0.523   |
|    learning_rate   | 0.0003   |
|    n_updates       | 836414   |
---------------------------------
Eval num_timesteps=850000, episode_reward=3299.54 +/- 1.75
Episode length: 1000.00 +/- 0.00
---------------------------------
| eval/              |          |
|    mean_ep_length  | 1e+03    |
|    mean_reward     | 3.3e+03  |
| time/              |          |
|    total_timesteps | 850000   |
| train/             |          |
|    actor_loss      | -303     |
|    critic_loss     | 1.7      |
|    ent_coef        | 0.0314   |
|    ent_coef_loss   | 0.176    |
|    learning_rate   | 0.0003   |
|    n_updates       | 839999   |
---------------------------------
---------------------------------
| rollout/           |          |
|    ep_len_mean     | 939      |
|    ep_rew_mean     | 3.15e+03 |
| time/              |          |
|    episodes        | 2216     |
|    fps             | 249      |
|    time_elapsed    | 3408     |
|    total_timesteps | 850415   |
| train/             |          |
|    actor_loss      | -296     |
|    critic_loss     | 5.51     |
|    ent_coef        | 0.0315   |
|    ent_coef_loss   | -0.0381  |
|    learning_rate   | 0.0003   |
|    n_updates       | 840414   |
---------------------------------
---------------------------------
| rollout/           |          |
|    ep_len_mean     | 939      |
|    ep_rew_mean     | 3.15e+03 |
| time/              |          |
|    episodes        | 2220     |
|    fps             | 249      |
|    time_elapsed    | 3425     |
|    total_timesteps | 854415   |
| train/             |          |
|    actor_loss      | -301     |
|    critic_loss     | 1.36     |
|    ent_coef        | 0.0309   |
|    ent_coef_loss   | -0.818   |
|    learning_rate   | 0.0003   |
|    n_updates       | 844414   |
---------------------------------
---------------------------------
| rollout/           |          |
|    ep_len_mean     | 939      |
|    ep_rew_mean     | 3.15e+03 |
| time/              |          |
|    episodes        | 2224     |
|    fps             | 249      |
|    time_elapsed    | 3441     |
|    total_timesteps | 858415   |
| train/             |          |
|    actor_loss      | -302     |
|    critic_loss     | 1.48     |
|    ent_coef        | 0.0325   |
|    ent_coef_loss   | -0.356   |
|    learning_rate   | 0.0003   |
|    n_updates       | 848414   |
---------------------------------
Eval num_timesteps=860000, episode_reward=3356.56 +/- 4.76
Episode length: 1000.00 +/- 0.00
---------------------------------
| eval/              |          |
|    mean_ep_length  | 1e+03    |
|    mean_reward     | 3.36e+03 |
| time/              |          |
|    total_timesteps | 860000   |
| train/             |          |
|    actor_loss      | -296     |
|    critic_loss     | 2.03     |
|    ent_coef        | 0.0324   |
|    ent_coef_loss   | -0.855   |
|    learning_rate   | 0.0003   |
|    n_updates       | 849999   |
---------------------------------
---------------------------------
| rollout/           |          |
|    ep_len_mean     | 933      |
|    ep_rew_mean     | 3.13e+03 |
| time/              |          |
|    episodes        | 2228     |
|    fps             | 249      |
|    time_elapsed    | 3457     |
|    total_timesteps | 861827   |
| train/             |          |
|    actor_loss      | -299     |
|    critic_loss     | 1.53     |
|    ent_coef        | 0.0321   |
|    ent_coef_loss   | -0.187   |
|    learning_rate   | 0.0003   |
|    n_updates       | 851826   |
---------------------------------
---------------------------------
| rollout/           |          |
|    ep_len_mean     | 933      |
|    ep_rew_mean     | 3.13e+03 |
| time/              |          |
|    episodes        | 2232     |
|    fps             | 249      |
|    time_elapsed    | 3474     |
|    total_timesteps | 865827   |
| train/             |          |
|    actor_loss      | -296     |
|    critic_loss     | 10.7     |
|    ent_coef        | 0.0315   |
|    ent_coef_loss   | -0.263   |
|    learning_rate   | 0.0003   |
|    n_updates       | 855826   |
---------------------------------
---------------------------------
| rollout/           |          |
|    ep_len_mean     | 933      |
|    ep_rew_mean     | 3.13e+03 |
| time/              |          |
|    episodes        | 2236     |
|    fps             | 249      |
|    time_elapsed    | 3490     |
|    total_timesteps | 869827   |
| train/             |          |
|    actor_loss      | -299     |
|    critic_loss     | 1.34     |
|    ent_coef        | 0.0307   |
|    ent_coef_loss   | -0.397   |
|    learning_rate   | 0.0003   |
|    n_updates       | 859826   |
---------------------------------
Eval num_timesteps=870000, episode_reward=3376.90 +/- 60.73
Episode length: 983.50 +/- 25.80
---------------------------------
| eval/              |          |
|    mean_ep_length  | 984      |
|    mean_reward     | 3.38e+03 |
| time/              |          |
|    total_timesteps | 870000   |
| train/             |          |
|    actor_loss      | -295     |
|    critic_loss     | 2.69     |
|    ent_coef        | 0.0311   |
|    ent_coef_loss   | -0.309   |
|    learning_rate   | 0.0003   |
|    n_updates       | 859999   |
---------------------------------
---------------------------------
| rollout/           |          |
|    ep_len_mean     | 943      |
|    ep_rew_mean     | 3.16e+03 |
| time/              |          |
|    episodes        | 2240     |
|    fps             | 249      |
|    time_elapsed    | 3508     |
|    total_timesteps | 873827   |
| train/             |          |
|    actor_loss      | -302     |
|    critic_loss     | 0.967    |
|    ent_coef        | 0.0308   |
|    ent_coef_loss   | 0.435    |
|    learning_rate   | 0.0003   |
|    n_updates       | 863826   |
---------------------------------
---------------------------------
| rollout/           |          |
|    ep_len_mean     | 944      |
|    ep_rew_mean     | 3.17e+03 |
| time/              |          |
|    episodes        | 2244     |
|    fps             | 249      |
|    time_elapsed    | 3523     |
|    total_timesteps | 877426   |
| train/             |          |
|    actor_loss      | -303     |
|    critic_loss     | 4.89     |
|    ent_coef        | 0.0294   |
|    ent_coef_loss   | -0.284   |
|    learning_rate   | 0.0003   |
|    n_updates       | 867425   |
---------------------------------
Eval num_timesteps=880000, episode_reward=3317.88 +/- 2.77
Episode length: 1000.00 +/- 0.00
---------------------------------
| eval/              |          |
|    mean_ep_length  | 1e+03    |
|    mean_reward     | 3.32e+03 |
| time/              |          |
|    total_timesteps | 880000   |
| train/             |          |
|    actor_loss      | -300     |
|    critic_loss     | 1.11     |
|    ent_coef        | 0.0312   |
|    ent_coef_loss   | 0.522    |
|    learning_rate   | 0.0003   |
|    n_updates       | 869999   |
---------------------------------
---------------------------------
| rollout/           |          |
|    ep_len_mean     | 944      |
|    ep_rew_mean     | 3.17e+03 |
| time/              |          |
|    episodes        | 2248     |
|    fps             | 248      |
|    time_elapsed    | 3541     |
|    total_timesteps | 881426   |
| train/             |          |
|    actor_loss      | -295     |
|    critic_loss     | 1.5      |
|    ent_coef        | 0.0304   |
|    ent_coef_loss   | 0.449    |
|    learning_rate   | 0.0003   |
|    n_updates       | 871425   |
---------------------------------
---------------------------------
| rollout/           |          |
|    ep_len_mean     | 943      |
|    ep_rew_mean     | 3.16e+03 |
| time/              |          |
|    episodes        | 2252     |
|    fps             | 248      |
|    time_elapsed    | 3555     |
|    total_timesteps | 884924   |
| train/             |          |
|    actor_loss      | -300     |
|    critic_loss     | 2.4      |
|    ent_coef        | 0.0307   |
|    ent_coef_loss   | 2.14     |
|    learning_rate   | 0.0003   |
|    n_updates       | 874923   |
---------------------------------
---------------------------------
| rollout/           |          |
|    ep_len_mean     | 959      |
|    ep_rew_mean     | 3.22e+03 |
| time/              |          |
|    episodes        | 2256     |
|    fps             | 248      |
|    time_elapsed    | 3572     |
|    total_timesteps | 888924   |
| train/             |          |
|    actor_loss      | -293     |
|    critic_loss     | 3.21     |
|    ent_coef        | 0.0315   |
|    ent_coef_loss   | 1.04     |
|    learning_rate   | 0.0003   |
|    n_updates       | 878923   |
---------------------------------
Eval num_timesteps=890000, episode_reward=3376.89 +/- 8.32
Episode length: 1000.00 +/- 0.00
---------------------------------
| eval/              |          |
|    mean_ep_length  | 1e+03    |
|    mean_reward     | 3.38e+03 |
| time/              |          |
|    total_timesteps | 890000   |
| train/             |          |
|    actor_loss      | -301     |
|    critic_loss     | 1.44     |
|    ent_coef        | 0.0319   |
|    ent_coef_loss   | -0.927   |
|    learning_rate   | 0.0003   |
|    n_updates       | 879999   |
---------------------------------
---------------------------------
| rollout/           |          |
|    ep_len_mean     | 960      |
|    ep_rew_mean     | 3.22e+03 |
| time/              |          |
|    episodes        | 2260     |
|    fps             | 248      |
|    time_elapsed    | 3590     |
|    total_timesteps | 892924   |
| train/             |          |
|    actor_loss      | -304     |
|    critic_loss     | 2.42     |
|    ent_coef        | 0.0302   |
|    ent_coef_loss   | -0.947   |
|    learning_rate   | 0.0003   |
|    n_updates       | 882923   |
---------------------------------
---------------------------------
| rollout/           |          |
|    ep_len_mean     | 965      |
|    ep_rew_mean     | 3.23e+03 |
| time/              |          |
|    episodes        | 2264     |
|    fps             | 248      |
|    time_elapsed    | 3606     |
|    total_timesteps | 896924   |
| train/             |          |
|    actor_loss      | -298     |
|    critic_loss     | 2.72     |
|    ent_coef        | 0.0308   |
|    ent_coef_loss   | 1.35     |
|    learning_rate   | 0.0003   |
|    n_updates       | 886923   |
---------------------------------
Eval num_timesteps=900000, episode_reward=3388.16 +/- 3.77
Episode length: 1000.00 +/- 0.00
---------------------------------
| eval/              |          |
|    mean_ep_length  | 1e+03    |
|    mean_reward     | 3.39e+03 |
| time/              |          |
|    total_timesteps | 900000   |
| train/             |          |
|    actor_loss      | -300     |
|    critic_loss     | 2.55     |
|    ent_coef        | 0.0306   |
|    ent_coef_loss   | 0.166    |
|    learning_rate   | 0.0003   |
|    n_updates       | 889999   |
---------------------------------
New best mean reward!
---------------------------------
| rollout/           |          |
|    ep_len_mean     | 967      |
|    ep_rew_mean     | 3.24e+03 |
| time/              |          |
|    episodes        | 2268     |
|    fps             | 248      |
|    time_elapsed    | 3625     |
|    total_timesteps | 900924   |
| train/             |          |
|    actor_loss      | -296     |
|    critic_loss     | 1.9      |
|    ent_coef        | 0.0303   |
|    ent_coef_loss   | -0.242   |
|    learning_rate   | 0.0003   |
|    n_updates       | 890923   |
---------------------------------
---------------------------------
| rollout/           |          |
|    ep_len_mean     | 972      |
|    ep_rew_mean     | 3.25e+03 |
| time/              |          |
|    episodes        | 2272     |
|    fps             | 248      |
|    time_elapsed    | 3641     |
|    total_timesteps | 904924   |
| train/             |          |
|    actor_loss      | -295     |
|    critic_loss     | 5.91     |
|    ent_coef        | 0.0307   |
|    ent_coef_loss   | 1.29     |
|    learning_rate   | 0.0003   |
|    n_updates       | 894923   |
---------------------------------
---------------------------------
| rollout/           |          |
|    ep_len_mean     | 974      |
|    ep_rew_mean     | 3.26e+03 |
| time/              |          |
|    episodes        | 2276     |
|    fps             | 248      |
|    time_elapsed    | 3657     |
|    total_timesteps | 908924   |
| train/             |          |
|    actor_loss      | -298     |
|    critic_loss     | 7.51     |
|    ent_coef        | 0.0288   |
|    ent_coef_loss   | 0.513    |
|    learning_rate   | 0.0003   |
|    n_updates       | 898923   |
---------------------------------
Eval num_timesteps=910000, episode_reward=1979.96 +/- 751.79
Episode length: 565.10 +/- 220.76
---------------------------------
| eval/              |          |
|    mean_ep_length  | 565      |
|    mean_reward     | 1.98e+03 |
| time/              |          |
|    total_timesteps | 910000   |
| train/             |          |
|    actor_loss      | -296     |
|    critic_loss     | 3.23     |
|    ent_coef        | 0.0303   |
|    ent_coef_loss   | -0.444   |
|    learning_rate   | 0.0003   |
|    n_updates       | 899999   |
---------------------------------
---------------------------------
| rollout/           |          |
|    ep_len_mean     | 975      |
|    ep_rew_mean     | 3.27e+03 |
| time/              |          |
|    episodes        | 2280     |
|    fps             | 248      |
|    time_elapsed    | 3675     |
|    total_timesteps | 912924   |
| train/             |          |
|    actor_loss      | -301     |
|    critic_loss     | 2.24     |
|    ent_coef        | 0.0308   |
|    ent_coef_loss   | -1.42    |
|    learning_rate   | 0.0003   |
|    n_updates       | 902923   |
---------------------------------
---------------------------------
| rollout/           |          |
|    ep_len_mean     | 975      |
|    ep_rew_mean     | 3.27e+03 |
| time/              |          |
|    episodes        | 2284     |
|    fps             | 248      |
|    time_elapsed    | 3691     |
|    total_timesteps | 916924   |
| train/             |          |
|    actor_loss      | -303     |
|    critic_loss     | 2.5      |
|    ent_coef        | 0.0295   |
|    ent_coef_loss   | -1.2     |
|    learning_rate   | 0.0003   |
|    n_updates       | 906923   |
---------------------------------
Eval num_timesteps=920000, episode_reward=3310.27 +/- 3.03
Episode length: 1000.00 +/- 0.00
---------------------------------
| eval/              |          |
|    mean_ep_length  | 1e+03    |
|    mean_reward     | 3.31e+03 |
| time/              |          |
|    total_timesteps | 920000   |
| train/             |          |
|    actor_loss      | -302     |
|    critic_loss     | 1.38     |
|    ent_coef        | 0.0301   |
|    ent_coef_loss   | 0.376    |
|    learning_rate   | 0.0003   |
|    n_updates       | 909999   |
---------------------------------
---------------------------------
| rollout/           |          |
|    ep_len_mean     | 969      |
|    ep_rew_mean     | 3.25e+03 |
| time/              |          |
|    episodes        | 2288     |
|    fps             | 248      |
|    time_elapsed    | 3707     |
|    total_timesteps | 920314   |
| train/             |          |
|    actor_loss      | -299     |
|    critic_loss     | 1.53     |
|    ent_coef        | 0.0304   |
|    ent_coef_loss   | 0.309    |
|    learning_rate   | 0.0003   |
|    n_updates       | 910313   |
---------------------------------
---------------------------------
| rollout/           |          |
|    ep_len_mean     | 969      |
|    ep_rew_mean     | 3.25e+03 |
| time/              |          |
|    episodes        | 2292     |
|    fps             | 248      |
|    time_elapsed    | 3723     |
|    total_timesteps | 924314   |
| train/             |          |
|    actor_loss      | -302     |
|    critic_loss     | 1.72     |
|    ent_coef        | 0.03     |
|    ent_coef_loss   | 0.00599  |
|    learning_rate   | 0.0003   |
|    n_updates       | 914313   |
---------------------------------
---------------------------------
| rollout/           |          |
|    ep_len_mean     | 969      |
|    ep_rew_mean     | 3.25e+03 |
| time/              |          |
|    episodes        | 2296     |
|    fps             | 248      |
|    time_elapsed    | 3739     |
|    total_timesteps | 928314   |
| train/             |          |
|    actor_loss      | -303     |
|    critic_loss     | 1.15     |
|    ent_coef        | 0.0298   |
|    ent_coef_loss   | -0.605   |
|    learning_rate   | 0.0003   |
|    n_updates       | 918313   |
---------------------------------
Eval num_timesteps=930000, episode_reward=3375.92 +/- 5.22
Episode length: 1000.00 +/- 0.00
---------------------------------
| eval/              |          |
|    mean_ep_length  | 1e+03    |
|    mean_reward     | 3.38e+03 |
| time/              |          |
|    total_timesteps | 930000   |
| train/             |          |
|    actor_loss      | -301     |
|    critic_loss     | 1.63     |
|    ent_coef        | 0.0301   |
|    ent_coef_loss   | 0.974    |
|    learning_rate   | 0.0003   |
|    n_updates       | 919999   |
---------------------------------
---------------------------------
| rollout/           |          |
|    ep_len_mean     | 969      |
|    ep_rew_mean     | 3.25e+03 |
| time/              |          |
|    episodes        | 2300     |
|    fps             | 248      |
|    time_elapsed    | 3758     |
|    total_timesteps | 932314   |
| train/             |          |
|    actor_loss      | -309     |
|    critic_loss     | 1.06     |
|    ent_coef        | 0.0293   |
|    ent_coef_loss   | -0.91    |
|    learning_rate   | 0.0003   |
|    n_updates       | 922313   |
---------------------------------
---------------------------------
| rollout/           |          |
|    ep_len_mean     | 969      |
|    ep_rew_mean     | 3.25e+03 |
| time/              |          |
|    episodes        | 2304     |
|    fps             | 248      |
|    time_elapsed    | 3774     |
|    total_timesteps | 936314   |
| train/             |          |
|    actor_loss      | -309     |
|    critic_loss     | 15.2     |
|    ent_coef        | 0.0282   |
|    ent_coef_loss   | -0.836   |
|    learning_rate   | 0.0003   |
|    n_updates       | 926313   |
---------------------------------
Eval num_timesteps=940000, episode_reward=3312.23 +/- 2.48
Episode length: 1000.00 +/- 0.00
---------------------------------
| eval/              |          |
|    mean_ep_length  | 1e+03    |
|    mean_reward     | 3.31e+03 |
| time/              |          |
|    total_timesteps | 940000   |
| train/             |          |
|    actor_loss      | -300     |
|    critic_loss     | 2.35     |
|    ent_coef        | 0.0278   |
|    ent_coef_loss   | -0.279   |
|    learning_rate   | 0.0003   |
|    n_updates       | 929999   |
---------------------------------
---------------------------------
| rollout/           |          |
|    ep_len_mean     | 974      |
|    ep_rew_mean     | 3.26e+03 |
| time/              |          |
|    episodes        | 2308     |
|    fps             | 247      |
|    time_elapsed    | 3792     |
|    total_timesteps | 940314   |
| train/             |          |
|    actor_loss      | -310     |
|    critic_loss     | 1.17     |
|    ent_coef        | 0.0276   |
|    ent_coef_loss   | -0.104   |
|    learning_rate   | 0.0003   |
|    n_updates       | 930313   |
---------------------------------
---------------------------------
| rollout/           |          |
|    ep_len_mean     | 979      |
|    ep_rew_mean     | 3.28e+03 |
| time/              |          |
|    episodes        | 2312     |
|    fps             | 247      |
|    time_elapsed    | 3809     |
|    total_timesteps | 944314   |
| train/             |          |
|    actor_loss      | -299     |
|    critic_loss     | 1.7      |
|    ent_coef        | 0.0284   |
|    ent_coef_loss   | -0.351   |
|    learning_rate   | 0.0003   |
|    n_updates       | 934313   |
---------------------------------
---------------------------------
| rollout/           |          |
|    ep_len_mean     | 979      |
|    ep_rew_mean     | 3.28e+03 |
| time/              |          |
|    episodes        | 2316     |
|    fps             | 247      |
|    time_elapsed    | 3825     |
|    total_timesteps | 948314   |
| train/             |          |
|    actor_loss      | -304     |
|    critic_loss     | 3.63     |
|    ent_coef        | 0.0287   |
|    ent_coef_loss   | 0.0983   |
|    learning_rate   | 0.0003   |
|    n_updates       | 938313   |
---------------------------------
Eval num_timesteps=950000, episode_reward=3341.29 +/- 9.45
Episode length: 1000.00 +/- 0.00
---------------------------------
| eval/              |          |
|    mean_ep_length  | 1e+03    |
|    mean_reward     | 3.34e+03 |
| time/              |          |
|    total_timesteps | 950000   |
| train/             |          |
|    actor_loss      | -301     |
|    critic_loss     | 2.42     |
|    ent_coef        | 0.029    |
|    ent_coef_loss   | 0.243    |
|    learning_rate   | 0.0003   |
|    n_updates       | 939999   |
---------------------------------
---------------------------------
| rollout/           |          |
|    ep_len_mean     | 979      |
|    ep_rew_mean     | 3.28e+03 |
| time/              |          |
|    episodes        | 2320     |
|    fps             | 247      |
|    time_elapsed    | 3843     |
|    total_timesteps | 952314   |
| train/             |          |
|    actor_loss      | -305     |
|    critic_loss     | 1.48     |
|    ent_coef        | 0.0289   |
|    ent_coef_loss   | -0.521   |
|    learning_rate   | 0.0003   |
|    n_updates       | 942313   |
---------------------------------
---------------------------------
| rollout/           |          |
|    ep_len_mean     | 979      |
|    ep_rew_mean     | 3.28e+03 |
| time/              |          |
|    episodes        | 2324     |
|    fps             | 247      |
|    time_elapsed    | 3860     |
|    total_timesteps | 956314   |
| train/             |          |
|    actor_loss      | -299     |
|    critic_loss     | 1.07     |
|    ent_coef        | 0.0285   |
|    ent_coef_loss   | -0.256   |
|    learning_rate   | 0.0003   |
|    n_updates       | 946313   |
---------------------------------
Eval num_timesteps=960000, episode_reward=3362.23 +/- 3.78
Episode length: 1000.00 +/- 0.00
---------------------------------
| eval/              |          |
|    mean_ep_length  | 1e+03    |
|    mean_reward     | 3.36e+03 |
| time/              |          |
|    total_timesteps | 960000   |
| train/             |          |
|    actor_loss      | -302     |
|    critic_loss     | 8.09     |
|    ent_coef        | 0.0283   |
|    ent_coef_loss   | 0.335    |
|    learning_rate   | 0.0003   |
|    n_updates       | 949999   |
---------------------------------
---------------------------------
| rollout/           |          |
|    ep_len_mean     | 985      |
|    ep_rew_mean     | 3.3e+03  |
| time/              |          |
|    episodes        | 2328     |
|    fps             | 247      |
|    time_elapsed    | 3878     |
|    total_timesteps | 960314   |
| train/             |          |
|    actor_loss      | -307     |
|    critic_loss     | 1.02     |
|    ent_coef        | 0.0289   |
|    ent_coef_loss   | 0.607    |
|    learning_rate   | 0.0003   |
|    n_updates       | 950313   |
---------------------------------
---------------------------------
| rollout/           |          |
|    ep_len_mean     | 985      |
|    ep_rew_mean     | 3.3e+03  |
| time/              |          |
|    episodes        | 2332     |
|    fps             | 247      |
|    time_elapsed    | 3894     |
|    total_timesteps | 964314   |
| train/             |          |
|    actor_loss      | -300     |
|    critic_loss     | 1.28     |
|    ent_coef        | 0.0286   |
|    ent_coef_loss   | -0.0305  |
|    learning_rate   | 0.0003   |
|    n_updates       | 954313   |
---------------------------------
---------------------------------
| rollout/           |          |
|    ep_len_mean     | 985      |
|    ep_rew_mean     | 3.3e+03  |
| time/              |          |
|    episodes        | 2336     |
|    fps             | 247      |
|    time_elapsed    | 3911     |
|    total_timesteps | 968314   |
| train/             |          |
|    actor_loss      | -307     |
|    critic_loss     | 1.4      |
|    ent_coef        | 0.0291   |
|    ent_coef_loss   | -1.77    |
|    learning_rate   | 0.0003   |
|    n_updates       | 958313   |
---------------------------------
Eval num_timesteps=970000, episode_reward=3253.23 +/- 376.34
Episode length: 960.30 +/- 119.10
---------------------------------
| eval/              |          |
|    mean_ep_length  | 960      |
|    mean_reward     | 3.25e+03 |
| time/              |          |
|    total_timesteps | 970000   |
| train/             |          |
|    actor_loss      | -312     |
|    critic_loss     | 1.6      |
|    ent_coef        | 0.0283   |
|    ent_coef_loss   | -1.07    |
|    learning_rate   | 0.0003   |
|    n_updates       | 959999   |
---------------------------------
---------------------------------
| rollout/           |          |
|    ep_len_mean     | 985      |
|    ep_rew_mean     | 3.3e+03  |
| time/              |          |
|    episodes        | 2340     |
|    fps             | 247      |
|    time_elapsed    | 3929     |
|    total_timesteps | 972314   |
| train/             |          |
|    actor_loss      | -307     |
|    critic_loss     | 1.17     |
|    ent_coef        | 0.0275   |
|    ent_coef_loss   | -0.168   |
|    learning_rate   | 0.0003   |
|    n_updates       | 962313   |
---------------------------------
---------------------------------
| rollout/           |          |
|    ep_len_mean     | 989      |
|    ep_rew_mean     | 3.31e+03 |
| time/              |          |
|    episodes        | 2344     |
|    fps             | 247      |
|    time_elapsed    | 3945     |
|    total_timesteps | 976314   |
| train/             |          |
|    actor_loss      | -303     |
|    critic_loss     | 0.906    |
|    ent_coef        | 0.0279   |
|    ent_coef_loss   | 0.978    |
|    learning_rate   | 0.0003   |
|    n_updates       | 966313   |
---------------------------------
Eval num_timesteps=980000, episode_reward=3343.97 +/- 7.16
Episode length: 1000.00 +/- 0.00
---------------------------------
| eval/              |          |
|    mean_ep_length  | 1e+03    |
|    mean_reward     | 3.34e+03 |
| time/              |          |
|    total_timesteps | 980000   |
| train/             |          |
|    actor_loss      | -305     |
|    critic_loss     | 0.926    |
|    ent_coef        | 0.0267   |
|    ent_coef_loss   | -0.488   |
|    learning_rate   | 0.0003   |
|    n_updates       | 969999   |
---------------------------------
---------------------------------
| rollout/           |          |
|    ep_len_mean     | 989      |
|    ep_rew_mean     | 3.31e+03 |
| time/              |          |
|    episodes        | 2348     |
|    fps             | 247      |
|    time_elapsed    | 3964     |
|    total_timesteps | 980314   |
| train/             |          |
|    actor_loss      | -306     |
|    critic_loss     | 1.27     |
|    ent_coef        | 0.0273   |
|    ent_coef_loss   | -0.303   |
|    learning_rate   | 0.0003   |
|    n_updates       | 970313   |
---------------------------------
---------------------------------
| rollout/           |          |
|    ep_len_mean     | 994      |
|    ep_rew_mean     | 3.33e+03 |
| time/              |          |
|    episodes        | 2352     |
|    fps             | 247      |
|    time_elapsed    | 3980     |
|    total_timesteps | 984314   |
| train/             |          |
|    actor_loss      | -309     |
|    critic_loss     | 1.17     |
|    ent_coef        | 0.0274   |
|    ent_coef_loss   | 0.255    |
|    learning_rate   | 0.0003   |
|    n_updates       | 974313   |
---------------------------------
---------------------------------
| rollout/           |          |
|    ep_len_mean     | 994      |
|    ep_rew_mean     | 3.33e+03 |
| time/              |          |
|    episodes        | 2356     |
|    fps             | 247      |
|    time_elapsed    | 3996     |
|    total_timesteps | 988314   |
| train/             |          |
|    actor_loss      | -306     |
|    critic_loss     | 1.64     |
|    ent_coef        | 0.0272   |
|    ent_coef_loss   | -0.0986  |
|    learning_rate   | 0.0003   |
|    n_updates       | 978313   |
---------------------------------
Eval num_timesteps=990000, episode_reward=1950.29 +/- 555.08
Episode length: 556.60 +/- 160.69
---------------------------------
| eval/              |          |
|    mean_ep_length  | 557      |
|    mean_reward     | 1.95e+03 |
| time/              |          |
|    total_timesteps | 990000   |
| train/             |          |
|    actor_loss      | -311     |
|    critic_loss     | 1.18     |
|    ent_coef        | 0.0276   |
|    ent_coef_loss   | 0.272    |
|    learning_rate   | 0.0003   |
|    n_updates       | 979999   |
---------------------------------
---------------------------------
| rollout/           |          |
|    ep_len_mean     | 994      |
|    ep_rew_mean     | 3.33e+03 |
| time/              |          |
|    episodes        | 2360     |
|    fps             | 247      |
|    time_elapsed    | 4013     |
|    total_timesteps | 992314   |
| train/             |          |
|    actor_loss      | -308     |
|    critic_loss     | 1.64     |
|    ent_coef        | 0.0275   |
|    ent_coef_loss   | -0.0945  |
|    learning_rate   | 0.0003   |
|    n_updates       | 982313   |
---------------------------------
---------------------------------
| rollout/           |          |
|    ep_len_mean     | 989      |
|    ep_rew_mean     | 3.31e+03 |
| time/              |          |
|    episodes        | 2364     |
|    fps             | 247      |
|    time_elapsed    | 4028     |
|    total_timesteps | 995823   |
| train/             |          |
|    actor_loss      | -304     |
|    critic_loss     | 1.53     |
|    ent_coef        | 0.027    |
|    ent_coef_loss   | 0.014    |
|    learning_rate   | 0.0003   |
|    n_updates       | 985822   |
---------------------------------
---------------------------------
| rollout/           |          |
|    ep_len_mean     | 989      |
|    ep_rew_mean     | 3.31e+03 |
| time/              |          |
|    episodes        | 2368     |
|    fps             | 247      |
|    time_elapsed    | 4045     |
|    total_timesteps | 999823   |
| train/             |          |
|    actor_loss      | -302     |
|    critic_loss     | 2.52     |
|    ent_coef        | 0.0278   |
|    ent_coef_loss   | 0.114    |
|    learning_rate   | 0.0003   |
|    n_updates       | 989822   |
---------------------------------
Eval num_timesteps=1000000, episode_reward=3349.58 +/- 6.71
Episode length: 1000.00 +/- 0.00
---------------------------------
| eval/              |          |
|    mean_ep_length  | 1e+03    |
|    mean_reward     | 3.35e+03 |
| time/              |          |
|    total_timesteps | 1000000  |
| train/             |          |
|    actor_loss      | -298     |
|    critic_loss     | 1.9      |
|    ent_coef        | 0.028    |
|    ent_coef_loss   | 0.0151   |
|    learning_rate   | 0.0003   |
|    n_updates       | 989999   |
---------------------------------
Done: sac seed 0 -> results/Hopper-v5/sac/seed_0
