Using cpu device
---------------------------------
| rollout/           |          |
|    ep_len_mean     | 19.8     |
|    ep_rew_mean     | 1.64     |
| time/              |          |
|    episodes        | 4        |
|    fps             | 6066     |
|    time_elapsed    | 0        |
|    total_timesteps | 79       |
---------------------------------
---------------------------------
| rollout/           |          |
|    ep_len_mean     | 17.9     |
|    ep_rew_mean     | 2.26     |
| time/              |          |
|    episodes        | 8        |
|    fps             | 4334     |
|    time_elapsed    | 0        |
|    total_timesteps | 143      |
---------------------------------
---------------------------------
| rollout/           |          |
|    ep_len_mean     | 19.3     |
|    ep_rew_mean     | 2.56     |
| time/              |          |
|    episodes        | 12       |
|    fps             | 4944     |
|    time_elapsed    | 0        |
|    total_timesteps | 232      |
---------------------------------
---------------------------------
| rollout/           |          |
|    ep_len_mean     | 20.2     |
|    ep_rew_mean     | 2.47     |
| time/              |          |
|    episodes        | 16       |
|    fps             | 5313     |
|    time_elapsed    | 0        |
|    total_timesteps | 323      |
---------------------------------
---------------------------------
| rollout/           |          |
|    ep_len_mean     | 19.2     |
|    ep_rew_mean     | 2.11     |
| time/              |          |
|    episodes        | 20       |
|    fps             | 5473     |
|    time_elapsed    | 0        |
|    total_timesteps | 384      |
---------------------------------
---------------------------------
| rollout/           |          |
|    ep_len_mean     | 19.2     |
|    ep_rew_mean     | 1.74     |
| time/              |          |
|    episodes        | 24       |
|    fps             | 5606     |
|    time_elapsed    | 0        |
|    total_timesteps | 462      |
---------------------------------
---------------------------------
| rollout/           |          |
|    ep_len_mean     | 18.9     |
|    ep_rew_mean     | 1.31     |
| time/              |          |
|    episodes        | 28       |
|    fps             | 5705     |
|    time_elapsed    | 0        |
|    total_timesteps | 528      |
---------------------------------
---------------------------------
| rollout/           |          |
|    ep_len_mean     | 19       |
|    ep_rew_mean     | 1.47     |
| time/              |          |
|    episodes        | 32       |
|    fps             | 5690     |
|    time_elapsed    | 0        |
|    total_timesteps | 609      |
---------------------------------
---------------------------------
| rollout/           |          |
|    ep_len_mean     | 18.7     |
|    ep_rew_mean     | 1.14     |
| time/              |          |
|    episodes        | 36       |
|    fps             | 5751     |
|    time_elapsed    | 0        |
|    total_timesteps | 673      |
---------------------------------
---------------------------------
| rollout/           |          |
|    ep_len_mean     | 18.4     |
|    ep_rew_mean     | 1.22     |
| time/              |          |
|    episodes        | 40       |
|    fps             | 5787     |
|    time_elapsed    | 0        |
|    total_timesteps | 738      |
---------------------------------
---------------------------------
| rollout/           |          |
|    ep_len_mean     | 19       |
|    ep_rew_mean     | 1.27     |
| time/              |          |
|    episodes        | 44       |
|    fps             | 5853     |
|    time_elapsed    | 0        |
|    total_timesteps | 836      |
---------------------------------
---------------------------------
| rollout/           |          |
|    ep_len_mean     | 19.2     |
|    ep_rew_mean     | 1.54     |
| time/              |          |
|    episodes        | 48       |
|    fps             | 5906     |
|    time_elapsed    | 0        |
|    total_timesteps | 920      |
---------------------------------
---------------------------------
| rollout/           |          |
|    ep_len_mean     | 19.3     |
|    ep_rew_mean     | 1.86     |
| time/              |          |
|    episodes        | 52       |
|    fps             | 5943     |
|    time_elapsed    | 0        |
|    total_timesteps | 1005     |
---------------------------------
---------------------------------
| rollout/           |          |
|    ep_len_mean     | 20.2     |
|    ep_rew_mean     | 2.2      |
| time/              |          |
|    episodes        | 56       |
|    fps             | 6006     |
|    time_elapsed    | 0        |
|    total_timesteps | 1133     |
---------------------------------
---------------------------------
| rollout/           |          |
|    ep_len_mean     | 19.8     |
|    ep_rew_mean     | 1.95     |
| time/              |          |
|    episodes        | 60       |
|    fps             | 6023     |
|    time_elapsed    | 0        |
|    total_timesteps | 1188     |
---------------------------------
---------------------------------
| rollout/           |          |
|    ep_len_mean     | 20.1     |
|    ep_rew_mean     | 2.06     |
| time/              |          |
|    episodes        | 64       |
|    fps             | 6061     |
|    time_elapsed    | 0        |
|    total_timesteps | 1287     |
---------------------------------
---------------------------------
| rollout/           |          |
|    ep_len_mean     | 20.2     |
|    ep_rew_mean     | 1.96     |
| time/              |          |
|    episodes        | 68       |
|    fps             | 6087     |
|    time_elapsed    | 0        |
|    total_timesteps | 1375     |
---------------------------------
---------------------------------
| rollout/           |          |
|    ep_len_mean     | 20.3     |
|    ep_rew_mean     | 1.87     |
| time/              |          |
|    episodes        | 72       |
|    fps             | 6098     |
|    time_elapsed    | 0        |
|    total_timesteps | 1460     |
---------------------------------
---------------------------------
| rollout/           |          |
|    ep_len_mean     | 20.6     |
|    ep_rew_mean     | 1.87     |
| time/              |          |
|    episodes        | 76       |
|    fps             | 6111     |
|    time_elapsed    | 0        |
|    total_timesteps | 1569     |
---------------------------------
---------------------------------
| rollout/           |          |
|    ep_len_mean     | 20.6     |
|    ep_rew_mean     | 1.86     |
| time/              |          |
|    episodes        | 80       |
|    fps             | 6119     |
|    time_elapsed    | 0        |
|    total_timesteps | 1650     |
---------------------------------
---------------------------------
| rollout/           |          |
|    ep_len_mean     | 20.8     |
|    ep_rew_mean     | 1.66     |
| time/              |          |
|    episodes        | 84       |
|    fps             | 6126     |
|    time_elapsed    | 0        |
|    total_timesteps | 1751     |
---------------------------------
---------------------------------
| rollout/           |          |
|    ep_len_mean     | 20.8     |
|    ep_rew_mean     | 1.6      |
| time/              |          |
|    episodes        | 88       |
|    fps             | 6134     |
|    time_elapsed    | 0        |
|    total_timesteps | 1826     |
---------------------------------
---------------------------------
| rollout/           |          |
|    ep_len_mean     | 20.8     |
|    ep_rew_mean     | 1.48     |
| time/              |          |
|    episodes        | 92       |
|    fps             | 6140     |
|    time_elapsed    | 0        |
|    total_timesteps | 1909     |
---------------------------------
---------------------------------
| rollout/           |          |
|    ep_len_mean     | 20.9     |
|    ep_rew_mean     | 1.62     |
| time/              |          |
|    episodes        | 96       |
|    fps             | 6147     |
|    time_elapsed    | 0        |
|    total_timesteps | 2003     |
---------------------------------
---------------------------------
| rollout/           |          |
|    ep_len_mean     | 20.7     |
|    ep_rew_mean     | 1.55     |
| time/              |          |
|    episodes        | 100      |
|    fps             | 6144     |
|    time_elapsed    | 0        |
|    total_timesteps | 2066     |
---------------------------------
---------------------------------
| rollout/           |          |
|    ep_len_mean     | 20.6     |
|    ep_rew_mean     | 1.46     |
| time/              |          |
|    episodes        | 104      |
|    fps             | 6144     |
|    time_elapsed    | 0        |
|    total_timesteps | 2140     |
---------------------------------
---------------------------------
| rollout/           |          |
|    ep_len_mean     | 20.7     |
|    ep_rew_mean     | 1.42     |
| time/              |          |
|    episodes        | 108      |
|    fps             | 6150     |
|    time_elapsed    | 0        |
|    total_timesteps | 2215     |
---------------------------------
---------------------------------
| rollout/           |          |
|    ep_len_mean     | 20.7     |
|    ep_rew_mean     | 1.33     |
| time/              |          |
|    episodes        | 112      |
|    fps             | 6154     |
|    time_elapsed    | 0        |
|    total_timesteps | 2306     |
---------------------------------
---------------------------------
| rollout/           |          |
|    ep_len_mean     | 20.5     |
|    ep_rew_mean     | 1.17     |
| time/              |          |
|    episodes        | 116      |
|    fps             | 6162     |
|    time_elapsed    | 0        |
|    total_timesteps | 2374     |
---------------------------------
---------------------------------
| rollout/           |          |
|    ep_len_mean     | 20.9     |
|    ep_rew_mean     | 1.18     |
| time/              |          |
|    episodes        | 120      |
|    fps             | 6180     |
|    time_elapsed    | 0        |
|    total_timesteps | 2473     |
---------------------------------
---------------------------------
| rollout/           |          |
|    ep_len_mean     | 20.8     |
|    ep_rew_mean     | 1.15     |
| time/              |          |
|    episodes        | 124      |
|    fps             | 6188     |
|    time_elapsed    | 0        |
|    total_timesteps | 2546     |
---------------------------------
---------------------------------
| rollout/           |          |
|    ep_len_mean     | 21.4     |
|    ep_rew_mean     | 1.44     |
| time/              |          |
|    episodes        | 128      |
|    fps             | 6199     |
|    time_elapsed    | 0        |
|    total_timesteps | 2665     |
---------------------------------
---------------------------------
| rollout/           |          |
|    ep_len_mean     | 21.4     |
|    ep_rew_mean     | 1.42     |
| time/              |          |
|    episodes        | 132      |
|    fps             | 6197     |
|    time_elapsed    | 0        |
|    total_timesteps | 2752     |
---------------------------------
---------------------------------
| rollout/           |          |
|    ep_len_mean     | 21.4     |
|    ep_rew_mean     | 1.49     |
| time/              |          |
|    episodes        | 136      |
|    fps             | 6200     |
|    time_elapsed    | 0        |
|    total_timesteps | 2817     |
---------------------------------
---------------------------------
| rollout/           |          |
|    ep_len_mean     | 21.5     |
|    ep_rew_mean     | 1.31     |
| time/              |          |
|    episodes        | 140      |
|    fps             | 6203     |
|    time_elapsed    | 0        |
|    total_timesteps | 2884     |
---------------------------------
---------------------------------
| rollout/           |          |
|    ep_len_mean     | 21.2     |
|    ep_rew_mean     | 1.32     |
| time/              |          |
|    episodes        | 144      |
|    fps             | 6207     |
|    time_elapsed    | 0        |
|    total_timesteps | 2960     |
---------------------------------
---------------------------------
| rollout/           |          |
|    ep_len_mean     | 21.2     |
|    ep_rew_mean     | 1.13     |
| time/              |          |
|    episodes        | 148      |
|    fps             | 6211     |
|    time_elapsed    | 0        |
|    total_timesteps | 3037     |
---------------------------------
---------------------------------
| rollout/           |          |
|    ep_len_mean     | 21.3     |
|    ep_rew_mean     | 1.14     |
| time/              |          |
|    episodes        | 152      |
|    fps             | 6213     |
|    time_elapsed    | 0        |
|    total_timesteps | 3139     |
---------------------------------
---------------------------------
| rollout/           |          |
|    ep_len_mean     | 20.9     |
|    ep_rew_mean     | 0.859    |
| time/              |          |
|    episodes        | 156      |
|    fps             | 6214     |
|    time_elapsed    | 0        |
|    total_timesteps | 3218     |
---------------------------------
---------------------------------
| rollout/           |          |
|    ep_len_mean     | 21.1     |
|    ep_rew_mean     | 1.04     |
| time/              |          |
|    episodes        | 160      |
|    fps             | 6212     |
|    time_elapsed    | 0        |
|    total_timesteps | 3295     |
---------------------------------
---------------------------------
| rollout/           |          |
|    ep_len_mean     | 20.9     |
|    ep_rew_mean     | 1.09     |
| time/              |          |
|    episodes        | 164      |
|    fps             | 6211     |
|    time_elapsed    | 0        |
|    total_timesteps | 3374     |
---------------------------------
---------------------------------
| rollout/           |          |
|    ep_len_mean     | 21.3     |
|    ep_rew_mean     | 1.05     |
| time/              |          |
|    episodes        | 168      |
|    fps             | 6158     |
|    time_elapsed    | 0        |
|    total_timesteps | 3504     |
---------------------------------
---------------------------------
| rollout/           |          |
|    ep_len_mean     | 21.2     |
|    ep_rew_mean     | 1.03     |
| time/              |          |
|    episodes        | 172      |
|    fps             | 6161     |
|    time_elapsed    | 0        |
|    total_timesteps | 3584     |
---------------------------------
---------------------------------
| rollout/           |          |
|    ep_len_mean     | 20.9     |
|    ep_rew_mean     | 0.923    |
| time/              |          |
|    episodes        | 176      |
|    fps             | 6164     |
|    time_elapsed    | 0        |
|    total_timesteps | 3663     |
---------------------------------
---------------------------------
| rollout/           |          |
|    ep_len_mean     | 21       |
|    ep_rew_mean     | 0.898    |
| time/              |          |
|    episodes        | 180      |
|    fps             | 6161     |
|    time_elapsed    | 0        |
|    total_timesteps | 3749     |
---------------------------------
---------------------------------
| rollout/           |          |
|    ep_len_mean     | 20.9     |
|    ep_rew_mean     | 1.03     |
| time/              |          |
|    episodes        | 184      |
|    fps             | 6161     |
|    time_elapsed    | 0        |
|    total_timesteps | 3837     |
---------------------------------
---------------------------------
| rollout/           |          |
|    ep_len_mean     | 21       |
|    ep_rew_mean     | 1.08     |
| time/              |          |
|    episodes        | 188      |
|    fps             | 6158     |
|    time_elapsed    | 0        |
|    total_timesteps | 3928     |
---------------------------------
---------------------------------
| rollout/           |          |
|    ep_len_mean     | 21.2     |
|    ep_rew_mean     | 1.2      |
| time/              |          |
|    episodes        | 192      |
|    fps             | 6156     |
|    time_elapsed    | 0        |
|    total_timesteps | 4026     |
---------------------------------
---------------------------------
| rollout/           |          |
|    ep_len_mean     | 20.9     |
|    ep_rew_mean     | 1.1      |
| time/              |          |
|    episodes        | 196      |
|    fps             | 6155     |
|    time_elapsed    | 0        |
|    total_timesteps | 4096     |
---------------------------------
---------------------------------
| rollout/           |          |
|    ep_len_mean     | 21       |
|    ep_rew_mean     | 1.23     |
| time/              |          |
|    episodes        | 200      |
|    fps             | 6156     |
|    time_elapsed    | 0        |
|    total_timesteps | 4166     |
---------------------------------
---------------------------------
| rollout/           |          |
|    ep_len_mean     | 21.3     |
|    ep_rew_mean     | 1.64     |
| time/              |          |
|    episodes        | 204      |
|    fps             | 6157     |
|    time_elapsed    | 0        |
|    total_timesteps | 4267     |
---------------------------------
---------------------------------
| rollout/           |          |
|    ep_len_mean     | 21.6     |
|    ep_rew_mean     | 1.65     |
| time/              |          |
|    episodes        | 208      |
|    fps             | 6154     |
|    time_elapsed    | 0        |
|    total_timesteps | 4373     |
---------------------------------
---------------------------------
| rollout/           |          |
|    ep_len_mean     | 21.6     |
|    ep_rew_mean     | 1.71     |
| time/              |          |
|    episodes        | 212      |
|    fps             | 6153     |
|    time_elapsed    | 0        |
|    total_timesteps | 4465     |
---------------------------------
---------------------------------
| rollout/           |          |
|    ep_len_mean     | 21.7     |
|    ep_rew_mean     | 1.68     |
| time/              |          |
|    episodes        | 216      |
|    fps             | 6155     |
|    time_elapsed    | 0        |
|    total_timesteps | 4543     |
---------------------------------
---------------------------------
| rollout/           |          |
|    ep_len_mean     | 21.8     |
|    ep_rew_mean     | 1.98     |
| time/              |          |
|    episodes        | 220      |
|    fps             | 6152     |
|    time_elapsed    | 0        |
|    total_timesteps | 4650     |
---------------------------------
---------------------------------
| rollout/           |          |
|    ep_len_mean     | 21.8     |
|    ep_rew_mean     | 2.14     |
| time/              |          |
|    episodes        | 224      |
|    fps             | 6156     |
|    time_elapsed    | 0        |
|    total_timesteps | 4725     |
---------------------------------
---------------------------------
| rollout/           |          |
|    ep_len_mean     | 21.4     |
|    ep_rew_mean     | 1.72     |
| time/              |          |
|    episodes        | 228      |
|    fps             | 6161     |
|    time_elapsed    | 0        |
|    total_timesteps | 4806     |
---------------------------------
---------------------------------
| rollout/           |          |
|    ep_len_mean     | 21.6     |
|    ep_rew_mean     | 1.68     |
| time/              |          |
|    episodes        | 232      |
|    fps             | 6169     |
|    time_elapsed    | 0        |
|    total_timesteps | 4914     |
---------------------------------
---------------------------------
| rollout/           |          |
|    ep_len_mean     | 21.9     |
|    ep_rew_mean     | 1.7      |
| time/              |          |
|    episodes        | 236      |
|    fps             | 6175     |
|    time_elapsed    | 0        |
|    total_timesteps | 5005     |
---------------------------------
---------------------------------
| rollout/           |          |
|    ep_len_mean     | 22.3     |
|    ep_rew_mean     | 1.91     |
| time/              |          |
|    episodes        | 240      |
|    fps             | 6180     |
|    time_elapsed    | 0        |
|    total_timesteps | 5115     |
---------------------------------
---------------------------------
| rollout/           |          |
|    ep_len_mean     | 22.3     |
|    ep_rew_mean     | 1.99     |
| time/              |          |
|    episodes        | 244      |
|    fps             | 6183     |
|    time_elapsed    | 0        |
|    total_timesteps | 5190     |
---------------------------------
---------------------------------
| rollout/           |          |
|    ep_len_mean     | 22.5     |
|    ep_rew_mean     | 2.29     |
| time/              |          |
|    episodes        | 248      |
|    fps             | 6187     |
|    time_elapsed    | 0        |
|    total_timesteps | 5285     |
---------------------------------
---------------------------------
| rollout/           |          |
|    ep_len_mean     | 22.3     |
|    ep_rew_mean     | 1.93     |
| time/              |          |
|    episodes        | 252      |
|    fps             | 6190     |
|    time_elapsed    | 0        |
|    total_timesteps | 5369     |
---------------------------------
---------------------------------
| rollout/           |          |
|    ep_len_mean     | 22.6     |
|    ep_rew_mean     | 2.11     |
| time/              |          |
|    episodes        | 256      |
|    fps             | 6190     |
|    time_elapsed    | 0        |
|    total_timesteps | 5479     |
---------------------------------
---------------------------------
| rollout/           |          |
|    ep_len_mean     | 22.7     |
|    ep_rew_mean     | 2.23     |
| time/              |          |
|    episodes        | 260      |
|    fps             | 6192     |
|    time_elapsed    | 0        |
|    total_timesteps | 5567     |
---------------------------------
---------------------------------
| rollout/           |          |
|    ep_len_mean     | 23       |
|    ep_rew_mean     | 2.04     |
| time/              |          |
|    episodes        | 264      |
|    fps             | 6195     |
|    time_elapsed    | 0        |
|    total_timesteps | 5674     |
---------------------------------
---------------------------------
| rollout/           |          |
|    ep_len_mean     | 22.3     |
|    ep_rew_mean     | 2.12     |
| time/              |          |
|    episodes        | 268      |
|    fps             | 6196     |
|    time_elapsed    | 0        |
|    total_timesteps | 5734     |
---------------------------------
---------------------------------
| rollout/           |          |
|    ep_len_mean     | 22.1     |
|    ep_rew_mean     | 2        |
| time/              |          |
|    episodes        | 272      |
|    fps             | 6198     |
|    time_elapsed    | 0        |
|    total_timesteps | 5795     |
---------------------------------
---------------------------------
| rollout/           |          |
|    ep_len_mean     | 22       |
|    ep_rew_mean     | 2.14     |
| time/              |          |
|    episodes        | 276      |
|    fps             | 6200     |
|    time_elapsed    | 0        |
|    total_timesteps | 5867     |
---------------------------------
---------------------------------
| rollout/           |          |
|    ep_len_mean     | 22       |
|    ep_rew_mean     | 2.26     |
| time/              |          |
|    episodes        | 280      |
|    fps             | 6166     |
|    time_elapsed    | 0        |
|    total_timesteps | 5949     |
---------------------------------
---------------------------------
| rollout/           |          |
|    ep_len_mean     | 21.8     |
|    ep_rew_mean     | 2.17     |
| time/              |          |
|    episodes        | 284      |
|    fps             | 6168     |
|    time_elapsed    | 0        |
|    total_timesteps | 6021     |
---------------------------------
---------------------------------
| rollout/           |          |
|    ep_len_mean     | 21.9     |
|    ep_rew_mean     | 2.17     |
| time/              |          |
|    episodes        | 288      |
|    fps             | 6171     |
|    time_elapsed    | 0        |
|    total_timesteps | 6116     |
---------------------------------
---------------------------------
| rollout/           |          |
|    ep_len_mean     | 21.6     |
|    ep_rew_mean     | 2.11     |
| time/              |          |
|    episodes        | 292      |
|    fps             | 6173     |
|    time_elapsed    | 1        |
|    total_timesteps | 6190     |
---------------------------------
---------------------------------
| rollout/           |          |
|    ep_len_mean     | 21.7     |
|    ep_rew_mean     | 2.02     |
| time/              |          |
|    episodes        | 296      |
|    fps             | 6176     |
|    time_elapsed    | 1        |
|    total_timesteps | 6262     |
---------------------------------
---------------------------------
| rollout/           |          |
|    ep_len_mean     | 21.9     |
|    ep_rew_mean     | 1.86     |
| time/              |          |
|    episodes        | 300      |
|    fps             | 6179     |
|    time_elapsed    | 1        |
|    total_timesteps | 6354     |
---------------------------------
---------------------------------
| rollout/           |          |
|    ep_len_mean     | 21.8     |
|    ep_rew_mean     | 1.69     |
| time/              |          |
|    episodes        | 304      |
|    fps             | 6180     |
|    time_elapsed    | 1        |
|    total_timesteps | 6446     |
---------------------------------
---------------------------------
| rollout/           |          |
|    ep_len_mean     | 21.4     |
|    ep_rew_mean     | 1.74     |
| time/              |          |
|    episodes        | 308      |
|    fps             | 6179     |
|    time_elapsed    | 1        |
|    total_timesteps | 6509     |
---------------------------------
---------------------------------
| rollout/           |          |
|    ep_len_mean     | 21.4     |
|    ep_rew_mean     | 1.94     |
| time/              |          |
|    episodes        | 312      |
|    fps             | 6181     |
|    time_elapsed    | 1        |
|    total_timesteps | 6608     |
---------------------------------
---------------------------------
| rollout/           |          |
|    ep_len_mean     | 21.6     |
|    ep_rew_mean     | 2.14     |
| time/              |          |
|    episodes        | 316      |
|    fps             | 6179     |
|    time_elapsed    | 1        |
|    total_timesteps | 6704     |
---------------------------------
---------------------------------
| rollout/           |          |
|    ep_len_mean     | 21.5     |
|    ep_rew_mean     | 1.93     |
| time/              |          |
|    episodes        | 320      |
|    fps             | 6180     |
|    time_elapsed    | 1        |
|    total_timesteps | 6804     |
---------------------------------
---------------------------------
| rollout/           |          |
|    ep_len_mean     | 21.6     |
|    ep_rew_mean     | 1.84     |
| time/              |          |
|    episodes        | 324      |
|    fps             | 6180     |
|    time_elapsed    | 1        |
|    total_timesteps | 6887     |
---------------------------------
---------------------------------
| rollout/           |          |
|    ep_len_mean     | 22.1     |
|    ep_rew_mean     | 2.32     |
| time/              |          |
|    episodes        | 328      |
|    fps             | 6183     |
|    time_elapsed    | 1        |
|    total_timesteps | 7014     |
---------------------------------
---------------------------------
| rollout/           |          |
|    ep_len_mean     | 21.8     |
|    ep_rew_mean     | 2.39     |
| time/              |          |
|    episodes        | 332      |
|    fps             | 6184     |
|    time_elapsed    | 1        |
|    total_timesteps | 7098     |
---------------------------------
---------------------------------
| rollout/           |          |
|    ep_len_mean     | 21.8     |
|    ep_rew_mean     | 2.33     |
| time/              |          |
|    episodes        | 336      |
|    fps             | 6181     |
|    time_elapsed    | 1        |
|    total_timesteps | 7183     |
---------------------------------
---------------------------------
| rollout/           |          |
|    ep_len_mean     | 21.4     |
|    ep_rew_mean     | 2.17     |
| time/              |          |
|    episodes        | 340      |
|    fps             | 6185     |
|    time_elapsed    | 1        |
|    total_timesteps | 7251     |
---------------------------------
---------------------------------
| rollout/           |          |
|    ep_len_mean     | 21.8     |
|    ep_rew_mean     | 2.2      |
| time/              |          |
|    episodes        | 344      |
|    fps             | 6190     |
|    time_elapsed    | 1        |
|    total_timesteps | 7370     |
---------------------------------
---------------------------------
| rollout/           |          |
|    ep_len_mean     | 22       |
|    ep_rew_mean     | 2.25     |
| time/              |          |
|    episodes        | 348      |
|    fps             | 6195     |
|    time_elapsed    | 1        |
|    total_timesteps | 7482     |
---------------------------------
---------------------------------
| rollout/           |          |
|    ep_len_mean     | 21.8     |
|    ep_rew_mean     | 2.4      |
| time/              |          |
|    episodes        | 352      |
|    fps             | 6196     |
|    time_elapsed    | 1        |
|    total_timesteps | 7548     |
---------------------------------
---------------------------------
| rollout/           |          |
|    ep_len_mean     | 21.7     |
|    ep_rew_mean     | 2.4      |
| time/              |          |
|    episodes        | 356      |
|    fps             | 6200     |
|    time_elapsed    | 1        |
|    total_timesteps | 7650     |
---------------------------------
---------------------------------
| rollout/           |          |
|    ep_len_mean     | 21.7     |
|    ep_rew_mean     | 2.17     |
| time/              |          |
|    episodes        | 360      |
|    fps             | 6200     |
|    time_elapsed    | 1        |
|    total_timesteps | 7741     |
---------------------------------
---------------------------------
| rollout/           |          |
|    ep_len_mean     | 21.6     |
|    ep_rew_mean     | 2.12     |
| time/              |          |
|    episodes        | 364      |
|    fps             | 6202     |
|    time_elapsed    | 1        |
|    total_timesteps | 7833     |
---------------------------------
---------------------------------
| rollout/           |          |
|    ep_len_mean     | 21.7     |
|    ep_rew_mean     | 2.1      |
| time/              |          |
|    episodes        | 368      |
|    fps             | 6203     |
|    time_elapsed    | 1        |
|    total_timesteps | 7907     |
---------------------------------
---------------------------------
| rollout/           |          |
|    ep_len_mean     | 22       |
|    ep_rew_mean     | 2.32     |
| time/              |          |
|    episodes        | 372      |
|    fps             | 6206     |
|    time_elapsed    | 1        |
|    total_timesteps | 7996     |
---------------------------------
---------------------------------
| rollout/           |          |
|    ep_len_mean     | 22.1     |
|    ep_rew_mean     | 2.31     |
| time/              |          |
|    episodes        | 376      |
|    fps             | 6208     |
|    time_elapsed    | 1        |
|    total_timesteps | 8080     |
---------------------------------
---------------------------------
| rollout/           |          |
|    ep_len_mean     | 22       |
|    ep_rew_mean     | 2.16     |
| time/              |          |
|    episodes        | 380      |
|    fps             | 6210     |
|    time_elapsed    | 1        |
|    total_timesteps | 8148     |
---------------------------------
---------------------------------
| rollout/           |          |
|    ep_len_mean     | 22.2     |
|    ep_rew_mean     | 2.34     |
| time/              |          |
|    episodes        | 384      |
|    fps             | 6209     |
|    time_elapsed    | 1        |
|    total_timesteps | 8243     |
---------------------------------
---------------------------------
| rollout/           |          |
|    ep_len_mean     | 22       |
|    ep_rew_mean     | 2.1      |
| time/              |          |
|    episodes        | 388      |
|    fps             | 6210     |
|    time_elapsed    | 1        |
|    total_timesteps | 8318     |
---------------------------------
---------------------------------
| rollout/           |          |
|    ep_len_mean     | 22.4     |
|    ep_rew_mean     | 2.45     |
| time/              |          |
|    episodes        | 392      |
|    fps             | 6213     |
|    time_elapsed    | 1        |
|    total_timesteps | 8434     |
---------------------------------
---------------------------------
| rollout/           |          |
|    ep_len_mean     | 22.3     |
|    ep_rew_mean     | 2.47     |
| time/              |          |
|    episodes        | 396      |
|    fps             | 6215     |
|    time_elapsed    | 1        |
|    total_timesteps | 8493     |
---------------------------------
---------------------------------
| rollout/           |          |
|    ep_len_mean     | 22.2     |
|    ep_rew_mean     | 2.62     |
| time/              |          |
|    episodes        | 400      |
|    fps             | 6216     |
|    time_elapsed    | 1        |
|    total_timesteps | 8576     |
---------------------------------
---------------------------------
| rollout/           |          |
|    ep_len_mean     | 22.2     |
|    ep_rew_mean     | 2.47     |
| time/              |          |
|    episodes        | 404      |
|    fps             | 6218     |
|    time_elapsed    | 1        |
|    total_timesteps | 8669     |
---------------------------------
---------------------------------
| rollout/           |          |
|    ep_len_mean     | 22.2     |
|    ep_rew_mean     | 2.36     |
| time/              |          |
|    episodes        | 408      |
|    fps             | 6216     |
|    time_elapsed    | 1        |
|    total_timesteps | 8730     |
---------------------------------
---------------------------------
| rollout/           |          |
|    ep_len_mean     | 22       |
|    ep_rew_mean     | 2.14     |
| time/              |          |
|    episodes        | 412      |
|    fps             | 6218     |
|    time_elapsed    | 1        |
|    total_timesteps | 8806     |
---------------------------------
---------------------------------
| rollout/           |          |
|    ep_len_mean     | 22       |
|    ep_rew_mean     | 2.09     |
| time/              |          |
|    episodes        | 416      |
|    fps             | 6222     |
|    time_elapsed    | 1        |
|    total_timesteps | 8907     |
---------------------------------
---------------------------------
| rollout/           |          |
|    ep_len_mean     | 21.8     |
|    ep_rew_mean     | 1.96     |
| time/              |          |
|    episodes        | 420      |
|    fps             | 6219     |
|    time_elapsed    | 1        |
|    total_timesteps | 8980     |
---------------------------------
---------------------------------
| rollout/           |          |
|    ep_len_mean     | 21.8     |
|    ep_rew_mean     | 2.13     |
| time/              |          |
|    episodes        | 424      |
|    fps             | 6219     |
|    time_elapsed    | 1        |
|    total_timesteps | 9067     |
---------------------------------
---------------------------------
| rollout/           |          |
|    ep_len_mean     | 21.5     |
|    ep_rew_mean     | 1.87     |
| time/              |          |
|    episodes        | 428      |
|    fps             | 6219     |
|    time_elapsed    | 1        |
|    total_timesteps | 9160     |
---------------------------------
---------------------------------
| rollout/           |          |
|    ep_len_mean     | 21.4     |
|    ep_rew_mean     | 1.84     |
| time/              |          |
|    episodes        | 432      |
|    fps             | 6219     |
|    time_elapsed    | 1        |
|    total_timesteps | 9243     |
---------------------------------
---------------------------------
| rollout/           |          |
|    ep_len_mean     | 21.2     |
|    ep_rew_mean     | 1.87     |
| time/              |          |
|    episodes        | 436      |
|    fps             | 6220     |
|    time_elapsed    | 1        |
|    total_timesteps | 9301     |
---------------------------------
---------------------------------
| rollout/           |          |
|    ep_len_mean     | 21.6     |
|    ep_rew_mean     | 2.1      |
| time/              |          |
|    episodes        | 440      |
|    fps             | 6220     |
|    time_elapsed    | 1        |
|    total_timesteps | 9415     |
---------------------------------
---------------------------------
| rollout/           |          |
|    ep_len_mean     | 21.1     |
|    ep_rew_mean     | 1.97     |
| time/              |          |
|    episodes        | 444      |
|    fps             | 6221     |
|    time_elapsed    | 1        |
|    total_timesteps | 9484     |
---------------------------------
---------------------------------
| rollout/           |          |
|    ep_len_mean     | 21       |
|    ep_rew_mean     | 1.78     |
| time/              |          |
|    episodes        | 448      |
|    fps             | 6222     |
|    time_elapsed    | 1        |
|    total_timesteps | 9580     |
---------------------------------
---------------------------------
| rollout/           |          |
|    ep_len_mean     | 21       |
|    ep_rew_mean     | 1.65     |
| time/              |          |
|    episodes        | 452      |
|    fps             | 6223     |
|    time_elapsed    | 1        |
|    total_timesteps | 9645     |
---------------------------------
---------------------------------
| rollout/           |          |
|    ep_len_mean     | 20.8     |
|    ep_rew_mean     | 1.52     |
| time/              |          |
|    episodes        | 456      |
|    fps             | 6223     |
|    time_elapsed    | 1        |
|    total_timesteps | 9730     |
---------------------------------
---------------------------------
| rollout/           |          |
|    ep_len_mean     | 21       |
|    ep_rew_mean     | 1.72     |
| time/              |          |
|    episodes        | 460      |
|    fps             | 6223     |
|    time_elapsed    | 1        |
|    total_timesteps | 9839     |
---------------------------------
---------------------------------
| rollout/           |          |
|    ep_len_mean     | 20.9     |
|    ep_rew_mean     | 1.88     |
| time/              |          |
|    episodes        | 464      |
|    fps             | 6224     |
|    time_elapsed    | 1        |
|    total_timesteps | 9922     |
---------------------------------
---------------------------------
| rollout/           |          |
|    ep_len_mean     | 20.9     |
|    ep_rew_mean     | 1.82     |
| time/              |          |
|    episodes        | 468      |
|    fps             | 6214     |
|    time_elapsed    | 1        |
|    total_timesteps | 9996     |
---------------------------------
Eval num_timesteps=10000, episode_reward=2.70 +/- 0.18
Episode length: 17.00 +/- 0.00
---------------------------------
| eval/              |          |
|    mean_ep_length  | 17       |
|    mean_reward     | 2.7      |
| time/              |          |
|    total_timesteps | 10000    |
---------------------------------
New best mean reward!
---------------------------------
| rollout/           |          |
|    ep_len_mean     | 20.9     |
|    ep_rew_mean     | 1.86     |
| time/              |          |
|    episodes        | 472      |
|    fps             | 4762     |
|    time_elapsed    | 2        |
|    total_timesteps | 10081    |
| train/             |          |
|    actor_loss      | -8.39    |
|    critic_loss     | 3.61     |
|    ent_coef        | 0.976    |
|    ent_coef_loss   | -0.241   |
|    learning_rate   | 0.0003   |
|    n_updates       | 80       |
---------------------------------
---------------------------------
| rollout/           |          |
|    ep_len_mean     | 21.5     |
|    ep_rew_mean     | 1.9      |
| time/              |          |
|    episodes        | 476      |
|    fps             | 3787     |
|    time_elapsed    | 2        |
|    total_timesteps | 10230    |
| train/             |          |
|    actor_loss      | -9.95    |
|    critic_loss     | 2.75     |
|    ent_coef        | 0.933    |
|    ent_coef_loss   | -0.695   |
|    learning_rate   | 0.0003   |
|    n_updates       | 229      |
---------------------------------
---------------------------------
| rollout/           |          |
|    ep_len_mean     | 22.1     |
|    ep_rew_mean     | 1.94     |
| time/              |          |
|    episodes        | 480      |
|    fps             | 3296     |
|    time_elapsed    | 3        |
|    total_timesteps | 10355    |
| train/             |          |
|    actor_loss      | -10.9    |
|    critic_loss     | 2.21     |
|    ent_coef        | 0.899    |
|    ent_coef_loss   | -1.05    |
|    learning_rate   | 0.0003   |
|    n_updates       | 354      |
---------------------------------
---------------------------------
| rollout/           |          |
|    ep_len_mean     | 22.7     |
|    ep_rew_mean     | 2.28     |
| time/              |          |
|    episodes        | 484      |
|    fps             | 2849     |
|    time_elapsed    | 3        |
|    total_timesteps | 10509    |
| train/             |          |
|    actor_loss      | -12.1    |
|    critic_loss     | 2.27     |
|    ent_coef        | 0.859    |
|    ent_coef_loss   | -1.51    |
|    learning_rate   | 0.0003   |
|    n_updates       | 508      |
---------------------------------
---------------------------------
| rollout/           |          |
|    ep_len_mean     | 24.5     |
|    ep_rew_mean     | 2.5      |
| time/              |          |
|    episodes        | 488      |
|    fps             | 2304     |
|    time_elapsed    | 4        |
|    total_timesteps | 10765    |
| train/             |          |
|    actor_loss      | -15.2    |
|    critic_loss     | 2.66     |
|    ent_coef        | 0.796    |
|    ent_coef_loss   | -2.18    |
|    learning_rate   | 0.0003   |
|    n_updates       | 764      |
---------------------------------
---------------------------------
| rollout/           |          |
|    ep_len_mean     | 26.6     |
|    ep_rew_mean     | 2.6      |
| time/              |          |
|    episodes        | 492      |
|    fps             | 1906     |
|    time_elapsed    | 5        |
|    total_timesteps | 11093    |
| train/             |          |
|    actor_loss      | -18.6    |
|    critic_loss     | 1.94     |
|    ent_coef        | 0.724    |
|    ent_coef_loss   | -2.98    |
|    learning_rate   | 0.0003   |
|    n_updates       | 1092     |
---------------------------------
---------------------------------
| rollout/           |          |
|    ep_len_mean     | 29.5     |
|    ep_rew_mean     | 1.75     |
| time/              |          |
|    episodes        | 496      |
|    fps             | 1600     |
|    time_elapsed    | 7        |
|    total_timesteps | 11447    |
| train/             |          |
|    actor_loss      | -22      |
|    critic_loss     | 2.97     |
|    ent_coef        | 0.655    |
|    ent_coef_loss   | -3.76    |
|    learning_rate   | 0.0003   |
|    n_updates       | 1446     |
---------------------------------
---------------------------------
| rollout/           |          |
|    ep_len_mean     | 34.3     |
|    ep_rew_mean     | 2.02     |
| time/              |          |
|    episodes        | 500      |
|    fps             | 1279     |
|    time_elapsed    | 9        |
|    total_timesteps | 12009    |
| train/             |          |
|    actor_loss      | -26.9    |
|    critic_loss     | 3.81     |
|    ent_coef        | 0.561    |
|    ent_coef_loss   | -4.63    |
|    learning_rate   | 0.0003   |
|    n_updates       | 2008     |
---------------------------------
---------------------------------
| rollout/           |          |
|    ep_len_mean     | 43.4     |
|    ep_rew_mean     | 11.6     |
| time/              |          |
|    episodes        | 504      |
|    fps             | 980      |
|    time_elapsed    | 13       |
|    total_timesteps | 13011    |
| train/             |          |
|    actor_loss      | -38.6    |
|    critic_loss     | 9.06     |
|    ent_coef        | 0.43     |
|    ent_coef_loss   | -5.89    |
|    learning_rate   | 0.0003   |
|    n_updates       | 3010     |
---------------------------------
---------------------------------
| rollout/           |          |
|    ep_len_mean     | 51.7     |
|    ep_rew_mean     | 20.5     |
| time/              |          |
|    episodes        | 508      |
|    fps             | 829      |
|    time_elapsed    | 16       |
|    total_timesteps | 13898    |
| train/             |          |
|    actor_loss      | -47.6    |
|    critic_loss     | 9.16     |
|    ent_coef        | 0.339    |
|    ent_coef_loss   | -6.97    |
|    learning_rate   | 0.0003   |
|    n_updates       | 3897     |
---------------------------------
---------------------------------
| rollout/           |          |
|    ep_len_mean     | 61       |
|    ep_rew_mean     | 30.5     |
| time/              |          |
|    episodes        | 512      |
|    fps             | 716      |
|    time_elapsed    | 20       |
|    total_timesteps | 14904    |
| train/             |          |
|    actor_loss      | -55.6    |
|    critic_loss     | 12       |
|    ent_coef        | 0.256    |
|    ent_coef_loss   | -8.65    |
|    learning_rate   | 0.0003   |
|    n_updates       | 4903     |
---------------------------------
---------------------------------
| rollout/           |          |
|    ep_len_mean     | 70.5     |
|    ep_rew_mean     | 40.7     |
| time/              |          |
|    episodes        | 516      |
|    fps             | 637      |
|    time_elapsed    | 25       |
|    total_timesteps | 15960    |
| train/             |          |
|    actor_loss      | -61.3    |
|    critic_loss     | 15.4     |
|    ent_coef        | 0.191    |
|    ent_coef_loss   | -9.05    |
|    learning_rate   | 0.0003   |
|    n_updates       | 5959     |
---------------------------------
---------------------------------
| rollout/           |          |
|    ep_len_mean     | 77.8     |
|    ep_rew_mean     | 45.7     |
| time/              |          |
|    episodes        | 520      |
|    fps             | 593      |
|    time_elapsed    | 28       |
|    total_timesteps | 16758    |
| train/             |          |
|    actor_loss      | -63.7    |
|    critic_loss     | 9.32     |
|    ent_coef        | 0.152    |
|    ent_coef_loss   | -10.3    |
|    learning_rate   | 0.0003   |
|    n_updates       | 6757     |
---------------------------------
---------------------------------
| rollout/           |          |
|    ep_len_mean     | 83.8     |
|    ep_rew_mean     | 51.7     |
| time/              |          |
|    episodes        | 524      |
|    fps             | 557      |
|    time_elapsed    | 31       |
|    total_timesteps | 17443    |
| train/             |          |
|    actor_loss      | -64.2    |
|    critic_loss     | 17.9     |
|    ent_coef        | 0.126    |
|    ent_coef_loss   | -9.92    |
|    learning_rate   | 0.0003   |
|    n_updates       | 7442     |
---------------------------------
---------------------------------
| rollout/           |          |
|    ep_len_mean     | 90.9     |
|    ep_rew_mean     | 57.4     |
| time/              |          |
|    episodes        | 528      |
|    fps             | 523      |
|    time_elapsed    | 34       |
|    total_timesteps | 18248    |
| train/             |          |
|    actor_loss      | -67.9    |
|    critic_loss     | 11.7     |
|    ent_coef        | 0.102    |
|    ent_coef_loss   | -10.9    |
|    learning_rate   | 0.0003   |
|    n_updates       | 8247     |
---------------------------------
---------------------------------
| rollout/           |          |
|    ep_len_mean     | 99       |
|    ep_rew_mean     | 68       |
| time/              |          |
|    episodes        | 532      |
|    fps             | 497      |
|    time_elapsed    | 38       |
|    total_timesteps | 19145    |
| train/             |          |
|    actor_loss      | -66.1    |
|    critic_loss     | 15.4     |
|    ent_coef        | 0.0815   |
|    ent_coef_loss   | -8.86    |
|    learning_rate   | 0.0003   |
|    n_updates       | 9144     |
---------------------------------
Eval num_timesteps=20000, episode_reward=226.83 +/- 89.75
Episode length: 172.00 +/- 43.28
---------------------------------
| eval/              |          |
|    mean_ep_length  | 172      |
|    mean_reward     | 227      |
| time/              |          |
|    total_timesteps | 20000    |
| train/             |          |
|    actor_loss      | -71.4    |
|    critic_loss     | 10.8     |
|    ent_coef        | 0.0667   |
|    ent_coef_loss   | -9.49    |
|    learning_rate   | 0.0003   |
|    n_updates       | 9999     |
---------------------------------
New best mean reward!
---------------------------------
| rollout/           |          |
|    ep_len_mean     | 107      |
|    ep_rew_mean     | 76.5     |
| time/              |          |
|    episodes        | 536      |
|    fps             | 472      |
|    time_elapsed    | 42       |
|    total_timesteps | 20027    |
| train/             |          |
|    actor_loss      | -71.3    |
|    critic_loss     | 20.4     |
|    ent_coef        | 0.0663   |
|    ent_coef_loss   | -5.26    |
|    learning_rate   | 0.0003   |
|    n_updates       | 10026    |
---------------------------------
---------------------------------
| rollout/           |          |
|    ep_len_mean     | 113      |
|    ep_rew_mean     | 84.3     |
| time/              |          |
|    episodes        | 540      |
|    fps             | 458      |
|    time_elapsed    | 45       |
|    total_timesteps | 20723    |
| train/             |          |
|    actor_loss      | -73.1    |
|    critic_loss     | 15.2     |
|    ent_coef        | 0.0576   |
|    ent_coef_loss   | -5.07    |
|    learning_rate   | 0.0003   |
|    n_updates       | 10722    |
---------------------------------
---------------------------------
| rollout/           |          |
|    ep_len_mean     | 119      |
|    ep_rew_mean     | 93.6     |
| time/              |          |
|    episodes        | 544      |
|    fps             | 444      |
|    time_elapsed    | 48       |
|    total_timesteps | 21389    |
| train/             |          |
|    actor_loss      | -72.7    |
|    critic_loss     | 17.4     |
|    ent_coef        | 0.0511   |
|    ent_coef_loss   | -3.98    |
|    learning_rate   | 0.0003   |
|    n_updates       | 11388    |
---------------------------------
---------------------------------
| rollout/           |          |
|    ep_len_mean     | 125      |
|    ep_rew_mean     | 106      |
| time/              |          |
|    episodes        | 548      |
|    fps             | 431      |
|    time_elapsed    | 51       |
|    total_timesteps | 22119    |
| train/             |          |
|    actor_loss      | -75.8    |
|    critic_loss     | 14.4     |
|    ent_coef        | 0.0463   |
|    ent_coef_loss   | -3.82    |
|    learning_rate   | 0.0003   |
|    n_updates       | 12118    |
---------------------------------
---------------------------------
| rollout/           |          |
|    ep_len_mean     | 132      |
|    ep_rew_mean     | 118      |
| time/              |          |
|    episodes        | 552      |
|    fps             | 413      |
|    time_elapsed    | 55       |
|    total_timesteps | 22814    |
| train/             |          |
|    actor_loss      | -78.3    |
|    critic_loss     | 17.4     |
|    ent_coef        | 0.0431   |
|    ent_coef_loss   | -1.44    |
|    learning_rate   | 0.0003   |
|    n_updates       | 12813    |
---------------------------------
---------------------------------
| rollout/           |          |
|    ep_len_mean     | 137      |
|    ep_rew_mean     | 128      |
| time/              |          |
|    episodes        | 556      |
|    fps             | 403      |
|    time_elapsed    | 58       |
|    total_timesteps | 23402    |
| train/             |          |
|    actor_loss      | -82.4    |
|    critic_loss     | 13.1     |
|    ent_coef        | 0.042    |
|    ent_coef_loss   | 0.97     |
|    learning_rate   | 0.0003   |
|    n_updates       | 13401    |
---------------------------------
---------------------------------
| rollout/           |          |
|    ep_len_mean     | 143      |
|    ep_rew_mean     | 140      |
| time/              |          |
|    episodes        | 560      |
|    fps             | 391      |
|    time_elapsed    | 61       |
|    total_timesteps | 24108    |
| train/             |          |
|    actor_loss      | -81      |
|    critic_loss     | 12.5     |
|    ent_coef        | 0.0411   |
|    ent_coef_loss   | -0.743   |
|    learning_rate   | 0.0003   |
|    n_updates       | 14107    |
---------------------------------
---------------------------------
| rollout/           |          |
|    ep_len_mean     | 147      |
|    ep_rew_mean     | 149      |
| time/              |          |
|    episodes        | 564      |
|    fps             | 384      |
|    time_elapsed    | 63       |
|    total_timesteps | 24608    |
| train/             |          |
|    actor_loss      | -86.5    |
|    critic_loss     | 17       |
|    ent_coef        | 0.041    |
|    ent_coef_loss   | 0.244    |
|    learning_rate   | 0.0003   |
|    n_updates       | 14607    |
---------------------------------
---------------------------------
| rollout/           |          |
|    ep_len_mean     | 150      |
|    ep_rew_mean     | 156      |
| time/              |          |
|    episodes        | 568      |
|    fps             | 380      |
|    time_elapsed    | 65       |
|    total_timesteps | 25040    |
| train/             |          |
|    actor_loss      | -85.2    |
|    critic_loss     | 15.7     |
|    ent_coef        | 0.0408   |
|    ent_coef_loss   | 0.82     |
|    learning_rate   | 0.0003   |
|    n_updates       | 15039    |
---------------------------------
---------------------------------
| rollout/           |          |
|    ep_len_mean     | 156      |
|    ep_rew_mean     | 165      |
| time/              |          |
|    episodes        | 572      |
|    fps             | 372      |
|    time_elapsed    | 68       |
|    total_timesteps | 25658    |
| train/             |          |
|    actor_loss      | -87.7    |
|    critic_loss     | 18.4     |
|    ent_coef        | 0.0414   |
|    ent_coef_loss   | -0.388   |
|    learning_rate   | 0.0003   |
|    n_updates       | 15657    |
---------------------------------
---------------------------------
| rollout/           |          |
|    ep_len_mean     | 159      |
|    ep_rew_mean     | 173      |
| time/              |          |
|    episodes        | 576      |
|    fps             | 369      |
|    time_elapsed    | 70       |
|    total_timesteps | 26156    |
| train/             |          |
|    actor_loss      | -86.9    |
|    critic_loss     | 20.5     |
|    ent_coef        | 0.0399   |
|    ent_coef_loss   | 0.399    |
|    learning_rate   | 0.0003   |
|    n_updates       | 16155    |
---------------------------------
---------------------------------
| rollout/           |          |
|    ep_len_mean     | 165      |
|    ep_rew_mean     | 178      |
| time/              |          |
|    episodes        | 580      |
|    fps             | 364      |
|    time_elapsed    | 73       |
|    total_timesteps | 26832    |
| train/             |          |
|    actor_loss      | -90.1    |
|    critic_loss     | 17.7     |
|    ent_coef        | 0.0392   |
|    ent_coef_loss   | -1.49    |
|    learning_rate   | 0.0003   |
|    n_updates       | 16831    |
---------------------------------
---------------------------------
| rollout/           |          |
|    ep_len_mean     | 177      |
|    ep_rew_mean     | 190      |
| time/              |          |
|    episodes        | 584      |
|    fps             | 356      |
|    time_elapsed    | 79       |
|    total_timesteps | 28201    |
| train/             |          |
|    actor_loss      | -91.2    |
|    critic_loss     | 23.1     |
|    ent_coef        | 0.0361   |
|    ent_coef_loss   | -1.99    |
|    learning_rate   | 0.0003   |
|    n_updates       | 18200    |
---------------------------------
---------------------------------
| rollout/           |          |
|    ep_len_mean     | 184      |
|    ep_rew_mean     | 202      |
| time/              |          |
|    episodes        | 588      |
|    fps             | 351      |
|    time_elapsed    | 82       |
|    total_timesteps | 29135    |
| train/             |          |
|    actor_loss      | -92      |
|    critic_loss     | 17.3     |
|    ent_coef        | 0.0363   |
|    ent_coef_loss   | -0.608   |
|    learning_rate   | 0.0003   |
|    n_updates       | 19134    |
---------------------------------
---------------------------------
| rollout/           |          |
|    ep_len_mean     | 188      |
|    ep_rew_mean     | 214      |
| time/              |          |
|    episodes        | 592      |
|    fps             | 345      |
|    time_elapsed    | 86       |
|    total_timesteps | 29890    |
| train/             |          |
|    actor_loss      | -89.6    |
|    critic_loss     | 19.2     |
|    ent_coef        | 0.0376   |
|    ent_coef_loss   | -1.06    |
|    learning_rate   | 0.0003   |
|    n_updates       | 19889    |
---------------------------------
Eval num_timesteps=30000, episode_reward=707.94 +/- 332.81
Episode length: 603.70 +/- 396.94
---------------------------------
| eval/              |          |
|    mean_ep_length  | 604      |
|    mean_reward     | 708      |
| time/              |          |
|    total_timesteps | 30000    |
| train/             |          |
|    actor_loss      | -91.9    |
|    critic_loss     | 15.9     |
|    ent_coef        | 0.0378   |
|    ent_coef_loss   | -0.0865  |
|    learning_rate   | 0.0003   |
|    n_updates       | 19999    |
---------------------------------
New best mean reward!
---------------------------------
| rollout/           |          |
|    ep_len_mean     | 200      |
|    ep_rew_mean     | 233      |
| time/              |          |
|    episodes        | 596      |
|    fps             | 333      |
|    time_elapsed    | 94       |
|    total_timesteps | 31399    |
| train/             |          |
|    actor_loss      | -94.8    |
|    critic_loss     | 12.8     |
|    ent_coef        | 0.0372   |
|    ent_coef_loss   | -0.367   |
|    learning_rate   | 0.0003   |
|    n_updates       | 21398    |
---------------------------------
---------------------------------
| rollout/           |          |
|    ep_len_mean     | 209      |
|    ep_rew_mean     | 249      |
| time/              |          |
|    episodes        | 600      |
|    fps             | 327      |
|    time_elapsed    | 100      |
|    total_timesteps | 32941    |
| train/             |          |
|    actor_loss      | -98.5    |
|    critic_loss     | 13.5     |
|    ent_coef        | 0.0366   |
|    ent_coef_loss   | -3.19    |
|    learning_rate   | 0.0003   |
|    n_updates       | 22940    |
---------------------------------
---------------------------------
| rollout/           |          |
|    ep_len_mean     | 211      |
|    ep_rew_mean     | 251      |
| time/              |          |
|    episodes        | 604      |
|    fps             | 323      |
|    time_elapsed    | 105      |
|    total_timesteps | 34070    |
| train/             |          |
|    actor_loss      | -96.9    |
|    critic_loss     | 14       |
|    ent_coef        | 0.0348   |
|    ent_coef_loss   | -0.764   |
|    learning_rate   | 0.0003   |
|    n_updates       | 24069    |
---------------------------------
---------------------------------
| rollout/           |          |
|    ep_len_mean     | 207      |
|    ep_rew_mean     | 252      |
| time/              |          |
|    episodes        | 608      |
|    fps             | 321      |
|    time_elapsed    | 107      |
|    total_timesteps | 34582    |
| train/             |          |
|    actor_loss      | -97.1    |
|    critic_loss     | 13.5     |
|    ent_coef        | 0.0339   |
|    ent_coef_loss   | -1.12    |
|    learning_rate   | 0.0003   |
|    n_updates       | 24581    |
---------------------------------
---------------------------------
| rollout/           |          |
|    ep_len_mean     | 204      |
|    ep_rew_mean     | 251      |
| time/              |          |
|    episodes        | 612      |
|    fps             | 317      |
|    time_elapsed    | 111      |
|    total_timesteps | 35330    |
| train/             |          |
|    actor_loss      | -97.3    |
|    critic_loss     | 25.5     |
|    ent_coef        | 0.0326   |
|    ent_coef_loss   | -1.44    |
|    learning_rate   | 0.0003   |
|    n_updates       | 25329    |
---------------------------------
---------------------------------
| rollout/           |          |
|    ep_len_mean     | 203      |
|    ep_rew_mean     | 251      |
| time/              |          |
|    episodes        | 616      |
|    fps             | 314      |
|    time_elapsed    | 115      |
|    total_timesteps | 36211    |
| train/             |          |
|    actor_loss      | -97.5    |
|    critic_loss     | 14.6     |
|    ent_coef        | 0.0323   |
|    ent_coef_loss   | 3.55     |
|    learning_rate   | 0.0003   |
|    n_updates       | 26210    |
---------------------------------
---------------------------------
| rollout/           |          |
|    ep_len_mean     | 202      |
|    ep_rew_mean     | 254      |
| time/              |          |
|    episodes        | 620      |
|    fps             | 312      |
|    time_elapsed    | 118      |
|    total_timesteps | 37001    |
| train/             |          |
|    actor_loss      | -96.9    |
|    critic_loss     | 15       |
|    ent_coef        | 0.0329   |
|    ent_coef_loss   | 3.23     |
|    learning_rate   | 0.0003   |
|    n_updates       | 27000    |
---------------------------------
---------------------------------
| rollout/           |          |
|    ep_len_mean     | 213      |
|    ep_rew_mean     | 267      |
| time/              |          |
|    episodes        | 624      |
|    fps             | 306      |
|    time_elapsed    | 126      |
|    total_timesteps | 38783    |
| train/             |          |
|    actor_loss      | -98.3    |
|    critic_loss     | 21.8     |
|    ent_coef        | 0.0353   |
|    ent_coef_loss   | -1.58    |
|    learning_rate   | 0.0003   |
|    n_updates       | 28782    |
---------------------------------
Eval num_timesteps=40000, episode_reward=571.28 +/- 281.11
Episode length: 440.00 +/- 367.05
---------------------------------
| eval/              |          |
|    mean_ep_length  | 440      |
|    mean_reward     | 571      |
| time/              |          |
|    total_timesteps | 40000    |
| train/             |          |
|    actor_loss      | -99.9    |
|    critic_loss     | 10.7     |
|    ent_coef        | 0.0357   |
|    ent_coef_loss   | -1.95    |
|    learning_rate   | 0.0003   |
|    n_updates       | 29999    |
---------------------------------
---------------------------------
| rollout/           |          |
|    ep_len_mean     | 222      |
|    ep_rew_mean     | 283      |
| time/              |          |
|    episodes        | 628      |
|    fps             | 299      |
|    time_elapsed    | 135      |
|    total_timesteps | 40426    |
| train/             |          |
|    actor_loss      | -102     |
|    critic_loss     | 9.78     |
|    ent_coef        | 0.0355   |
|    ent_coef_loss   | -0.908   |
|    learning_rate   | 0.0003   |
|    n_updates       | 30425    |
---------------------------------
---------------------------------
| rollout/           |          |
|    ep_len_mean     | 231      |
|    ep_rew_mean     | 295      |
| time/              |          |
|    episodes        | 632      |
|    fps             | 295      |
|    time_elapsed    | 143      |
|    total_timesteps | 42293    |
| train/             |          |
|    actor_loss      | -101     |
|    critic_loss     | 10.5     |
|    ent_coef        | 0.0336   |
|    ent_coef_loss   | -1.13    |
|    learning_rate   | 0.0003   |
|    n_updates       | 32292    |
---------------------------------
---------------------------------
| rollout/           |          |
|    ep_len_mean     | 232      |
|    ep_rew_mean     | 300      |
| time/              |          |
|    episodes        | 636      |
|    fps             | 293      |
|    time_elapsed    | 146      |
|    total_timesteps | 43198    |
| train/             |          |
|    actor_loss      | -99.7    |
|    critic_loss     | 13       |
|    ent_coef        | 0.0315   |
|    ent_coef_loss   | 3.02     |
|    learning_rate   | 0.0003   |
|    n_updates       | 33197    |
---------------------------------
---------------------------------
| rollout/           |          |
|    ep_len_mean     | 234      |
|    ep_rew_mean     | 305      |
| time/              |          |
|    episodes        | 640      |
|    fps             | 292      |
|    time_elapsed    | 150      |
|    total_timesteps | 44086    |
| train/             |          |
|    actor_loss      | -100     |
|    critic_loss     | 16.9     |
|    ent_coef        | 0.0313   |
|    ent_coef_loss   | 0.442    |
|    learning_rate   | 0.0003   |
|    n_updates       | 34085    |
---------------------------------
---------------------------------
| rollout/           |          |
|    ep_len_mean     | 236      |
|    ep_rew_mean     | 307      |
| time/              |          |
|    episodes        | 644      |
|    fps             | 290      |
|    time_elapsed    | 154      |
|    total_timesteps | 44959    |
| train/             |          |
|    actor_loss      | -102     |
|    critic_loss     | 13.3     |
|    ent_coef        | 0.0301   |
|    ent_coef_loss   | -0.966   |
|    learning_rate   | 0.0003   |
|    n_updates       | 34958    |
---------------------------------
---------------------------------
| rollout/           |          |
|    ep_len_mean     | 240      |
|    ep_rew_mean     | 307      |
| time/              |          |
|    episodes        | 648      |
|    fps             | 289      |
|    time_elapsed    | 159      |
|    total_timesteps | 46137    |
| train/             |          |
|    actor_loss      | -103     |
|    critic_loss     | 24.7     |
|    ent_coef        | 0.03     |
|    ent_coef_loss   | -0.921   |
|    learning_rate   | 0.0003   |
|    n_updates       | 36136    |
---------------------------------
---------------------------------
| rollout/           |          |
|    ep_len_mean     | 240      |
|    ep_rew_mean     | 306      |
| time/              |          |
|    episodes        | 652      |
|    fps             | 288      |
|    time_elapsed    | 162      |
|    total_timesteps | 46772    |
| train/             |          |
|    actor_loss      | -105     |
|    critic_loss     | 13.7     |
|    ent_coef        | 0.0304   |
|    ent_coef_loss   | -0.163   |
|    learning_rate   | 0.0003   |
|    n_updates       | 36771    |
---------------------------------
---------------------------------
| rollout/           |          |
|    ep_len_mean     | 240      |
|    ep_rew_mean     | 307      |
| time/              |          |
|    episodes        | 656      |
|    fps             | 287      |
|    time_elapsed    | 164      |
|    total_timesteps | 47410    |
| train/             |          |
|    actor_loss      | -106     |
|    critic_loss     | 11       |
|    ent_coef        | 0.0301   |
|    ent_coef_loss   | -1.6     |
|    learning_rate   | 0.0003   |
|    n_updates       | 37409    |
---------------------------------
---------------------------------
| rollout/           |          |
|    ep_len_mean     | 240      |
|    ep_rew_mean     | 306      |
| time/              |          |
|    episodes        | 660      |
|    fps             | 286      |
|    time_elapsed    | 168      |
|    total_timesteps | 48131    |
| train/             |          |
|    actor_loss      | -104     |
|    critic_loss     | 13.3     |
|    ent_coef        | 0.0302   |
|    ent_coef_loss   | 0.111    |
|    learning_rate   | 0.0003   |
|    n_updates       | 38130    |
---------------------------------
---------------------------------
| rollout/           |          |
|    ep_len_mean     | 242      |
|    ep_rew_mean     | 311      |
| time/              |          |
|    episodes        | 664      |
|    fps             | 285      |
|    time_elapsed    | 170      |
|    total_timesteps | 48815    |
| train/             |          |
|    actor_loss      | -105     |
|    critic_loss     | 12.7     |
|    ent_coef        | 0.0304   |
|    ent_coef_loss   | -0.236   |
|    learning_rate   | 0.0003   |
|    n_updates       | 38814    |
---------------------------------
---------------------------------
| rollout/           |          |
|    ep_len_mean     | 243      |
|    ep_rew_mean     | 312      |
| time/              |          |
|    episodes        | 668      |
|    fps             | 284      |
|    time_elapsed    | 173      |
|    total_timesteps | 49384    |
| train/             |          |
|    actor_loss      | -103     |
|    critic_loss     | 13.1     |
|    ent_coef        | 0.0301   |
|    ent_coef_loss   | 1.89     |
|    learning_rate   | 0.0003   |
|    n_updates       | 39383    |
---------------------------------
---------------------------------
| rollout/           |          |
|    ep_len_mean     | 243      |
|    ep_rew_mean     | 314      |
| time/              |          |
|    episodes        | 672      |
|    fps             | 283      |
|    time_elapsed    | 176      |
|    total_timesteps | 49995    |
| train/             |          |
|    actor_loss      | -104     |
|    critic_loss     | 13.9     |
|    ent_coef        | 0.0302   |
|    ent_coef_loss   | 0.86     |
|    learning_rate   | 0.0003   |
|    n_updates       | 39994    |
---------------------------------
Eval num_timesteps=50000, episode_reward=307.45 +/- 268.04
Episode length: 424.30 +/- 315.66
---------------------------------
| eval/              |          |
|    mean_ep_length  | 424      |
|    mean_reward     | 307      |
| time/              |          |
|    total_timesteps | 50000    |
| train/             |          |
|    actor_loss      | -101     |
|    critic_loss     | 12.5     |
|    ent_coef        | 0.0302   |
|    ent_coef_loss   | 2.47     |
|    learning_rate   | 0.0003   |
|    n_updates       | 39999    |
---------------------------------
---------------------------------
| rollout/           |          |
|    ep_len_mean     | 246      |
|    ep_rew_mean     | 318      |
| time/              |          |
|    episodes        | 676      |
|    fps             | 281      |
|    time_elapsed    | 179      |
|    total_timesteps | 50708    |
| train/             |          |
|    actor_loss      | -103     |
|    critic_loss     | 17.4     |
|    ent_coef        | 0.0295   |
|    ent_coef_loss   | -0.746   |
|    learning_rate   | 0.0003   |
|    n_updates       | 40707    |
---------------------------------
---------------------------------
| rollout/           |          |
|    ep_len_mean     | 245      |
|    ep_rew_mean     | 325      |
| time/              |          |
|    episodes        | 680      |
|    fps             | 281      |
|    time_elapsed    | 182      |
|    total_timesteps | 51379    |
| train/             |          |
|    actor_loss      | -102     |
|    critic_loss     | 12.8     |
|    ent_coef        | 0.0296   |
|    ent_coef_loss   | -0.235   |
|    learning_rate   | 0.0003   |
|    n_updates       | 41378    |
---------------------------------
---------------------------------
| rollout/           |          |
|    ep_len_mean     | 245      |
|    ep_rew_mean     | 327      |
| time/              |          |
|    episodes        | 684      |
|    fps             | 279      |
|    time_elapsed    | 188      |
|    total_timesteps | 52700    |
| train/             |          |
|    actor_loss      | -102     |
|    critic_loss     | 14.3     |
|    ent_coef        | 0.0308   |
|    ent_coef_loss   | 1.26     |
|    learning_rate   | 0.0003   |
|    n_updates       | 42699    |
---------------------------------
---------------------------------
| rollout/           |          |
|    ep_len_mean     | 242      |
|    ep_rew_mean     | 325      |
| time/              |          |
|    episodes        | 688      |
|    fps             | 279      |
|    time_elapsed    | 190      |
|    total_timesteps | 53289    |
| train/             |          |
|    actor_loss      | -104     |
|    critic_loss     | 13       |
|    ent_coef        | 0.0302   |
|    ent_coef_loss   | -1.48    |
|    learning_rate   | 0.0003   |
|    n_updates       | 43288    |
---------------------------------
---------------------------------
| rollout/           |          |
|    ep_len_mean     | 243      |
|    ep_rew_mean     | 329      |
| time/              |          |
|    episodes        | 692      |
|    fps             | 278      |
|    time_elapsed    | 194      |
|    total_timesteps | 54213    |
| train/             |          |
|    actor_loss      | -103     |
|    critic_loss     | 11       |
|    ent_coef        | 0.0307   |
|    ent_coef_loss   | -1.85    |
|    learning_rate   | 0.0003   |
|    n_updates       | 44212    |
---------------------------------
---------------------------------
| rollout/           |          |
|    ep_len_mean     | 236      |
|    ep_rew_mean     | 326      |
| time/              |          |
|    episodes        | 696      |
|    fps             | 278      |
|    time_elapsed    | 197      |
|    total_timesteps | 55042    |
| train/             |          |
|    actor_loss      | -102     |
|    critic_loss     | 16.1     |
|    ent_coef        | 0.0308   |
|    ent_coef_loss   | -1.41    |
|    learning_rate   | 0.0003   |
|    n_updates       | 45041    |
---------------------------------
---------------------------------
| rollout/           |          |
|    ep_len_mean     | 228      |
|    ep_rew_mean     | 319      |
| time/              |          |
|    episodes        | 700      |
|    fps             | 277      |
|    time_elapsed    | 200      |
|    total_timesteps | 55705    |
| train/             |          |
|    actor_loss      | -102     |
|    critic_loss     | 15       |
|    ent_coef        | 0.0306   |
|    ent_coef_loss   | -1.38    |
|    learning_rate   | 0.0003   |
|    n_updates       | 45704    |
---------------------------------
---------------------------------
| rollout/           |          |
|    ep_len_mean     | 227      |
|    ep_rew_mean     | 322      |
| time/              |          |
|    episodes        | 704      |
|    fps             | 277      |
|    time_elapsed    | 204      |
|    total_timesteps | 56768    |
| train/             |          |
|    actor_loss      | -102     |
|    critic_loss     | 15.9     |
|    ent_coef        | 0.0294   |
|    ent_coef_loss   | 1.22     |
|    learning_rate   | 0.0003   |
|    n_updates       | 46767    |
---------------------------------
---------------------------------
| rollout/           |          |
|    ep_len_mean     | 230      |
|    ep_rew_mean     | 329      |
| time/              |          |
|    episodes        | 708      |
|    fps             | 277      |
|    time_elapsed    | 207      |
|    total_timesteps | 57565    |
| train/             |          |
|    actor_loss      | -102     |
|    critic_loss     | 13.7     |
|    ent_coef        | 0.03     |
|    ent_coef_loss   | -0.127   |
|    learning_rate   | 0.0003   |
|    n_updates       | 47564    |
---------------------------------
---------------------------------
| rollout/           |          |
|    ep_len_mean     | 231      |
|    ep_rew_mean     | 334      |
| time/              |          |
|    episodes        | 712      |
|    fps             | 276      |
|    time_elapsed    | 211      |
|    total_timesteps | 58409    |
| train/             |          |
|    actor_loss      | -104     |
|    critic_loss     | 11       |
|    ent_coef        | 0.0296   |
|    ent_coef_loss   | 0.569    |
|    learning_rate   | 0.0003   |
|    n_updates       | 48408    |
---------------------------------
---------------------------------
| rollout/           |          |
|    ep_len_mean     | 231      |
|    ep_rew_mean     | 341      |
| time/              |          |
|    episodes        | 716      |
|    fps             | 276      |
|    time_elapsed    | 214      |
|    total_timesteps | 59312    |
| train/             |          |
|    actor_loss      | -99.9    |
|    critic_loss     | 18.3     |
|    ent_coef        | 0.0301   |
|    ent_coef_loss   | 0.0522   |
|    learning_rate   | 0.0003   |
|    n_updates       | 49311    |
---------------------------------
Eval num_timesteps=60000, episode_reward=270.18 +/- 108.56
Episode length: 166.90 +/- 43.84
---------------------------------
| eval/              |          |
|    mean_ep_length  | 167      |
|    mean_reward     | 270      |
| time/              |          |
|    total_timesteps | 60000    |
| train/             |          |
|    actor_loss      | -103     |
|    critic_loss     | 9.56     |
|    ent_coef        | 0.0302   |
|    ent_coef_loss   | 0.338    |
|    learning_rate   | 0.0003   |
|    n_updates       | 49999    |
---------------------------------
---------------------------------
| rollout/           |          |
|    ep_len_mean     | 240      |
|    ep_rew_mean     | 357      |
| time/              |          |
|    episodes        | 720      |
|    fps             | 274      |
|    time_elapsed    | 221      |
|    total_timesteps | 60965    |
| train/             |          |
|    actor_loss      | -101     |
|    critic_loss     | 13       |
|    ent_coef        | 0.0308   |
|    ent_coef_loss   | 0.502    |
|    learning_rate   | 0.0003   |
|    n_updates       | 50964    |
---------------------------------
---------------------------------
| rollout/           |          |
|    ep_len_mean     | 230      |
|    ep_rew_mean     | 344      |
| time/              |          |
|    episodes        | 724      |
|    fps             | 274      |
|    time_elapsed    | 225      |
|    total_timesteps | 61769    |
| train/             |          |
|    actor_loss      | -106     |
|    critic_loss     | 8.36     |
|    ent_coef        | 0.0301   |
|    ent_coef_loss   | -0.763   |
|    learning_rate   | 0.0003   |
|    n_updates       | 51768    |
---------------------------------
---------------------------------
| rollout/           |          |
|    ep_len_mean     | 221      |
|    ep_rew_mean     | 332      |
| time/              |          |
|    episodes        | 728      |
|    fps             | 273      |
|    time_elapsed    | 228      |
|    total_timesteps | 62493    |
| train/             |          |
|    actor_loss      | -103     |
|    critic_loss     | 11       |
|    ent_coef        | 0.0302   |
|    ent_coef_loss   | -1.72    |
|    learning_rate   | 0.0003   |
|    n_updates       | 52492    |
---------------------------------
---------------------------------
| rollout/           |          |
|    ep_len_mean     | 209      |
|    ep_rew_mean     | 320      |
| time/              |          |
|    episodes        | 732      |
|    fps             | 273      |
|    time_elapsed    | 231      |
|    total_timesteps | 63168    |
| train/             |          |
|    actor_loss      | -104     |
|    critic_loss     | 13.1     |
|    ent_coef        | 0.0313   |
|    ent_coef_loss   | -0.209   |
|    learning_rate   | 0.0003   |
|    n_updates       | 53167    |
---------------------------------
---------------------------------
| rollout/           |          |
|    ep_len_mean     | 206      |
|    ep_rew_mean     | 318      |
| time/              |          |
|    episodes        | 736      |
|    fps             | 272      |
|    time_elapsed    | 234      |
|    total_timesteps | 63843    |
| train/             |          |
|    actor_loss      | -106     |
|    critic_loss     | 10.8     |
|    ent_coef        | 0.0312   |
|    ent_coef_loss   | -0.526   |
|    learning_rate   | 0.0003   |
|    n_updates       | 53842    |
---------------------------------
---------------------------------
| rollout/           |          |
|    ep_len_mean     | 206      |
|    ep_rew_mean     | 319      |
| time/              |          |
|    episodes        | 740      |
|    fps             | 271      |
|    time_elapsed    | 237      |
|    total_timesteps | 64645    |
| train/             |          |
|    actor_loss      | -102     |
|    critic_loss     | 14.9     |
|    ent_coef        | 0.0305   |
|    ent_coef_loss   | -0.167   |
|    learning_rate   | 0.0003   |
|    n_updates       | 54644    |
---------------------------------
---------------------------------
| rollout/           |          |
|    ep_len_mean     | 205      |
|    ep_rew_mean     | 323      |
| time/              |          |
|    episodes        | 744      |
|    fps             | 271      |
|    time_elapsed    | 241      |
|    total_timesteps | 65450    |
| train/             |          |
|    actor_loss      | -105     |
|    critic_loss     | 20       |
|    ent_coef        | 0.0317   |
|    ent_coef_loss   | -1.85    |
|    learning_rate   | 0.0003   |
|    n_updates       | 55449    |
---------------------------------
---------------------------------
| rollout/           |          |
|    ep_len_mean     | 201      |
|    ep_rew_mean     | 323      |
| time/              |          |
|    episodes        | 748      |
|    fps             | 271      |
|    time_elapsed    | 244      |
|    total_timesteps | 66197    |
| train/             |          |
|    actor_loss      | -105     |
|    critic_loss     | 14.1     |
|    ent_coef        | 0.0314   |
|    ent_coef_loss   | 1.46     |
|    learning_rate   | 0.0003   |
|    n_updates       | 56196    |
---------------------------------
---------------------------------
| rollout/           |          |
|    ep_len_mean     | 202      |
|    ep_rew_mean     | 328      |
| time/              |          |
|    episodes        | 752      |
|    fps             | 270      |
|    time_elapsed    | 247      |
|    total_timesteps | 67011    |
| train/             |          |
|    actor_loss      | -104     |
|    critic_loss     | 14       |
|    ent_coef        | 0.0316   |
|    ent_coef_loss   | 0.95     |
|    learning_rate   | 0.0003   |
|    n_updates       | 57010    |
---------------------------------
---------------------------------
| rollout/           |          |
|    ep_len_mean     | 201      |
|    ep_rew_mean     | 325      |
| time/              |          |
|    episodes        | 756      |
|    fps             | 270      |
|    time_elapsed    | 249      |
|    total_timesteps | 67535    |
| train/             |          |
|    actor_loss      | -104     |
|    critic_loss     | 15.7     |
|    ent_coef        | 0.0314   |
|    ent_coef_loss   | -0.558   |
|    learning_rate   | 0.0003   |
|    n_updates       | 57534    |
---------------------------------
---------------------------------
| rollout/           |          |
|    ep_len_mean     | 200      |
|    ep_rew_mean     | 320      |
| time/              |          |
|    episodes        | 760      |
|    fps             | 269      |
|    time_elapsed    | 252      |
|    total_timesteps | 68136    |
| train/             |          |
|    actor_loss      | -103     |
|    critic_loss     | 12.1     |
|    ent_coef        | 0.0312   |
|    ent_coef_loss   | -1.41    |
|    learning_rate   | 0.0003   |
|    n_updates       | 58135    |
---------------------------------
---------------------------------
| rollout/           |          |
|    ep_len_mean     | 202      |
|    ep_rew_mean     | 321      |
| time/              |          |
|    episodes        | 764      |
|    fps             | 269      |
|    time_elapsed    | 256      |
|    total_timesteps | 69004    |
| train/             |          |
|    actor_loss      | -101     |
|    critic_loss     | 18.5     |
|    ent_coef        | 0.0312   |
|    ent_coef_loss   | -3.15    |
|    learning_rate   | 0.0003   |
|    n_updates       | 59003    |
---------------------------------
---------------------------------
| rollout/           |          |
|    ep_len_mean     | 203      |
|    ep_rew_mean     | 327      |
| time/              |          |
|    episodes        | 768      |
|    fps             | 268      |
|    time_elapsed    | 259      |
|    total_timesteps | 69713    |
| train/             |          |
|    actor_loss      | -102     |
|    critic_loss     | 14       |
|    ent_coef        | 0.0303   |
|    ent_coef_loss   | 1.99     |
|    learning_rate   | 0.0003   |
|    n_updates       | 59712    |
---------------------------------
Eval num_timesteps=70000, episode_reward=353.63 +/- 53.02
Episode length: 201.70 +/- 37.05
---------------------------------
| eval/              |          |
|    mean_ep_length  | 202      |
|    mean_reward     | 354      |
| time/              |          |
|    total_timesteps | 70000    |
| train/             |          |
|    actor_loss      | -103     |
|    critic_loss     | 13.7     |
|    ent_coef        | 0.0306   |
|    ent_coef_loss   | -0.563   |
|    learning_rate   | 0.0003   |
|    n_updates       | 59999    |
---------------------------------
---------------------------------
| rollout/           |          |
|    ep_len_mean     | 207      |
|    ep_rew_mean     | 331      |
| time/              |          |
|    episodes        | 772      |
|    fps             | 268      |
|    time_elapsed    | 263      |
|    total_timesteps | 70690    |
| train/             |          |
|    actor_loss      | -105     |
|    critic_loss     | 13.3     |
|    ent_coef        | 0.0302   |
|    ent_coef_loss   | 0.573    |
|    learning_rate   | 0.0003   |
|    n_updates       | 60689    |
---------------------------------
---------------------------------
| rollout/           |          |
|    ep_len_mean     | 209      |
|    ep_rew_mean     | 331      |
| time/              |          |
|    episodes        | 776      |
|    fps             | 267      |
|    time_elapsed    | 267      |
|    total_timesteps | 71612    |
| train/             |          |
|    actor_loss      | -103     |
|    critic_loss     | 15.3     |
|    ent_coef        | 0.0316   |
|    ent_coef_loss   | 1.07     |
|    learning_rate   | 0.0003   |
|    n_updates       | 61611    |
---------------------------------
---------------------------------
| rollout/           |          |
|    ep_len_mean     | 212      |
|    ep_rew_mean     | 336      |
| time/              |          |
|    episodes        | 780      |
|    fps             | 267      |
|    time_elapsed    | 271      |
|    total_timesteps | 72538    |
| train/             |          |
|    actor_loss      | -106     |
|    critic_loss     | 12.2     |
|    ent_coef        | 0.0318   |
|    ent_coef_loss   | 0.0915   |
|    learning_rate   | 0.0003   |
|    n_updates       | 62537    |
---------------------------------
---------------------------------
| rollout/           |          |
|    ep_len_mean     | 208      |
|    ep_rew_mean     | 340      |
| time/              |          |
|    episodes        | 784      |
|    fps             | 266      |
|    time_elapsed    | 275      |
|    total_timesteps | 73504    |
| train/             |          |
|    actor_loss      | -100     |
|    critic_loss     | 21.5     |
|    ent_coef        | 0.0315   |
|    ent_coef_loss   | 1.2      |
|    learning_rate   | 0.0003   |
|    n_updates       | 63503    |
---------------------------------
---------------------------------
| rollout/           |          |
|    ep_len_mean     | 211      |
|    ep_rew_mean     | 347      |
| time/              |          |
|    episodes        | 788      |
|    fps             | 266      |
|    time_elapsed    | 279      |
|    total_timesteps | 74360    |
| train/             |          |
|    actor_loss      | -102     |
|    critic_loss     | 16.2     |
|    ent_coef        | 0.0329   |
|    ent_coef_loss   | -2.42    |
|    learning_rate   | 0.0003   |
|    n_updates       | 64359    |
---------------------------------
---------------------------------
| rollout/           |          |
|    ep_len_mean     | 217      |
|    ep_rew_mean     | 349      |
| time/              |          |
|    episodes        | 792      |
|    fps             | 266      |
|    time_elapsed    | 285      |
|    total_timesteps | 75892    |
| train/             |          |
|    actor_loss      | -107     |
|    critic_loss     | 10.1     |
|    ent_coef        | 0.033    |
|    ent_coef_loss   | -1.53    |
|    learning_rate   | 0.0003   |
|    n_updates       | 65891    |
---------------------------------
---------------------------------
| rollout/           |          |
|    ep_len_mean     | 218      |
|    ep_rew_mean     | 349      |
| time/              |          |
|    episodes        | 796      |
|    fps             | 265      |
|    time_elapsed    | 289      |
|    total_timesteps | 76797    |
| train/             |          |
|    actor_loss      | -104     |
|    critic_loss     | 11.7     |
|    ent_coef        | 0.0336   |
|    ent_coef_loss   | -0.53    |
|    learning_rate   | 0.0003   |
|    n_updates       | 66796    |
---------------------------------
---------------------------------
| rollout/           |          |
|    ep_len_mean     | 217      |
|    ep_rew_mean     | 350      |
| time/              |          |
|    episodes        | 800      |
|    fps             | 265      |
|    time_elapsed    | 292      |
|    total_timesteps | 77418    |
| train/             |          |
|    actor_loss      | -104     |
|    critic_loss     | 17.2     |
|    ent_coef        | 0.0334   |
|    ent_coef_loss   | 0.281    |
|    learning_rate   | 0.0003   |
|    n_updates       | 67417    |
---------------------------------
---------------------------------
| rollout/           |          |
|    ep_len_mean     | 214      |
|    ep_rew_mean     | 349      |
| time/              |          |
|    episodes        | 804      |
|    fps             | 264      |
|    time_elapsed    | 295      |
|    total_timesteps | 78121    |
| train/             |          |
|    actor_loss      | -103     |
|    critic_loss     | 13.3     |
|    ent_coef        | 0.0335   |
|    ent_coef_loss   | -0.0117  |
|    learning_rate   | 0.0003   |
|    n_updates       | 68120    |
---------------------------------
---------------------------------
| rollout/           |          |
|    ep_len_mean     | 224      |
|    ep_rew_mean     | 361      |
| time/              |          |
|    episodes        | 808      |
|    fps             | 263      |
|    time_elapsed    | 302      |
|    total_timesteps | 79960    |
| train/             |          |
|    actor_loss      | -105     |
|    critic_loss     | 19.5     |
|    ent_coef        | 0.0345   |
|    ent_coef_loss   | 2.25     |
|    learning_rate   | 0.0003   |
|    n_updates       | 69959    |
---------------------------------
Eval num_timesteps=80000, episode_reward=327.09 +/- 13.59
Episode length: 163.70 +/- 11.21
---------------------------------
| eval/              |          |
|    mean_ep_length  | 164      |
|    mean_reward     | 327      |
| time/              |          |
|    total_timesteps | 80000    |
| train/             |          |
|    actor_loss      | -105     |
|    critic_loss     | 14.7     |
|    ent_coef        | 0.0347   |
|    ent_coef_loss   | 1.48     |
|    learning_rate   | 0.0003   |
|    n_updates       | 69999    |
---------------------------------
---------------------------------
| rollout/           |          |
|    ep_len_mean     | 223      |
|    ep_rew_mean     | 360      |
| time/              |          |
|    episodes        | 812      |
|    fps             | 263      |
|    time_elapsed    | 306      |
|    total_timesteps | 80709    |
| train/             |          |
|    actor_loss      | -106     |
|    critic_loss     | 16.1     |
|    ent_coef        | 0.0343   |
|    ent_coef_loss   | 0.303    |
|    learning_rate   | 0.0003   |
|    n_updates       | 70708    |
---------------------------------
---------------------------------
| rollout/           |          |
|    ep_len_mean     | 222      |
|    ep_rew_mean     | 361      |
| time/              |          |
|    episodes        | 816      |
|    fps             | 263      |
|    time_elapsed    | 309      |
|    total_timesteps | 81527    |
| train/             |          |
|    actor_loss      | -105     |
|    critic_loss     | 12.3     |
|    ent_coef        | 0.0353   |
|    ent_coef_loss   | 0.46     |
|    learning_rate   | 0.0003   |
|    n_updates       | 71526    |
---------------------------------
---------------------------------
| rollout/           |          |
|    ep_len_mean     | 216      |
|    ep_rew_mean     | 350      |
| time/              |          |
|    episodes        | 820      |
|    fps             | 262      |
|    time_elapsed    | 314      |
|    total_timesteps | 82579    |
| train/             |          |
|    actor_loss      | -107     |
|    critic_loss     | 11.5     |
|    ent_coef        | 0.0357   |
|    ent_coef_loss   | 1.11     |
|    learning_rate   | 0.0003   |
|    n_updates       | 72578    |
---------------------------------
---------------------------------
| rollout/           |          |
|    ep_len_mean     | 216      |
|    ep_rew_mean     | 359      |
| time/              |          |
|    episodes        | 824      |
|    fps             | 262      |
|    time_elapsed    | 317      |
|    total_timesteps | 83355    |
| train/             |          |
|    actor_loss      | -104     |
|    critic_loss     | 16.5     |
|    ent_coef        | 0.0363   |
|    ent_coef_loss   | -1.41    |
|    learning_rate   | 0.0003   |
|    n_updates       | 73354    |
---------------------------------
---------------------------------
| rollout/           |          |
|    ep_len_mean     | 218      |
|    ep_rew_mean     | 366      |
| time/              |          |
|    episodes        | 828      |
|    fps             | 262      |
|    time_elapsed    | 321      |
|    total_timesteps | 84302    |
| train/             |          |
|    actor_loss      | -107     |
|    critic_loss     | 19.2     |
|    ent_coef        | 0.0356   |
|    ent_coef_loss   | -0.277   |
|    learning_rate   | 0.0003   |
|    n_updates       | 74301    |
---------------------------------
---------------------------------
| rollout/           |          |
|    ep_len_mean     | 221      |
|    ep_rew_mean     | 375      |
| time/              |          |
|    episodes        | 832      |
|    fps             | 261      |
|    time_elapsed    | 325      |
|    total_timesteps | 85268    |
| train/             |          |
|    actor_loss      | -107     |
|    critic_loss     | 13       |
|    ent_coef        | 0.0343   |
|    ent_coef_loss   | 0.529    |
|    learning_rate   | 0.0003   |
|    n_updates       | 75267    |
---------------------------------
---------------------------------
| rollout/           |          |
|    ep_len_mean     | 224      |
|    ep_rew_mean     | 385      |
| time/              |          |
|    episodes        | 836      |
|    fps             | 261      |
|    time_elapsed    | 329      |
|    total_timesteps | 86273    |
| train/             |          |
|    actor_loss      | -106     |
|    critic_loss     | 11.8     |
|    ent_coef        | 0.0351   |
|    ent_coef_loss   | -0.705   |
|    learning_rate   | 0.0003   |
|    n_updates       | 76272    |
---------------------------------
---------------------------------
| rollout/           |          |
|    ep_len_mean     | 230      |
|    ep_rew_mean     | 395      |
| time/              |          |
|    episodes        | 840      |
|    fps             | 261      |
|    time_elapsed    | 335      |
|    total_timesteps | 87596    |
| train/             |          |
|    actor_loss      | -106     |
|    critic_loss     | 14.3     |
|    ent_coef        | 0.0346   |
|    ent_coef_loss   | 0.243    |
|    learning_rate   | 0.0003   |
|    n_updates       | 77595    |
---------------------------------
---------------------------------
| rollout/           |          |
|    ep_len_mean     | 228      |
|    ep_rew_mean     | 392      |
| time/              |          |
|    episodes        | 844      |
|    fps             | 261      |
|    time_elapsed    | 338      |
|    total_timesteps | 88250    |
| train/             |          |
|    actor_loss      | -105     |
|    critic_loss     | 17.3     |
|    ent_coef        | 0.0361   |
|    ent_coef_loss   | 0.974    |
|    learning_rate   | 0.0003   |
|    n_updates       | 78249    |
---------------------------------
---------------------------------
| rollout/           |          |
|    ep_len_mean     | 228      |
|    ep_rew_mean     | 393      |
| time/              |          |
|    episodes        | 848      |
|    fps             | 260      |
|    time_elapsed    | 341      |
|    total_timesteps | 88992    |
| train/             |          |
|    actor_loss      | -106     |
|    critic_loss     | 13.7     |
|    ent_coef        | 0.0361   |
|    ent_coef_loss   | -0.283   |
|    learning_rate   | 0.0003   |
|    n_updates       | 78991    |
---------------------------------
---------------------------------
| rollout/           |          |
|    ep_len_mean     | 229      |
|    ep_rew_mean     | 395      |
| time/              |          |
|    episodes        | 852      |
|    fps             | 260      |
|    time_elapsed    | 345      |
|    total_timesteps | 89943    |
| train/             |          |
|    actor_loss      | -105     |
|    critic_loss     | 19       |
|    ent_coef        | 0.0356   |
|    ent_coef_loss   | 0.555    |
|    learning_rate   | 0.0003   |
|    n_updates       | 79942    |
---------------------------------
Eval num_timesteps=90000, episode_reward=405.54 +/- 185.50
Episode length: 253.00 +/- 80.15
---------------------------------
| eval/              |          |
|    mean_ep_length  | 253      |
|    mean_reward     | 406      |
| time/              |          |
|    total_timesteps | 90000    |
| train/             |          |
|    actor_loss      | -104     |
|    critic_loss     | 13.2     |
|    ent_coef        | 0.0358   |
|    ent_coef_loss   | 2.53     |
|    learning_rate   | 0.0003   |
|    n_updates       | 79999    |
---------------------------------
---------------------------------
| rollout/           |          |
|    ep_len_mean     | 234      |
|    ep_rew_mean     | 405      |
| time/              |          |
|    episodes        | 856      |
|    fps             | 259      |
|    time_elapsed    | 350      |
|    total_timesteps | 90959    |
| train/             |          |
|    actor_loss      | -108     |
|    critic_loss     | 18.9     |
|    ent_coef        | 0.0362   |
|    ent_coef_loss   | 0.112    |
|    learning_rate   | 0.0003   |
|    n_updates       | 80958    |
---------------------------------
---------------------------------
| rollout/           |          |
|    ep_len_mean     | 236      |
|    ep_rew_mean     | 412      |
| time/              |          |
|    episodes        | 860      |
|    fps             | 259      |
|    time_elapsed    | 353      |
|    total_timesteps | 91700    |
| train/             |          |
|    actor_loss      | -106     |
|    critic_loss     | 13       |
|    ent_coef        | 0.0358   |
|    ent_coef_loss   | 1.15     |
|    learning_rate   | 0.0003   |
|    n_updates       | 81699    |
---------------------------------
---------------------------------
| rollout/           |          |
|    ep_len_mean     | 234      |
|    ep_rew_mean     | 410      |
| time/              |          |
|    episodes        | 864      |
|    fps             | 259      |
|    time_elapsed    | 356      |
|    total_timesteps | 92422    |
| train/             |          |
|    actor_loss      | -106     |
|    critic_loss     | 17.4     |
|    ent_coef        | 0.0361   |
|    ent_coef_loss   | -0.605   |
|    learning_rate   | 0.0003   |
|    n_updates       | 82421    |
---------------------------------
---------------------------------
| rollout/           |          |
|    ep_len_mean     | 238      |
|    ep_rew_mean     | 411      |
| time/              |          |
|    episodes        | 868      |
|    fps             | 258      |
|    time_elapsed    | 360      |
|    total_timesteps | 93474    |
| train/             |          |
|    actor_loss      | -111     |
|    critic_loss     | 8.86     |
|    ent_coef        | 0.0365   |
|    ent_coef_loss   | 0.214    |
|    learning_rate   | 0.0003   |
|    n_updates       | 83473    |
---------------------------------
---------------------------------
| rollout/           |          |
|    ep_len_mean     | 236      |
|    ep_rew_mean     | 409      |
| time/              |          |
|    episodes        | 872      |
|    fps             | 258      |
|    time_elapsed    | 364      |
|    total_timesteps | 94340    |
| train/             |          |
|    actor_loss      | -109     |
|    critic_loss     | 13.5     |
|    ent_coef        | 0.0353   |
|    ent_coef_loss   | 0.304    |
|    learning_rate   | 0.0003   |
|    n_updates       | 84339    |
---------------------------------
---------------------------------
| rollout/           |          |
|    ep_len_mean     | 236      |
|    ep_rew_mean     | 414      |
| time/              |          |
|    episodes        | 876      |
|    fps             | 258      |
|    time_elapsed    | 368      |
|    total_timesteps | 95177    |
| train/             |          |
|    actor_loss      | -108     |
|    critic_loss     | 17.1     |
|    ent_coef        | 0.0358   |
|    ent_coef_loss   | 1.27     |
|    learning_rate   | 0.0003   |
|    n_updates       | 85176    |
---------------------------------
---------------------------------
| rollout/           |          |
|    ep_len_mean     | 233      |
|    ep_rew_mean     | 409      |
| time/              |          |
|    episodes        | 880      |
|    fps             | 258      |
|    time_elapsed    | 371      |
|    total_timesteps | 95876    |
| train/             |          |
|    actor_loss      | -110     |
|    critic_loss     | 14       |
|    ent_coef        | 0.0361   |
|    ent_coef_loss   | -0.155   |
|    learning_rate   | 0.0003   |
|    n_updates       | 85875    |
---------------------------------
---------------------------------
| rollout/           |          |
|    ep_len_mean     | 232      |
|    ep_rew_mean     | 405      |
| time/              |          |
|    episodes        | 884      |
|    fps             | 258      |
|    time_elapsed    | 374      |
|    total_timesteps | 96657    |
| train/             |          |
|    actor_loss      | -112     |
|    critic_loss     | 10.9     |
|    ent_coef        | 0.0362   |
|    ent_coef_loss   | -1.83    |
|    learning_rate   | 0.0003   |
|    n_updates       | 86656    |
---------------------------------
---------------------------------
| rollout/           |          |
|    ep_len_mean     | 230      |
|    ep_rew_mean     | 402      |
| time/              |          |
|    episodes        | 888      |
|    fps             | 258      |
|    time_elapsed    | 377      |
|    total_timesteps | 97378    |
| train/             |          |
|    actor_loss      | -109     |
|    critic_loss     | 14.7     |
|    ent_coef        | 0.0363   |
|    ent_coef_loss   | -0.715   |
|    learning_rate   | 0.0003   |
|    n_updates       | 87377    |
---------------------------------
---------------------------------
| rollout/           |          |
|    ep_len_mean     | 221      |
|    ep_rew_mean     | 394      |
| time/              |          |
|    episodes        | 892      |
|    fps             | 257      |
|    time_elapsed    | 379      |
|    total_timesteps | 97999    |
| train/             |          |
|    actor_loss      | -105     |
|    critic_loss     | 11.1     |
|    ent_coef        | 0.0371   |
|    ent_coef_loss   | -0.63    |
|    learning_rate   | 0.0003   |
|    n_updates       | 87998    |
---------------------------------
---------------------------------
| rollout/           |          |
|    ep_len_mean     | 218      |
|    ep_rew_mean     | 392      |
| time/              |          |
|    episodes        | 896      |
|    fps             | 257      |
|    time_elapsed    | 382      |
|    total_timesteps | 98627    |
| train/             |          |
|    actor_loss      | -110     |
|    critic_loss     | 10.3     |
|    ent_coef        | 0.0381   |
|    ent_coef_loss   | -1.62    |
|    learning_rate   | 0.0003   |
|    n_updates       | 88626    |
---------------------------------
---------------------------------
| rollout/           |          |
|    ep_len_mean     | 219      |
|    ep_rew_mean     | 393      |
| time/              |          |
|    episodes        | 900      |
|    fps             | 257      |
|    time_elapsed    | 385      |
|    total_timesteps | 99301    |
| train/             |          |
|    actor_loss      | -109     |
|    critic_loss     | 15.6     |
|    ent_coef        | 0.0372   |
|    ent_coef_loss   | 0.345    |
|    learning_rate   | 0.0003   |
|    n_updates       | 89300    |
---------------------------------
---------------------------------
| rollout/           |          |
|    ep_len_mean     | 219      |
|    ep_rew_mean     | 392      |
| time/              |          |
|    episodes        | 904      |
|    fps             | 257      |
|    time_elapsed    | 388      |
|    total_timesteps | 99973    |
| train/             |          |
|    actor_loss      | -112     |
|    critic_loss     | 12.9     |
|    ent_coef        | 0.0365   |
|    ent_coef_loss   | 0.848    |
|    learning_rate   | 0.0003   |
|    n_updates       | 89972    |
---------------------------------
Eval num_timesteps=100000, episode_reward=378.54 +/- 147.39
Episode length: 221.10 +/- 119.83
---------------------------------
| eval/              |          |
|    mean_ep_length  | 221      |
|    mean_reward     | 379      |
| time/              |          |
|    total_timesteps | 100000   |
| train/             |          |
|    actor_loss      | -111     |
|    critic_loss     | 15.9     |
|    ent_coef        | 0.0364   |
|    ent_coef_loss   | 1.07     |
|    learning_rate   | 0.0003   |
|    n_updates       | 89999    |
---------------------------------
---------------------------------
| rollout/           |          |
|    ep_len_mean     | 209      |
|    ep_rew_mean     | 381      |
| time/              |          |
|    episodes        | 908      |
|    fps             | 257      |
|    time_elapsed    | 392      |
|    total_timesteps | 100824   |
| train/             |          |
|    actor_loss      | -110     |
|    critic_loss     | 9.68     |
|    ent_coef        | 0.037    |
|    ent_coef_loss   | -2.39    |
|    learning_rate   | 0.0003   |
|    n_updates       | 90823    |
---------------------------------
---------------------------------
| rollout/           |          |
|    ep_len_mean     | 207      |
|    ep_rew_mean     | 379      |
| time/              |          |
|    episodes        | 912      |
|    fps             | 257      |
|    time_elapsed    | 394      |
|    total_timesteps | 101445   |
| train/             |          |
|    actor_loss      | -112     |
|    critic_loss     | 12.8     |
|    ent_coef        | 0.0368   |
|    ent_coef_loss   | -1.72    |
|    learning_rate   | 0.0003   |
|    n_updates       | 91444    |
---------------------------------
---------------------------------
| rollout/           |          |
|    ep_len_mean     | 206      |
|    ep_rew_mean     | 375      |
| time/              |          |
|    episodes        | 916      |
|    fps             | 256      |
|    time_elapsed    | 397      |
|    total_timesteps | 102150   |
| train/             |          |
|    actor_loss      | -108     |
|    critic_loss     | 9.58     |
|    ent_coef        | 0.0364   |
|    ent_coef_loss   | -1.55    |
|    learning_rate   | 0.0003   |
|    n_updates       | 92149    |
---------------------------------
---------------------------------
| rollout/           |          |
|    ep_len_mean     | 202      |
|    ep_rew_mean     | 373      |
| time/              |          |
|    episodes        | 920      |
|    fps             | 256      |
|    time_elapsed    | 400      |
|    total_timesteps | 102800   |
| train/             |          |
|    actor_loss      | -112     |
|    critic_loss     | 12.8     |
|    ent_coef        | 0.0362   |
|    ent_coef_loss   | -1.39    |
|    learning_rate   | 0.0003   |
|    n_updates       | 92799    |
---------------------------------
---------------------------------
| rollout/           |          |
|    ep_len_mean     | 202      |
|    ep_rew_mean     | 372      |
| time/              |          |
|    episodes        | 924      |
|    fps             | 256      |
|    time_elapsed    | 403      |
|    total_timesteps | 103518   |
| train/             |          |
|    actor_loss      | -112     |
|    critic_loss     | 18.3     |
|    ent_coef        | 0.0357   |
|    ent_coef_loss   | 0.602    |
|    learning_rate   | 0.0003   |
|    n_updates       | 93517    |
---------------------------------
---------------------------------
| rollout/           |          |
|    ep_len_mean     | 200      |
|    ep_rew_mean     | 369      |
| time/              |          |
|    episodes        | 928      |
|    fps             | 256      |
|    time_elapsed    | 406      |
|    total_timesteps | 104276   |
| train/             |          |
|    actor_loss      | -107     |
|    critic_loss     | 14.7     |
|    ent_coef        | 0.0363   |
|    ent_coef_loss   | -0.74    |
|    learning_rate   | 0.0003   |
|    n_updates       | 94275    |
---------------------------------
---------------------------------
| rollout/           |          |
|    ep_len_mean     | 199      |
|    ep_rew_mean     | 369      |
| time/              |          |
|    episodes        | 932      |
|    fps             | 256      |
|    time_elapsed    | 410      |
|    total_timesteps | 105127   |
| train/             |          |
|    actor_loss      | -115     |
|    critic_loss     | 11.1     |
|    ent_coef        | 0.0369   |
|    ent_coef_loss   | 0.558    |
|    learning_rate   | 0.0003   |
|    n_updates       | 95126    |
---------------------------------
---------------------------------
| rollout/           |          |
|    ep_len_mean     | 199      |
|    ep_rew_mean     | 365      |
| time/              |          |
|    episodes        | 936      |
|    fps             | 255      |
|    time_elapsed    | 415      |
|    total_timesteps | 106217   |
| train/             |          |
|    actor_loss      | -110     |
|    critic_loss     | 12       |
|    ent_coef        | 0.0371   |
|    ent_coef_loss   | 2.19     |
|    learning_rate   | 0.0003   |
|    n_updates       | 96216    |
---------------------------------
---------------------------------
| rollout/           |          |
|    ep_len_mean     | 195      |
|    ep_rew_mean     | 358      |
| time/              |          |
|    episodes        | 940      |
|    fps             | 255      |
|    time_elapsed    | 418      |
|    total_timesteps | 107071   |
| train/             |          |
|    actor_loss      | -110     |
|    critic_loss     | 11.5     |
|    ent_coef        | 0.0374   |
|    ent_coef_loss   | -0.298   |
|    learning_rate   | 0.0003   |
|    n_updates       | 97070    |
---------------------------------
---------------------------------
| rollout/           |          |
|    ep_len_mean     | 197      |
|    ep_rew_mean     | 365      |
| time/              |          |
|    episodes        | 944      |
|    fps             | 255      |
|    time_elapsed    | 422      |
|    total_timesteps | 107932   |
| train/             |          |
|    actor_loss      | -114     |
|    critic_loss     | 11.2     |
|    ent_coef        | 0.0374   |
|    ent_coef_loss   | -2.25    |
|    learning_rate   | 0.0003   |
|    n_updates       | 97931    |
---------------------------------
---------------------------------
| rollout/           |          |
|    ep_len_mean     | 195      |
|    ep_rew_mean     | 363      |
| time/              |          |
|    episodes        | 948      |
|    fps             | 255      |
|    time_elapsed    | 424      |
|    total_timesteps | 108530   |
| train/             |          |
|    actor_loss      | -114     |
|    critic_loss     | 13.1     |
|    ent_coef        | 0.0373   |
|    ent_coef_loss   | -0.5     |
|    learning_rate   | 0.0003   |
|    n_updates       | 98529    |
---------------------------------
---------------------------------
| rollout/           |          |
|    ep_len_mean     | 196      |
|    ep_rew_mean     | 364      |
| time/              |          |
|    episodes        | 952      |
|    fps             | 255      |
|    time_elapsed    | 428      |
|    total_timesteps | 109525   |
| train/             |          |
|    actor_loss      | -112     |
|    critic_loss     | 12.5     |
|    ent_coef        | 0.0369   |
|    ent_coef_loss   | 0.718    |
|    learning_rate   | 0.0003   |
|    n_updates       | 99524    |
---------------------------------
Eval num_timesteps=110000, episode_reward=231.98 +/- 96.16
Episode length: 119.50 +/- 32.91
---------------------------------
| eval/              |          |
|    mean_ep_length  | 120      |
|    mean_reward     | 232      |
| time/              |          |
|    total_timesteps | 110000   |
| train/             |          |
|    actor_loss      | -110     |
|    critic_loss     | 11.5     |
|    ent_coef        | 0.037    |
|    ent_coef_loss   | -0.935   |
|    learning_rate   | 0.0003   |
|    n_updates       | 99999    |
---------------------------------
---------------------------------
| rollout/           |          |
|    ep_len_mean     | 192      |
|    ep_rew_mean     | 360      |
| time/              |          |
|    episodes        | 956      |
|    fps             | 255      |
|    time_elapsed    | 431      |
|    total_timesteps | 110169   |
| train/             |          |
|    actor_loss      | -107     |
|    critic_loss     | 11.8     |
|    ent_coef        | 0.0367   |
|    ent_coef_loss   | 1.21     |
|    learning_rate   | 0.0003   |
|    n_updates       | 100168   |
---------------------------------
---------------------------------
| rollout/           |          |
|    ep_len_mean     | 192      |
|    ep_rew_mean     | 360      |
| time/              |          |
|    episodes        | 960      |
|    fps             | 254      |
|    time_elapsed    | 434      |
|    total_timesteps | 110890   |
| train/             |          |
|    actor_loss      | -110     |
|    critic_loss     | 15       |
|    ent_coef        | 0.0374   |
|    ent_coef_loss   | 0.891    |
|    learning_rate   | 0.0003   |
|    n_updates       | 100889   |
---------------------------------
---------------------------------
| rollout/           |          |
|    ep_len_mean     | 191      |
|    ep_rew_mean     | 360      |
| time/              |          |
|    episodes        | 964      |
|    fps             | 254      |
|    time_elapsed    | 437      |
|    total_timesteps | 111540   |
| train/             |          |
|    actor_loss      | -113     |
|    critic_loss     | 9.12     |
|    ent_coef        | 0.0365   |
|    ent_coef_loss   | -1.94    |
|    learning_rate   | 0.0003   |
|    n_updates       | 101539   |
---------------------------------
---------------------------------
| rollout/           |          |
|    ep_len_mean     | 187      |
|    ep_rew_mean     | 358      |
| time/              |          |
|    episodes        | 968      |
|    fps             | 254      |
|    time_elapsed    | 440      |
|    total_timesteps | 112172   |
| train/             |          |
|    actor_loss      | -111     |
|    critic_loss     | 11.4     |
|    ent_coef        | 0.0371   |
|    ent_coef_loss   | 2.57     |
|    learning_rate   | 0.0003   |
|    n_updates       | 102171   |
---------------------------------
---------------------------------
| rollout/           |          |
|    ep_len_mean     | 187      |
|    ep_rew_mean     | 363      |
| time/              |          |
|    episodes        | 972      |
|    fps             | 254      |
|    time_elapsed    | 443      |
|    total_timesteps | 113061   |
| train/             |          |
|    actor_loss      | -114     |
|    critic_loss     | 14.8     |
|    ent_coef        | 0.0374   |
|    ent_coef_loss   | 0.125    |
|    learning_rate   | 0.0003   |
|    n_updates       | 103060   |
---------------------------------
---------------------------------
| rollout/           |          |
|    ep_len_mean     | 185      |
|    ep_rew_mean     | 356      |
| time/              |          |
|    episodes        | 976      |
|    fps             | 254      |
|    time_elapsed    | 446      |
|    total_timesteps | 113668   |
| train/             |          |
|    actor_loss      | -115     |
|    critic_loss     | 14.2     |
|    ent_coef        | 0.0377   |
|    ent_coef_loss   | 0.959    |
|    learning_rate   | 0.0003   |
|    n_updates       | 103667   |
---------------------------------
---------------------------------
| rollout/           |          |
|    ep_len_mean     | 185      |
|    ep_rew_mean     | 355      |
| time/              |          |
|    episodes        | 980      |
|    fps             | 254      |
|    time_elapsed    | 449      |
|    total_timesteps | 114368   |
| train/             |          |
|    actor_loss      | -115     |
|    critic_loss     | 13.5     |
|    ent_coef        | 0.0375   |
|    ent_coef_loss   | -0.157   |
|    learning_rate   | 0.0003   |
|    n_updates       | 104367   |
---------------------------------
---------------------------------
| rollout/           |          |
|    ep_len_mean     | 184      |
|    ep_rew_mean     | 354      |
| time/              |          |
|    episodes        | 984      |
|    fps             | 254      |
|    time_elapsed    | 452      |
|    total_timesteps | 115095   |
| train/             |          |
|    actor_loss      | -113     |
|    critic_loss     | 14.6     |
|    ent_coef        | 0.037    |
|    ent_coef_loss   | -0.748   |
|    learning_rate   | 0.0003   |
|    n_updates       | 105094   |
---------------------------------
---------------------------------
| rollout/           |          |
|    ep_len_mean     | 184      |
|    ep_rew_mean     | 355      |
| time/              |          |
|    episodes        | 988      |
|    fps             | 254      |
|    time_elapsed    | 455      |
|    total_timesteps | 115806   |
| train/             |          |
|    actor_loss      | -113     |
|    critic_loss     | 13.7     |
|    ent_coef        | 0.0366   |
|    ent_coef_loss   | 0.0511   |
|    learning_rate   | 0.0003   |
|    n_updates       | 105805   |
---------------------------------
---------------------------------
| rollout/           |          |
|    ep_len_mean     | 184      |
|    ep_rew_mean     | 356      |
| time/              |          |
|    episodes        | 992      |
|    fps             | 254      |
|    time_elapsed    | 458      |
|    total_timesteps | 116447   |
| train/             |          |
|    actor_loss      | -110     |
|    critic_loss     | 11       |
|    ent_coef        | 0.037    |
|    ent_coef_loss   | -0.29    |
|    learning_rate   | 0.0003   |
|    n_updates       | 106446   |
---------------------------------
---------------------------------
| rollout/           |          |
|    ep_len_mean     | 185      |
|    ep_rew_mean     | 360      |
| time/              |          |
|    episodes        | 996      |
|    fps             | 253      |
|    time_elapsed    | 461      |
|    total_timesteps | 117173   |
| train/             |          |
|    actor_loss      | -111     |
|    critic_loss     | 11.2     |
|    ent_coef        | 0.0367   |
|    ent_coef_loss   | 1.98     |
|    learning_rate   | 0.0003   |
|    n_updates       | 107172   |
---------------------------------
---------------------------------
| rollout/           |          |
|    ep_len_mean     | 187      |
|    ep_rew_mean     | 362      |
| time/              |          |
|    episodes        | 1000     |
|    fps             | 253      |
|    time_elapsed    | 464      |
|    total_timesteps | 117987   |
| train/             |          |
|    actor_loss      | -111     |
|    critic_loss     | 12.9     |
|    ent_coef        | 0.0374   |
|    ent_coef_loss   | 1.1      |
|    learning_rate   | 0.0003   |
|    n_updates       | 107986   |
---------------------------------
---------------------------------
| rollout/           |          |
|    ep_len_mean     | 193      |
|    ep_rew_mean     | 374      |
| time/              |          |
|    episodes        | 1004     |
|    fps             | 253      |
|    time_elapsed    | 470      |
|    total_timesteps | 119241   |
| train/             |          |
|    actor_loss      | -114     |
|    critic_loss     | 10.5     |
|    ent_coef        | 0.0356   |
|    ent_coef_loss   | 1.07     |
|    learning_rate   | 0.0003   |
|    n_updates       | 109240   |
---------------------------------
---------------------------------
| rollout/           |          |
|    ep_len_mean     | 191      |
|    ep_rew_mean     | 370      |
| time/              |          |
|    episodes        | 1008     |
|    fps             | 253      |
|    time_elapsed    | 473      |
|    total_timesteps | 119948   |
| train/             |          |
|    actor_loss      | -113     |
|    critic_loss     | 13.3     |
|    ent_coef        | 0.0368   |
|    ent_coef_loss   | -1.66    |
|    learning_rate   | 0.0003   |
|    n_updates       | 109947   |
---------------------------------
Eval num_timesteps=120000, episode_reward=627.19 +/- 258.96
Episode length: 375.90 +/- 248.14
---------------------------------
| eval/              |          |
|    mean_ep_length  | 376      |
|    mean_reward     | 627      |
| time/              |          |
|    total_timesteps | 120000   |
| train/             |          |
|    actor_loss      | -112     |
|    critic_loss     | 14       |
|    ent_coef        | 0.0365   |
|    ent_coef_loss   | 0.145    |
|    learning_rate   | 0.0003   |
|    n_updates       | 109999   |
---------------------------------
---------------------------------
| rollout/           |          |
|    ep_len_mean     | 194      |
|    ep_rew_mean     | 374      |
| time/              |          |
|    episodes        | 1012     |
|    fps             | 252      |
|    time_elapsed    | 477      |
|    total_timesteps | 120847   |
| train/             |          |
|    actor_loss      | -113     |
|    critic_loss     | 10.9     |
|    ent_coef        | 0.0356   |
|    ent_coef_loss   | 0.671    |
|    learning_rate   | 0.0003   |
|    n_updates       | 110846   |
---------------------------------
---------------------------------
| rollout/           |          |
|    ep_len_mean     | 197      |
|    ep_rew_mean     | 380      |
| time/              |          |
|    episodes        | 1016     |
|    fps             | 252      |
|    time_elapsed    | 482      |
|    total_timesteps | 121853   |
| train/             |          |
|    actor_loss      | -113     |
|    critic_loss     | 8.86     |
|    ent_coef        | 0.0357   |
|    ent_coef_loss   | -0.972   |
|    learning_rate   | 0.0003   |
|    n_updates       | 111852   |
---------------------------------
---------------------------------
| rollout/           |          |
|    ep_len_mean     | 198      |
|    ep_rew_mean     | 383      |
| time/              |          |
|    episodes        | 1020     |
|    fps             | 252      |
|    time_elapsed    | 485      |
|    total_timesteps | 122593   |
| train/             |          |
|    actor_loss      | -110     |
|    critic_loss     | 12.8     |
|    ent_coef        | 0.0355   |
|    ent_coef_loss   | 2.24     |
|    learning_rate   | 0.0003   |
|    n_updates       | 112592   |
---------------------------------
---------------------------------
| rollout/           |          |
|    ep_len_mean     | 200      |
|    ep_rew_mean     | 387      |
| time/              |          |
|    episodes        | 1024     |
|    fps             | 252      |
|    time_elapsed    | 489      |
|    total_timesteps | 123543   |
| train/             |          |
|    actor_loss      | -115     |
|    critic_loss     | 12       |
|    ent_coef        | 0.0353   |
|    ent_coef_loss   | 0.419    |
|    learning_rate   | 0.0003   |
|    n_updates       | 113542   |
---------------------------------
---------------------------------
| rollout/           |          |
|    ep_len_mean     | 202      |
|    ep_rew_mean     | 389      |
| time/              |          |
|    episodes        | 1028     |
|    fps             | 252      |
|    time_elapsed    | 492      |
|    total_timesteps | 124471   |
| train/             |          |
|    actor_loss      | -113     |
|    critic_loss     | 10.3     |
|    ent_coef        | 0.0346   |
|    ent_coef_loss   | 0.233    |
|    learning_rate   | 0.0003   |
|    n_updates       | 114470   |
---------------------------------
---------------------------------
| rollout/           |          |
|    ep_len_mean     | 202      |
|    ep_rew_mean     | 386      |
| time/              |          |
|    episodes        | 1032     |
|    fps             | 252      |
|    time_elapsed    | 496      |
|    total_timesteps | 125279   |
| train/             |          |
|    actor_loss      | -114     |
|    critic_loss     | 10.4     |
|    ent_coef        | 0.0343   |
|    ent_coef_loss   | -0.275   |
|    learning_rate   | 0.0003   |
|    n_updates       | 115278   |
---------------------------------
---------------------------------
| rollout/           |          |
|    ep_len_mean     | 199      |
|    ep_rew_mean     | 386      |
| time/              |          |
|    episodes        | 1036     |
|    fps             | 252      |
|    time_elapsed    | 499      |
|    total_timesteps | 126143   |
| train/             |          |
|    actor_loss      | -117     |
|    critic_loss     | 8        |
|    ent_coef        | 0.0353   |
|    ent_coef_loss   | 0.141    |
|    learning_rate   | 0.0003   |
|    n_updates       | 116142   |
---------------------------------
---------------------------------
| rollout/           |          |
|    ep_len_mean     | 198      |
|    ep_rew_mean     | 378      |
| time/              |          |
|    episodes        | 1040     |
|    fps             | 252      |
|    time_elapsed    | 503      |
|    total_timesteps | 126908   |
| train/             |          |
|    actor_loss      | -113     |
|    critic_loss     | 15.2     |
|    ent_coef        | 0.0356   |
|    ent_coef_loss   | 0.0656   |
|    learning_rate   | 0.0003   |
|    n_updates       | 116907   |
---------------------------------
---------------------------------
| rollout/           |          |
|    ep_len_mean     | 199      |
|    ep_rew_mean     | 374      |
| time/              |          |
|    episodes        | 1044     |
|    fps             | 252      |
|    time_elapsed    | 506      |
|    total_timesteps | 127819   |
| train/             |          |
|    actor_loss      | -115     |
|    critic_loss     | 14.4     |
|    ent_coef        | 0.035    |
|    ent_coef_loss   | 1.84     |
|    learning_rate   | 0.0003   |
|    n_updates       | 117818   |
---------------------------------
---------------------------------
| rollout/           |          |
|    ep_len_mean     | 204      |
|    ep_rew_mean     | 380      |
| time/              |          |
|    episodes        | 1048     |
|    fps             | 251      |
|    time_elapsed    | 511      |
|    total_timesteps | 128895   |
| train/             |          |
|    actor_loss      | -117     |
|    critic_loss     | 8.48     |
|    ent_coef        | 0.0351   |
|    ent_coef_loss   | 1.21     |
|    learning_rate   | 0.0003   |
|    n_updates       | 118894   |
---------------------------------
---------------------------------
| rollout/           |          |
|    ep_len_mean     | 205      |
|    ep_rew_mean     | 382      |
| time/              |          |
|    episodes        | 1052     |
|    fps             | 251      |
|    time_elapsed    | 516      |
|    total_timesteps | 129996   |
| train/             |          |
|    actor_loss      | -111     |
|    critic_loss     | 12.9     |
|    ent_coef        | 0.0353   |
|    ent_coef_loss   | -0.0838  |
|    learning_rate   | 0.0003   |
|    n_updates       | 119995   |
---------------------------------
Eval num_timesteps=130000, episode_reward=445.56 +/- 231.20
Episode length: 344.80 +/- 245.67
---------------------------------
| eval/              |          |
|    mean_ep_length  | 345      |
|    mean_reward     | 446      |
| time/              |          |
|    total_timesteps | 130000   |
| train/             |          |
|    actor_loss      | -110     |
|    critic_loss     | 12.7     |
|    ent_coef        | 0.0353   |
|    ent_coef_loss   | 0.674    |
|    learning_rate   | 0.0003   |
|    n_updates       | 119999   |
---------------------------------
---------------------------------
| rollout/           |          |
|    ep_len_mean     | 208      |
|    ep_rew_mean     | 383      |
| time/              |          |
|    episodes        | 1056     |
|    fps             | 251      |
|    time_elapsed    | 520      |
|    total_timesteps | 130976   |
| train/             |          |
|    actor_loss      | -114     |
|    critic_loss     | 11.3     |
|    ent_coef        | 0.0365   |
|    ent_coef_loss   | -0.0171  |
|    learning_rate   | 0.0003   |
|    n_updates       | 120975   |
---------------------------------
---------------------------------
| rollout/           |          |
|    ep_len_mean     | 210      |
|    ep_rew_mean     | 386      |
| time/              |          |
|    episodes        | 1060     |
|    fps             | 251      |
|    time_elapsed    | 524      |
|    total_timesteps | 131901   |
| train/             |          |
|    actor_loss      | -113     |
|    critic_loss     | 8.97     |
|    ent_coef        | 0.0354   |
|    ent_coef_loss   | -0.576   |
|    learning_rate   | 0.0003   |
|    n_updates       | 121900   |
---------------------------------
---------------------------------
| rollout/           |          |
|    ep_len_mean     | 212      |
|    ep_rew_mean     | 387      |
| time/              |          |
|    episodes        | 1064     |
|    fps             | 251      |
|    time_elapsed    | 527      |
|    total_timesteps | 132717   |
| train/             |          |
|    actor_loss      | -114     |
|    critic_loss     | 12       |
|    ent_coef        | 0.0359   |
|    ent_coef_loss   | 0.234    |
|    learning_rate   | 0.0003   |
|    n_updates       | 122716   |
---------------------------------
---------------------------------
| rollout/           |          |
|    ep_len_mean     | 221      |
|    ep_rew_mean     | 411      |
| time/              |          |
|    episodes        | 1068     |
|    fps             | 251      |
|    time_elapsed    | 534      |
|    total_timesteps | 134244   |
| train/             |          |
|    actor_loss      | -113     |
|    critic_loss     | 12.6     |
|    ent_coef        | 0.0363   |
|    ent_coef_loss   | 1.8      |
|    learning_rate   | 0.0003   |
|    n_updates       | 124243   |
---------------------------------
---------------------------------
| rollout/           |          |
|    ep_len_mean     | 225      |
|    ep_rew_mean     | 417      |
| time/              |          |
|    episodes        | 1072     |
|    fps             | 250      |
|    time_elapsed    | 540      |
|    total_timesteps | 135551   |
| train/             |          |
|    actor_loss      | -112     |
|    critic_loss     | 9.76     |
|    ent_coef        | 0.037    |
|    ent_coef_loss   | 1.06     |
|    learning_rate   | 0.0003   |
|    n_updates       | 125550   |
---------------------------------
---------------------------------
| rollout/           |          |
|    ep_len_mean     | 228      |
|    ep_rew_mean     | 428      |
| time/              |          |
|    episodes        | 1076     |
|    fps             | 250      |
|    time_elapsed    | 544      |
|    total_timesteps | 136488   |
| train/             |          |
|    actor_loss      | -113     |
|    critic_loss     | 8.07     |
|    ent_coef        | 0.0374   |
|    ent_coef_loss   | -1.59    |
|    learning_rate   | 0.0003   |
|    n_updates       | 126487   |
---------------------------------
---------------------------------
| rollout/           |          |
|    ep_len_mean     | 230      |
|    ep_rew_mean     | 437      |
| time/              |          |
|    episodes        | 1080     |
|    fps             | 250      |
|    time_elapsed    | 548      |
|    total_timesteps | 137392   |
| train/             |          |
|    actor_loss      | -112     |
|    critic_loss     | 9.29     |
|    ent_coef        | 0.0376   |
|    ent_coef_loss   | -1.36    |
|    learning_rate   | 0.0003   |
|    n_updates       | 127391   |
---------------------------------
---------------------------------
| rollout/           |          |
|    ep_len_mean     | 230      |
|    ep_rew_mean     | 437      |
| time/              |          |
|    episodes        | 1084     |
|    fps             | 250      |
|    time_elapsed    | 550      |
|    total_timesteps | 138092   |
| train/             |          |
|    actor_loss      | -115     |
|    critic_loss     | 11.4     |
|    ent_coef        | 0.0371   |
|    ent_coef_loss   | -0.369   |
|    learning_rate   | 0.0003   |
|    n_updates       | 128091   |
---------------------------------
---------------------------------
| rollout/           |          |
|    ep_len_mean     | 230      |
|    ep_rew_mean     | 435      |
| time/              |          |
|    episodes        | 1088     |
|    fps             | 250      |
|    time_elapsed    | 553      |
|    total_timesteps | 138782   |
| train/             |          |
|    actor_loss      | -116     |
|    critic_loss     | 9.63     |
|    ent_coef        | 0.0361   |
|    ent_coef_loss   | -0.938   |
|    learning_rate   | 0.0003   |
|    n_updates       | 128781   |
---------------------------------
---------------------------------
| rollout/           |          |
|    ep_len_mean     | 230      |
|    ep_rew_mean     | 437      |
| time/              |          |
|    episodes        | 1092     |
|    fps             | 250      |
|    time_elapsed    | 556      |
|    total_timesteps | 139491   |
| train/             |          |
|    actor_loss      | -111     |
|    critic_loss     | 11.3     |
|    ent_coef        | 0.036    |
|    ent_coef_loss   | 0.108    |
|    learning_rate   | 0.0003   |
|    n_updates       | 129490   |
---------------------------------
Eval num_timesteps=140000, episode_reward=552.13 +/- 185.79
Episode length: 228.90 +/- 34.74
---------------------------------
| eval/              |          |
|    mean_ep_length  | 229      |
|    mean_reward     | 552      |
| time/              |          |
|    total_timesteps | 140000   |
| train/             |          |
|    actor_loss      | -113     |
|    critic_loss     | 9.09     |
|    ent_coef        | 0.0366   |
|    ent_coef_loss   | -1.53    |
|    learning_rate   | 0.0003   |
|    n_updates       | 129999   |
---------------------------------
---------------------------------
| rollout/           |          |
|    ep_len_mean     | 234      |
|    ep_rew_mean     | 445      |
| time/              |          |
|    episodes        | 1096     |
|    fps             | 250      |
|    time_elapsed    | 561      |
|    total_timesteps | 140545   |
| train/             |          |
|    actor_loss      | -115     |
|    critic_loss     | 13.5     |
|    ent_coef        | 0.0365   |
|    ent_coef_loss   | 2.42     |
|    learning_rate   | 0.0003   |
|    n_updates       | 130544   |
---------------------------------
---------------------------------
| rollout/           |          |
|    ep_len_mean     | 237      |
|    ep_rew_mean     | 453      |
| time/              |          |
|    episodes        | 1100     |
|    fps             | 250      |
|    time_elapsed    | 566      |
|    total_timesteps | 141650   |
| train/             |          |
|    actor_loss      | -115     |
|    critic_loss     | 12.2     |
|    ent_coef        | 0.0362   |
|    ent_coef_loss   | 1.49     |
|    learning_rate   | 0.0003   |
|    n_updates       | 131649   |
---------------------------------
---------------------------------
| rollout/           |          |
|    ep_len_mean     | 232      |
|    ep_rew_mean     | 449      |
| time/              |          |
|    episodes        | 1104     |
|    fps             | 250      |
|    time_elapsed    | 569      |
|    total_timesteps | 142448   |
| train/             |          |
|    actor_loss      | -116     |
|    critic_loss     | 12.2     |
|    ent_coef        | 0.0362   |
|    ent_coef_loss   | 0.3      |
|    learning_rate   | 0.0003   |
|    n_updates       | 132447   |
---------------------------------
---------------------------------
| rollout/           |          |
|    ep_len_mean     | 232      |
|    ep_rew_mean     | 450      |
| time/              |          |
|    episodes        | 1108     |
|    fps             | 250      |
|    time_elapsed    | 572      |
|    total_timesteps | 143197   |
| train/             |          |
|    actor_loss      | -115     |
|    critic_loss     | 14.8     |
|    ent_coef        | 0.0347   |
|    ent_coef_loss   | -0.223   |
|    learning_rate   | 0.0003   |
|    n_updates       | 133196   |
---------------------------------
---------------------------------
| rollout/           |          |
|    ep_len_mean     | 231      |
|    ep_rew_mean     | 452      |
| time/              |          |
|    episodes        | 1112     |
|    fps             | 249      |
|    time_elapsed    | 576      |
|    total_timesteps | 143983   |
| train/             |          |
|    actor_loss      | -118     |
|    critic_loss     | 12.2     |
|    ent_coef        | 0.0345   |
|    ent_coef_loss   | -1.25    |
|    learning_rate   | 0.0003   |
|    n_updates       | 133982   |
---------------------------------
---------------------------------
| rollout/           |          |
|    ep_len_mean     | 229      |
|    ep_rew_mean     | 447      |
| time/              |          |
|    episodes        | 1116     |
|    fps             | 249      |
|    time_elapsed    | 579      |
|    total_timesteps | 144742   |
| train/             |          |
|    actor_loss      | -114     |
|    critic_loss     | 11.8     |
|    ent_coef        | 0.0348   |
|    ent_coef_loss   | 0.938    |
|    learning_rate   | 0.0003   |
|    n_updates       | 134741   |
---------------------------------
---------------------------------
| rollout/           |          |
|    ep_len_mean     | 230      |
|    ep_rew_mean     | 454      |
| time/              |          |
|    episodes        | 1120     |
|    fps             | 249      |
|    time_elapsed    | 582      |
|    total_timesteps | 145584   |
| train/             |          |
|    actor_loss      | -116     |
|    critic_loss     | 10.2     |
|    ent_coef        | 0.0346   |
|    ent_coef_loss   | -0.907   |
|    learning_rate   | 0.0003   |
|    n_updates       | 135583   |
---------------------------------
---------------------------------
| rollout/           |          |
|    ep_len_mean     | 231      |
|    ep_rew_mean     | 462      |
| time/              |          |
|    episodes        | 1124     |
|    fps             | 249      |
|    time_elapsed    | 587      |
|    total_timesteps | 146682   |
| train/             |          |
|    actor_loss      | -116     |
|    critic_loss     | 15.6     |
|    ent_coef        | 0.0347   |
|    ent_coef_loss   | -1.53    |
|    learning_rate   | 0.0003   |
|    n_updates       | 136681   |
---------------------------------
---------------------------------
| rollout/           |          |
|    ep_len_mean     | 230      |
|    ep_rew_mean     | 463      |
| time/              |          |
|    episodes        | 1128     |
|    fps             | 249      |
|    time_elapsed    | 590      |
|    total_timesteps | 147432   |
| train/             |          |
|    actor_loss      | -116     |
|    critic_loss     | 10.9     |
|    ent_coef        | 0.0346   |
|    ent_coef_loss   | -0.535   |
|    learning_rate   | 0.0003   |
|    n_updates       | 137431   |
---------------------------------
---------------------------------
| rollout/           |          |
|    ep_len_mean     | 230      |
|    ep_rew_mean     | 465      |
| time/              |          |
|    episodes        | 1132     |
|    fps             | 249      |
|    time_elapsed    | 593      |
|    total_timesteps | 148244   |
| train/             |          |
|    actor_loss      | -116     |
|    critic_loss     | 10.2     |
|    ent_coef        | 0.035    |
|    ent_coef_loss   | 0.447    |
|    learning_rate   | 0.0003   |
|    n_updates       | 138243   |
---------------------------------
---------------------------------
| rollout/           |          |
|    ep_len_mean     | 228      |
|    ep_rew_mean     | 463      |
| time/              |          |
|    episodes        | 1136     |
|    fps             | 249      |
|    time_elapsed    | 596      |
|    total_timesteps | 148944   |
| train/             |          |
|    actor_loss      | -116     |
|    critic_loss     | 15.1     |
|    ent_coef        | 0.0355   |
|    ent_coef_loss   | 1.59     |
|    learning_rate   | 0.0003   |
|    n_updates       | 138943   |
---------------------------------
---------------------------------
| rollout/           |          |
|    ep_len_mean     | 230      |
|    ep_rew_mean     | 474      |
| time/              |          |
|    episodes        | 1140     |
|    fps             | 249      |
|    time_elapsed    | 600      |
|    total_timesteps | 149882   |
| train/             |          |
|    actor_loss      | -116     |
|    critic_loss     | 9.27     |
|    ent_coef        | 0.0357   |
|    ent_coef_loss   | 1.46     |
|    learning_rate   | 0.0003   |
|    n_updates       | 139881   |
---------------------------------
Eval num_timesteps=150000, episode_reward=529.13 +/- 151.36
Episode length: 219.70 +/- 55.07
---------------------------------
| eval/              |          |
|    mean_ep_length  | 220      |
|    mean_reward     | 529      |
| time/              |          |
|    total_timesteps | 150000   |
| train/             |          |
|    actor_loss      | -117     |
|    critic_loss     | 24.6     |
|    ent_coef        | 0.0357   |
|    ent_coef_loss   | -1.54    |
|    learning_rate   | 0.0003   |
|    n_updates       | 139999   |
---------------------------------
---------------------------------
| rollout/           |          |
|    ep_len_mean     | 229      |
|    ep_rew_mean     | 478      |
| time/              |          |
|    episodes        | 1144     |
|    fps             | 249      |
|    time_elapsed    | 604      |
|    total_timesteps | 150690   |
| train/             |          |
|    actor_loss      | -115     |
|    critic_loss     | 11       |
|    ent_coef        | 0.0357   |
|    ent_coef_loss   | 0.074    |
|    learning_rate   | 0.0003   |
|    n_updates       | 140689   |
---------------------------------
---------------------------------
| rollout/           |          |
|    ep_len_mean     | 226      |
|    ep_rew_mean     | 479      |
| time/              |          |
|    episodes        | 1148     |
|    fps             | 249      |
|    time_elapsed    | 608      |
|    total_timesteps | 151544   |
| train/             |          |
|    actor_loss      | -115     |
|    critic_loss     | 12.5     |
|    ent_coef        | 0.0362   |
|    ent_coef_loss   | 1.23     |
|    learning_rate   | 0.0003   |
|    n_updates       | 141543   |
---------------------------------
---------------------------------
| rollout/           |          |
|    ep_len_mean     | 226      |
|    ep_rew_mean     | 487      |
| time/              |          |
|    episodes        | 1152     |
|    fps             | 249      |
|    time_elapsed    | 612      |
|    total_timesteps | 152590   |
| train/             |          |
|    actor_loss      | -118     |
|    critic_loss     | 13.2     |
|    ent_coef        | 0.0359   |
|    ent_coef_loss   | 1.23     |
|    learning_rate   | 0.0003   |
|    n_updates       | 142589   |
---------------------------------
---------------------------------
| rollout/           |          |
|    ep_len_mean     | 226      |
|    ep_rew_mean     | 494      |
| time/              |          |
|    episodes        | 1156     |
|    fps             | 249      |
|    time_elapsed    | 616      |
|    total_timesteps | 153548   |
| train/             |          |
|    actor_loss      | -115     |
|    critic_loss     | 11.5     |
|    ent_coef        | 0.0352   |
|    ent_coef_loss   | 0.821    |
|    learning_rate   | 0.0003   |
|    n_updates       | 143547   |
---------------------------------
---------------------------------
| rollout/           |          |
|    ep_len_mean     | 225      |
|    ep_rew_mean     | 496      |
| time/              |          |
|    episodes        | 1160     |
|    fps             | 248      |
|    time_elapsed    | 620      |
|    total_timesteps | 154370   |
| train/             |          |
|    actor_loss      | -120     |
|    critic_loss     | 10.5     |
|    ent_coef        | 0.036    |
|    ent_coef_loss   | 0.47     |
|    learning_rate   | 0.0003   |
|    n_updates       | 144369   |
---------------------------------
---------------------------------
| rollout/           |          |
|    ep_len_mean     | 228      |
|    ep_rew_mean     | 506      |
| time/              |          |
|    episodes        | 1164     |
|    fps             | 248      |
|    time_elapsed    | 624      |
|    total_timesteps | 155491   |
| train/             |          |
|    actor_loss      | -119     |
|    critic_loss     | 11.4     |
|    ent_coef        | 0.0364   |
|    ent_coef_loss   | -1.93    |
|    learning_rate   | 0.0003   |
|    n_updates       | 145490   |
---------------------------------
---------------------------------
| rollout/           |          |
|    ep_len_mean     | 222      |
|    ep_rew_mean     | 489      |
| time/              |          |
|    episodes        | 1168     |
|    fps             | 248      |
|    time_elapsed    | 628      |
|    total_timesteps | 156453   |
| train/             |          |
|    actor_loss      | -119     |
|    critic_loss     | 10.6     |
|    ent_coef        | 0.0353   |
|    ent_coef_loss   | 0.433    |
|    learning_rate   | 0.0003   |
|    n_updates       | 146452   |
---------------------------------
---------------------------------
| rollout/           |          |
|    ep_len_mean     | 219      |
|    ep_rew_mean     | 486      |
| time/              |          |
|    episodes        | 1172     |
|    fps             | 248      |
|    time_elapsed    | 633      |
|    total_timesteps | 157459   |
| train/             |          |
|    actor_loss      | -119     |
|    critic_loss     | 15.3     |
|    ent_coef        | 0.0369   |
|    ent_coef_loss   | 2.64     |
|    learning_rate   | 0.0003   |
|    n_updates       | 147458   |
---------------------------------
---------------------------------
| rollout/           |          |
|    ep_len_mean     | 222      |
|    ep_rew_mean     | 493      |
| time/              |          |
|    episodes        | 1176     |
|    fps             | 248      |
|    time_elapsed    | 638      |
|    total_timesteps | 158668   |
| train/             |          |
|    actor_loss      | -118     |
|    critic_loss     | 12.6     |
|    ent_coef        | 0.0374   |
|    ent_coef_loss   | -0.577   |
|    learning_rate   | 0.0003   |
|    n_updates       | 148667   |
---------------------------------
---------------------------------
| rollout/           |          |
|    ep_len_mean     | 222      |
|    ep_rew_mean     | 493      |
| time/              |          |
|    episodes        | 1180     |
|    fps             | 248      |
|    time_elapsed    | 642      |
|    total_timesteps | 159631   |
| train/             |          |
|    actor_loss      | -120     |
|    critic_loss     | 11.7     |
|    ent_coef        | 0.0387   |
|    ent_coef_loss   | -1.13    |
|    learning_rate   | 0.0003   |
|    n_updates       | 149630   |
---------------------------------
Eval num_timesteps=160000, episode_reward=929.97 +/- 602.35
Episode length: 469.00 +/- 283.33
---------------------------------
| eval/              |          |
|    mean_ep_length  | 469      |
|    mean_reward     | 930      |
| time/              |          |
|    total_timesteps | 160000   |
| train/             |          |
|    actor_loss      | -119     |
|    critic_loss     | 26.9     |
|    ent_coef        | 0.0386   |
|    ent_coef_loss   | -0.396   |
|    learning_rate   | 0.0003   |
|    n_updates       | 149999   |
---------------------------------
New best mean reward!
---------------------------------
| rollout/           |          |
|    ep_len_mean     | 227      |
|    ep_rew_mean     | 503      |
| time/              |          |
|    episodes        | 1184     |
|    fps             | 247      |
|    time_elapsed    | 648      |
|    total_timesteps | 160835   |
| train/             |          |
|    actor_loss      | -125     |
|    critic_loss     | 11.4     |
|    ent_coef        | 0.0382   |
|    ent_coef_loss   | 0.556    |
|    learning_rate   | 0.0003   |
|    n_updates       | 150834   |
---------------------------------
---------------------------------
| rollout/           |          |
|    ep_len_mean     | 233      |
|    ep_rew_mean     | 522      |
| time/              |          |
|    episodes        | 1188     |
|    fps             | 247      |
|    time_elapsed    | 653      |
|    total_timesteps | 162051   |
| train/             |          |
|    actor_loss      | -121     |
|    critic_loss     | 15.3     |
|    ent_coef        | 0.0368   |
|    ent_coef_loss   | -0.398   |
|    learning_rate   | 0.0003   |
|    n_updates       | 152050   |
---------------------------------
---------------------------------
| rollout/           |          |
|    ep_len_mean     | 236      |
|    ep_rew_mean     | 537      |
| time/              |          |
|    episodes        | 1192     |
|    fps             | 247      |
|    time_elapsed    | 658      |
|    total_timesteps | 163141   |
| train/             |          |
|    actor_loss      | -123     |
|    critic_loss     | 12.8     |
|    ent_coef        | 0.0384   |
|    ent_coef_loss   | -0.81    |
|    learning_rate   | 0.0003   |
|    n_updates       | 153140   |
---------------------------------
---------------------------------
| rollout/           |          |
|    ep_len_mean     | 236      |
|    ep_rew_mean     | 540      |
| time/              |          |
|    episodes        | 1196     |
|    fps             | 247      |
|    time_elapsed    | 662      |
|    total_timesteps | 164170   |
| train/             |          |
|    actor_loss      | -116     |
|    critic_loss     | 10.8     |
|    ent_coef        | 0.0403   |
|    ent_coef_loss   | -0.662   |
|    learning_rate   | 0.0003   |
|    n_updates       | 154169   |
---------------------------------
---------------------------------
| rollout/           |          |
|    ep_len_mean     | 235      |
|    ep_rew_mean     | 538      |
| time/              |          |
|    episodes        | 1200     |
|    fps             | 247      |
|    time_elapsed    | 666      |
|    total_timesteps | 165172   |
| train/             |          |
|    actor_loss      | -125     |
|    critic_loss     | 11.9     |
|    ent_coef        | 0.0392   |
|    ent_coef_loss   | -0.937   |
|    learning_rate   | 0.0003   |
|    n_updates       | 155171   |
---------------------------------
---------------------------------
| rollout/           |          |
|    ep_len_mean     | 236      |
|    ep_rew_mean     | 542      |
| time/              |          |
|    episodes        | 1204     |
|    fps             | 247      |
|    time_elapsed    | 670      |
|    total_timesteps | 166068   |
| train/             |          |
|    actor_loss      | -121     |
|    critic_loss     | 9.81     |
|    ent_coef        | 0.0395   |
|    ent_coef_loss   | 0.355    |
|    learning_rate   | 0.0003   |
|    n_updates       | 156067   |
---------------------------------
---------------------------------
| rollout/           |          |
|    ep_len_mean     | 239      |
|    ep_rew_mean     | 556      |
| time/              |          |
|    episodes        | 1208     |
|    fps             | 247      |
|    time_elapsed    | 674      |
|    total_timesteps | 167105   |
| train/             |          |
|    actor_loss      | -121     |
|    critic_loss     | 16.4     |
|    ent_coef        | 0.0391   |
|    ent_coef_loss   | 1.2      |
|    learning_rate   | 0.0003   |
|    n_updates       | 157104   |
---------------------------------
---------------------------------
| rollout/           |          |
|    ep_len_mean     | 241      |
|    ep_rew_mean     | 561      |
| time/              |          |
|    episodes        | 1212     |
|    fps             | 247      |
|    time_elapsed    | 678      |
|    total_timesteps | 168067   |
| train/             |          |
|    actor_loss      | -125     |
|    critic_loss     | 12.1     |
|    ent_coef        | 0.0401   |
|    ent_coef_loss   | 1.06     |
|    learning_rate   | 0.0003   |
|    n_updates       | 158066   |
---------------------------------
---------------------------------
| rollout/           |          |
|    ep_len_mean     | 241      |
|    ep_rew_mean     | 565      |
| time/              |          |
|    episodes        | 1216     |
|    fps             | 247      |
|    time_elapsed    | 682      |
|    total_timesteps | 168854   |
| train/             |          |
|    actor_loss      | -124     |
|    critic_loss     | 9.27     |
|    ent_coef        | 0.0394   |
|    ent_coef_loss   | -0.863   |
|    learning_rate   | 0.0003   |
|    n_updates       | 158853   |
---------------------------------
---------------------------------
| rollout/           |          |
|    ep_len_mean     | 244      |
|    ep_rew_mean     | 574      |
| time/              |          |
|    episodes        | 1220     |
|    fps             | 247      |
|    time_elapsed    | 686      |
|    total_timesteps | 169967   |
| train/             |          |
|    actor_loss      | -125     |
|    critic_loss     | 11.6     |
|    ent_coef        | 0.04     |
|    ent_coef_loss   | -2.31    |
|    learning_rate   | 0.0003   |
|    n_updates       | 159966   |
---------------------------------
Eval num_timesteps=170000, episode_reward=769.67 +/- 61.02
Episode length: 280.20 +/- 18.20
---------------------------------
| eval/              |          |
|    mean_ep_length  | 280      |
|    mean_reward     | 770      |
| time/              |          |
|    total_timesteps | 170000   |
| train/             |          |
|    actor_loss      | -124     |
|    critic_loss     | 15.3     |
|    ent_coef        | 0.0398   |
|    ent_coef_loss   | -3.01    |
|    learning_rate   | 0.0003   |
|    n_updates       | 159999   |
---------------------------------
---------------------------------
| rollout/           |          |
|    ep_len_mean     | 241      |
|    ep_rew_mean     | 567      |
| time/              |          |
|    episodes        | 1224     |
|    fps             | 247      |
|    time_elapsed    | 690      |
|    total_timesteps | 170801   |
| train/             |          |
|    actor_loss      | -124     |
|    critic_loss     | 12.7     |
|    ent_coef        | 0.039    |
|    ent_coef_loss   | -0.933   |
|    learning_rate   | 0.0003   |
|    n_updates       | 160800   |
---------------------------------
---------------------------------
| rollout/           |          |
|    ep_len_mean     | 246      |
|    ep_rew_mean     | 578      |
| time/              |          |
|    episodes        | 1228     |
|    fps             | 247      |
|    time_elapsed    | 695      |
|    total_timesteps | 171991   |
| train/             |          |
|    actor_loss      | -129     |
|    critic_loss     | 10.2     |
|    ent_coef        | 0.041    |
|    ent_coef_loss   | -1.86    |
|    learning_rate   | 0.0003   |
|    n_updates       | 161990   |
---------------------------------
---------------------------------
| rollout/           |          |
|    ep_len_mean     | 247      |
|    ep_rew_mean     | 584      |
| time/              |          |
|    episodes        | 1232     |
|    fps             | 247      |
|    time_elapsed    | 699      |
|    total_timesteps | 172911   |
| train/             |          |
|    actor_loss      | -126     |
|    critic_loss     | 17.9     |
|    ent_coef        | 0.04     |
|    ent_coef_loss   | -2.24    |
|    learning_rate   | 0.0003   |
|    n_updates       | 162910   |
---------------------------------
---------------------------------
| rollout/           |          |
|    ep_len_mean     | 249      |
|    ep_rew_mean     | 593      |
| time/              |          |
|    episodes        | 1236     |
|    fps             | 247      |
|    time_elapsed    | 703      |
|    total_timesteps | 173807   |
| train/             |          |
|    actor_loss      | -124     |
|    critic_loss     | 10.2     |
|    ent_coef        | 0.0408   |
|    ent_coef_loss   | -1.47    |
|    learning_rate   | 0.0003   |
|    n_updates       | 163806   |
---------------------------------
---------------------------------
| rollout/           |          |
|    ep_len_mean     | 248      |
|    ep_rew_mean     | 594      |
| time/              |          |
|    episodes        | 1240     |
|    fps             | 247      |
|    time_elapsed    | 707      |
|    total_timesteps | 174662   |
| train/             |          |
|    actor_loss      | -125     |
|    critic_loss     | 12       |
|    ent_coef        | 0.0397   |
|    ent_coef_loss   | -1.83    |
|    learning_rate   | 0.0003   |
|    n_updates       | 164661   |
---------------------------------
---------------------------------
| rollout/           |          |
|    ep_len_mean     | 250      |
|    ep_rew_mean     | 601      |
| time/              |          |
|    episodes        | 1244     |
|    fps             | 246      |
|    time_elapsed    | 711      |
|    total_timesteps | 175732   |
| train/             |          |
|    actor_loss      | -129     |
|    critic_loss     | 10.5     |
|    ent_coef        | 0.0412   |
|    ent_coef_loss   | -0.693   |
|    learning_rate   | 0.0003   |
|    n_updates       | 165731   |
---------------------------------
---------------------------------
| rollout/           |          |
|    ep_len_mean     | 252      |
|    ep_rew_mean     | 608      |
| time/              |          |
|    episodes        | 1248     |
|    fps             | 246      |
|    time_elapsed    | 715      |
|    total_timesteps | 176729   |
| train/             |          |
|    actor_loss      | -129     |
|    critic_loss     | 10.8     |
|    ent_coef        | 0.0407   |
|    ent_coef_loss   | -1.15    |
|    learning_rate   | 0.0003   |
|    n_updates       | 166728   |
---------------------------------
---------------------------------
| rollout/           |          |
|    ep_len_mean     | 252      |
|    ep_rew_mean     | 604      |
| time/              |          |
|    episodes        | 1252     |
|    fps             | 246      |
|    time_elapsed    | 720      |
|    total_timesteps | 177797   |
| train/             |          |
|    actor_loss      | -128     |
|    critic_loss     | 14.8     |
|    ent_coef        | 0.0415   |
|    ent_coef_loss   | 0.791    |
|    learning_rate   | 0.0003   |
|    n_updates       | 167796   |
---------------------------------
---------------------------------
| rollout/           |          |
|    ep_len_mean     | 250      |
|    ep_rew_mean     | 602      |
| time/              |          |
|    episodes        | 1256     |
|    fps             | 246      |
|    time_elapsed    | 723      |
|    total_timesteps | 178591   |
| train/             |          |
|    actor_loss      | -124     |
|    critic_loss     | 14.8     |
|    ent_coef        | 0.0422   |
|    ent_coef_loss   | 0.768    |
|    learning_rate   | 0.0003   |
|    n_updates       | 168590   |
---------------------------------
---------------------------------
| rollout/           |          |
|    ep_len_mean     | 252      |
|    ep_rew_mean     | 610      |
| time/              |          |
|    episodes        | 1260     |
|    fps             | 246      |
|    time_elapsed    | 727      |
|    total_timesteps | 179556   |
| train/             |          |
|    actor_loss      | -128     |
|    critic_loss     | 13.1     |
|    ent_coef        | 0.0416   |
|    ent_coef_loss   | 2.23     |
|    learning_rate   | 0.0003   |
|    n_updates       | 169555   |
---------------------------------
Eval num_timesteps=180000, episode_reward=868.89 +/- 144.51
Episode length: 275.20 +/- 31.21
---------------------------------
| eval/              |          |
|    mean_ep_length  | 275      |
|    mean_reward     | 869      |
| time/              |          |
|    total_timesteps | 180000   |
| train/             |          |
|    actor_loss      | -133     |
|    critic_loss     | 13.4     |
|    ent_coef        | 0.0423   |
|    ent_coef_loss   | -0.711   |
|    learning_rate   | 0.0003   |
|    n_updates       | 169999   |
---------------------------------
---------------------------------
| rollout/           |          |
|    ep_len_mean     | 251      |
|    ep_rew_mean     | 615      |
| time/              |          |
|    episodes        | 1264     |
|    fps             | 246      |
|    time_elapsed    | 732      |
|    total_timesteps | 180567   |
| train/             |          |
|    actor_loss      | -132     |
|    critic_loss     | 12.2     |
|    ent_coef        | 0.0424   |
|    ent_coef_loss   | -0.504   |
|    learning_rate   | 0.0003   |
|    n_updates       | 170566   |
---------------------------------
---------------------------------
| rollout/           |          |
|    ep_len_mean     | 251      |
|    ep_rew_mean     | 622      |
| time/              |          |
|    episodes        | 1268     |
|    fps             | 246      |
|    time_elapsed    | 736      |
|    total_timesteps | 181523   |
| train/             |          |
|    actor_loss      | -135     |
|    critic_loss     | 10.2     |
|    ent_coef        | 0.0416   |
|    ent_coef_loss   | 0.0449   |
|    learning_rate   | 0.0003   |
|    n_updates       | 171522   |
---------------------------------
---------------------------------
| rollout/           |          |
|    ep_len_mean     | 251      |
|    ep_rew_mean     | 628      |
| time/              |          |
|    episodes        | 1272     |
|    fps             | 246      |
|    time_elapsed    | 740      |
|    total_timesteps | 182533   |
| train/             |          |
|    actor_loss      | -131     |
|    critic_loss     | 11.2     |
|    ent_coef        | 0.0406   |
|    ent_coef_loss   | 0.509    |
|    learning_rate   | 0.0003   |
|    n_updates       | 172532   |
---------------------------------
---------------------------------
| rollout/           |          |
|    ep_len_mean     | 249      |
|    ep_rew_mean     | 629      |
| time/              |          |
|    episodes        | 1276     |
|    fps             | 246      |
|    time_elapsed    | 745      |
|    total_timesteps | 183537   |
| train/             |          |
|    actor_loss      | -128     |
|    critic_loss     | 14.7     |
|    ent_coef        | 0.0417   |
|    ent_coef_loss   | 1.78     |
|    learning_rate   | 0.0003   |
|    n_updates       | 173536   |
---------------------------------
---------------------------------
| rollout/           |          |
|    ep_len_mean     | 250      |
|    ep_rew_mean     | 640      |
| time/              |          |
|    episodes        | 1280     |
|    fps             | 246      |
|    time_elapsed    | 749      |
|    total_timesteps | 184602   |
| train/             |          |
|    actor_loss      | -136     |
|    critic_loss     | 11.5     |
|    ent_coef        | 0.0431   |
|    ent_coef_loss   | -0.38    |
|    learning_rate   | 0.0003   |
|    n_updates       | 174601   |
---------------------------------
---------------------------------
| rollout/           |          |
|    ep_len_mean     | 248      |
|    ep_rew_mean     | 644      |
| time/              |          |
|    episodes        | 1284     |
|    fps             | 246      |
|    time_elapsed    | 753      |
|    total_timesteps | 185633   |
| train/             |          |
|    actor_loss      | -131     |
|    critic_loss     | 14.1     |
|    ent_coef        | 0.0433   |
|    ent_coef_loss   | 1.9      |
|    learning_rate   | 0.0003   |
|    n_updates       | 175632   |
---------------------------------
---------------------------------
| rollout/           |          |
|    ep_len_mean     | 246      |
|    ep_rew_mean     | 641      |
| time/              |          |
|    episodes        | 1288     |
|    fps             | 246      |
|    time_elapsed    | 757      |
|    total_timesteps | 186658   |
| train/             |          |
|    actor_loss      | -133     |
|    critic_loss     | 10.1     |
|    ent_coef        | 0.0436   |
|    ent_coef_loss   | -0.488   |
|    learning_rate   | 0.0003   |
|    n_updates       | 176657   |
---------------------------------
---------------------------------
| rollout/           |          |
|    ep_len_mean     | 245      |
|    ep_rew_mean     | 640      |
| time/              |          |
|    episodes        | 1292     |
|    fps             | 246      |
|    time_elapsed    | 762      |
|    total_timesteps | 187653   |
| train/             |          |
|    actor_loss      | -133     |
|    critic_loss     | 15.4     |
|    ent_coef        | 0.0435   |
|    ent_coef_loss   | -0.572   |
|    learning_rate   | 0.0003   |
|    n_updates       | 177652   |
---------------------------------
---------------------------------
| rollout/           |          |
|    ep_len_mean     | 246      |
|    ep_rew_mean     | 646      |
| time/              |          |
|    episodes        | 1296     |
|    fps             | 246      |
|    time_elapsed    | 766      |
|    total_timesteps | 188733   |
| train/             |          |
|    actor_loss      | -131     |
|    critic_loss     | 16.3     |
|    ent_coef        | 0.0429   |
|    ent_coef_loss   | 0.931    |
|    learning_rate   | 0.0003   |
|    n_updates       | 178732   |
---------------------------------
---------------------------------
| rollout/           |          |
|    ep_len_mean     | 246      |
|    ep_rew_mean     | 653      |
| time/              |          |
|    episodes        | 1300     |
|    fps             | 246      |
|    time_elapsed    | 771      |
|    total_timesteps | 189790   |
| train/             |          |
|    actor_loss      | -140     |
|    critic_loss     | 13.3     |
|    ent_coef        | 0.0441   |
|    ent_coef_loss   | 0.0761   |
|    learning_rate   | 0.0003   |
|    n_updates       | 179789   |
---------------------------------
Eval num_timesteps=190000, episode_reward=740.59 +/- 51.58
Episode length: 278.60 +/- 17.34
---------------------------------
| eval/              |          |
|    mean_ep_length  | 279      |
|    mean_reward     | 741      |
| time/              |          |
|    total_timesteps | 190000   |
| train/             |          |
|    actor_loss      | -135     |
|    critic_loss     | 14.3     |
|    ent_coef        | 0.0434   |
|    ent_coef_loss   | 0.4      |
|    learning_rate   | 0.0003   |
|    n_updates       | 179999   |
---------------------------------
---------------------------------
| rollout/           |          |
|    ep_len_mean     | 248      |
|    ep_rew_mean     | 660      |
| time/              |          |
|    episodes        | 1304     |
|    fps             | 245      |
|    time_elapsed    | 776      |
|    total_timesteps | 190820   |
| train/             |          |
|    actor_loss      | -134     |
|    critic_loss     | 12.9     |
|    ent_coef        | 0.0428   |
|    ent_coef_loss   | 2.03     |
|    learning_rate   | 0.0003   |
|    n_updates       | 180819   |
---------------------------------
---------------------------------
| rollout/           |          |
|    ep_len_mean     | 249      |
|    ep_rew_mean     | 665      |
| time/              |          |
|    episodes        | 1308     |
|    fps             | 245      |
|    time_elapsed    | 781      |
|    total_timesteps | 192014   |
| train/             |          |
|    actor_loss      | -137     |
|    critic_loss     | 13       |
|    ent_coef        | 0.0439   |
|    ent_coef_loss   | -0.238   |
|    learning_rate   | 0.0003   |
|    n_updates       | 182013   |
---------------------------------
---------------------------------
| rollout/           |          |
|    ep_len_mean     | 252      |
|    ep_rew_mean     | 675      |
| time/              |          |
|    episodes        | 1312     |
|    fps             | 245      |
|    time_elapsed    | 786      |
|    total_timesteps | 193251   |
| train/             |          |
|    actor_loss      | -138     |
|    critic_loss     | 12.8     |
|    ent_coef        | 0.0439   |
|    ent_coef_loss   | 1.2      |
|    learning_rate   | 0.0003   |
|    n_updates       | 183250   |
---------------------------------
---------------------------------
| rollout/           |          |
|    ep_len_mean     | 258      |
|    ep_rew_mean     | 699      |
| time/              |          |
|    episodes        | 1316     |
|    fps             | 245      |
|    time_elapsed    | 792      |
|    total_timesteps | 194680   |
| train/             |          |
|    actor_loss      | -140     |
|    critic_loss     | 11.5     |
|    ent_coef        | 0.0435   |
|    ent_coef_loss   | 1.39     |
|    learning_rate   | 0.0003   |
|    n_updates       | 184679   |
---------------------------------
---------------------------------
| rollout/           |          |
|    ep_len_mean     | 259      |
|    ep_rew_mean     | 704      |
| time/              |          |
|    episodes        | 1320     |
|    fps             | 245      |
|    time_elapsed    | 797      |
|    total_timesteps | 195878   |
| train/             |          |
|    actor_loss      | -141     |
|    critic_loss     | 12.9     |
|    ent_coef        | 0.0446   |
|    ent_coef_loss   | -2.08    |
|    learning_rate   | 0.0003   |
|    n_updates       | 185877   |
---------------------------------
---------------------------------
| rollout/           |          |
|    ep_len_mean     | 266      |
|    ep_rew_mean     | 731      |
| time/              |          |
|    episodes        | 1324     |
|    fps             | 245      |
|    time_elapsed    | 804      |
|    total_timesteps | 197359   |
| train/             |          |
|    actor_loss      | -139     |
|    critic_loss     | 14.3     |
|    ent_coef        | 0.0453   |
|    ent_coef_loss   | -0.446   |
|    learning_rate   | 0.0003   |
|    n_updates       | 187358   |
---------------------------------
---------------------------------
| rollout/           |          |
|    ep_len_mean     | 266      |
|    ep_rew_mean     | 741      |
| time/              |          |
|    episodes        | 1328     |
|    fps             | 245      |
|    time_elapsed    | 809      |
|    total_timesteps | 198595   |
| train/             |          |
|    actor_loss      | -142     |
|    critic_loss     | 12       |
|    ent_coef        | 0.044    |
|    ent_coef_loss   | -0.789   |
|    learning_rate   | 0.0003   |
|    n_updates       | 188594   |
---------------------------------
---------------------------------
| rollout/           |          |
|    ep_len_mean     | 269      |
|    ep_rew_mean     | 750      |
| time/              |          |
|    episodes        | 1332     |
|    fps             | 245      |
|    time_elapsed    | 814      |
|    total_timesteps | 199772   |
| train/             |          |
|    actor_loss      | -138     |
|    critic_loss     | 14.5     |
|    ent_coef        | 0.0453   |
|    ent_coef_loss   | -0.721   |
|    learning_rate   | 0.0003   |
|    n_updates       | 189771   |
---------------------------------
Eval num_timesteps=200000, episode_reward=1245.62 +/- 170.42
Episode length: 418.70 +/- 56.83
---------------------------------
| eval/              |          |
|    mean_ep_length  | 419      |
|    mean_reward     | 1.25e+03 |
| time/              |          |
|    total_timesteps | 200000   |
| train/             |          |
|    actor_loss      | -142     |
|    critic_loss     | 16.8     |
|    ent_coef        | 0.0447   |
|    ent_coef_loss   | -0.589   |
|    learning_rate   | 0.0003   |
|    n_updates       | 189999   |
---------------------------------
New best mean reward!
---------------------------------
| rollout/           |          |
|    ep_len_mean     | 270      |
|    ep_rew_mean     | 756      |
| time/              |          |
|    episodes        | 1336     |
|    fps             | 244      |
|    time_elapsed    | 820      |
|    total_timesteps | 200810   |
| train/             |          |
|    actor_loss      | -140     |
|    critic_loss     | 16       |
|    ent_coef        | 0.0453   |
|    ent_coef_loss   | 0.981    |
|    learning_rate   | 0.0003   |
|    n_updates       | 190809   |
---------------------------------
---------------------------------
| rollout/           |          |
|    ep_len_mean     | 274      |
|    ep_rew_mean     | 774      |
| time/              |          |
|    episodes        | 1340     |
|    fps             | 244      |
|    time_elapsed    | 825      |
|    total_timesteps | 202109   |
| train/             |          |
|    actor_loss      | -147     |
|    critic_loss     | 9.8      |
|    ent_coef        | 0.0464   |
|    ent_coef_loss   | 0.133    |
|    learning_rate   | 0.0003   |
|    n_updates       | 192108   |
---------------------------------
---------------------------------
| rollout/           |          |
|    ep_len_mean     | 277      |
|    ep_rew_mean     | 791      |
| time/              |          |
|    episodes        | 1344     |
|    fps             | 244      |
|    time_elapsed    | 831      |
|    total_timesteps | 203477   |
| train/             |          |
|    actor_loss      | -141     |
|    critic_loss     | 18       |
|    ent_coef        | 0.0453   |
|    ent_coef_loss   | 1.28     |
|    learning_rate   | 0.0003   |
|    n_updates       | 193476   |
---------------------------------
---------------------------------
| rollout/           |          |
|    ep_len_mean     | 278      |
|    ep_rew_mean     | 793      |
| time/              |          |
|    episodes        | 1348     |
|    fps             | 244      |
|    time_elapsed    | 836      |
|    total_timesteps | 204485   |
| train/             |          |
|    actor_loss      | -147     |
|    critic_loss     | 11.1     |
|    ent_coef        | 0.0462   |
|    ent_coef_loss   | -0.318   |
|    learning_rate   | 0.0003   |
|    n_updates       | 194484   |
---------------------------------
---------------------------------
| rollout/           |          |
|    ep_len_mean     | 279      |
|    ep_rew_mean     | 802      |
| time/              |          |
|    episodes        | 1352     |
|    fps             | 244      |
|    time_elapsed    | 841      |
|    total_timesteps | 205649   |
| train/             |          |
|    actor_loss      | -151     |
|    critic_loss     | 13.9     |
|    ent_coef        | 0.0478   |
|    ent_coef_loss   | 0.11     |
|    learning_rate   | 0.0003   |
|    n_updates       | 195648   |
---------------------------------
---------------------------------
| rollout/           |          |
|    ep_len_mean     | 282      |
|    ep_rew_mean     | 816      |
| time/              |          |
|    episodes        | 1356     |
|    fps             | 244      |
|    time_elapsed    | 845      |
|    total_timesteps | 206761   |
| train/             |          |
|    actor_loss      | -149     |
|    critic_loss     | 16.3     |
|    ent_coef        | 0.0473   |
|    ent_coef_loss   | -0.15    |
|    learning_rate   | 0.0003   |
|    n_updates       | 196760   |
---------------------------------
---------------------------------
| rollout/           |          |
|    ep_len_mean     | 283      |
|    ep_rew_mean     | 824      |
| time/              |          |
|    episodes        | 1360     |
|    fps             | 244      |
|    time_elapsed    | 850      |
|    total_timesteps | 207855   |
| train/             |          |
|    actor_loss      | -148     |
|    critic_loss     | 13.9     |
|    ent_coef        | 0.0486   |
|    ent_coef_loss   | 0.459    |
|    learning_rate   | 0.0003   |
|    n_updates       | 197854   |
---------------------------------
---------------------------------
| rollout/           |          |
|    ep_len_mean     | 283      |
|    ep_rew_mean     | 827      |
| time/              |          |
|    episodes        | 1364     |
|    fps             | 244      |
|    time_elapsed    | 855      |
|    total_timesteps | 208875   |
| train/             |          |
|    actor_loss      | -142     |
|    critic_loss     | 15.4     |
|    ent_coef        | 0.0496   |
|    ent_coef_loss   | 0.424    |
|    learning_rate   | 0.0003   |
|    n_updates       | 198874   |
---------------------------------
---------------------------------
| rollout/           |          |
|    ep_len_mean     | 284      |
|    ep_rew_mean     | 829      |
| time/              |          |
|    episodes        | 1368     |
|    fps             | 244      |
|    time_elapsed    | 859      |
|    total_timesteps | 209878   |
| train/             |          |
|    actor_loss      | -146     |
|    critic_loss     | 14       |
|    ent_coef        | 0.0482   |
|    ent_coef_loss   | -2.46    |
|    learning_rate   | 0.0003   |
|    n_updates       | 199877   |
---------------------------------
Eval num_timesteps=210000, episode_reward=600.23 +/- 276.27
Episode length: 200.50 +/- 67.88
---------------------------------
| eval/              |          |
|    mean_ep_length  | 200      |
|    mean_reward     | 600      |
| time/              |          |
|    total_timesteps | 210000   |
| train/             |          |
|    actor_loss      | -144     |
|    critic_loss     | 17.6     |
|    ent_coef        | 0.0481   |
|    ent_coef_loss   | 0.217    |
|    learning_rate   | 0.0003   |
|    n_updates       | 199999   |
---------------------------------
---------------------------------
| rollout/           |          |
|    ep_len_mean     | 284      |
|    ep_rew_mean     | 835      |
| time/              |          |
|    episodes        | 1372     |
|    fps             | 244      |
|    time_elapsed    | 864      |
|    total_timesteps | 210945   |
| train/             |          |
|    actor_loss      | -151     |
|    critic_loss     | 12.2     |
|    ent_coef        | 0.0492   |
|    ent_coef_loss   | 1.37     |
|    learning_rate   | 0.0003   |
|    n_updates       | 200944   |
---------------------------------
---------------------------------
| rollout/           |          |
|    ep_len_mean     | 287      |
|    ep_rew_mean     | 843      |
| time/              |          |
|    episodes        | 1376     |
|    fps             | 244      |
|    time_elapsed    | 869      |
|    total_timesteps | 212205   |
| train/             |          |
|    actor_loss      | -147     |
|    critic_loss     | 16.8     |
|    ent_coef        | 0.0484   |
|    ent_coef_loss   | -0.377   |
|    learning_rate   | 0.0003   |
|    n_updates       | 202204   |
---------------------------------
---------------------------------
| rollout/           |          |
|    ep_len_mean     | 291      |
|    ep_rew_mean     | 863      |
| time/              |          |
|    episodes        | 1380     |
|    fps             | 243      |
|    time_elapsed    | 876      |
|    total_timesteps | 213745   |
| train/             |          |
|    actor_loss      | -150     |
|    critic_loss     | 14.4     |
|    ent_coef        | 0.0498   |
|    ent_coef_loss   | -0.278   |
|    learning_rate   | 0.0003   |
|    n_updates       | 203744   |
---------------------------------
---------------------------------
| rollout/           |          |
|    ep_len_mean     | 293      |
|    ep_rew_mean     | 870      |
| time/              |          |
|    episodes        | 1384     |
|    fps             | 243      |
|    time_elapsed    | 880      |
|    total_timesteps | 214890   |
| train/             |          |
|    actor_loss      | -156     |
|    critic_loss     | 13.9     |
|    ent_coef        | 0.0497   |
|    ent_coef_loss   | 1.39     |
|    learning_rate   | 0.0003   |
|    n_updates       | 204889   |
---------------------------------
---------------------------------
| rollout/           |          |
|    ep_len_mean     | 298      |
|    ep_rew_mean     | 892      |
| time/              |          |
|    episodes        | 1388     |
|    fps             | 243      |
|    time_elapsed    | 887      |
|    total_timesteps | 216457   |
| train/             |          |
|    actor_loss      | -151     |
|    critic_loss     | 23.9     |
|    ent_coef        | 0.0494   |
|    ent_coef_loss   | 1.98     |
|    learning_rate   | 0.0003   |
|    n_updates       | 206456   |
---------------------------------
---------------------------------
| rollout/           |          |
|    ep_len_mean     | 304      |
|    ep_rew_mean     | 919      |
| time/              |          |
|    episodes        | 1392     |
|    fps             | 243      |
|    time_elapsed    | 894      |
|    total_timesteps | 218006   |
| train/             |          |
|    actor_loss      | -155     |
|    critic_loss     | 17.1     |
|    ent_coef        | 0.0496   |
|    ent_coef_loss   | 0.202    |
|    learning_rate   | 0.0003   |
|    n_updates       | 208005   |
---------------------------------
---------------------------------
| rollout/           |          |
|    ep_len_mean     | 307      |
|    ep_rew_mean     | 931      |
| time/              |          |
|    episodes        | 1396     |
|    fps             | 243      |
|    time_elapsed    | 900      |
|    total_timesteps | 219439   |
| train/             |          |
|    actor_loss      | -154     |
|    critic_loss     | 14       |
|    ent_coef        | 0.0507   |
|    ent_coef_loss   | 1.57     |
|    learning_rate   | 0.0003   |
|    n_updates       | 209438   |
---------------------------------
Eval num_timesteps=220000, episode_reward=1086.90 +/- 131.91
Episode length: 366.30 +/- 35.07
---------------------------------
| eval/              |          |
|    mean_ep_length  | 366      |
|    mean_reward     | 1.09e+03 |
| time/              |          |
|    total_timesteps | 220000   |
| train/             |          |
|    actor_loss      | -156     |
|    critic_loss     | 12       |
|    ent_coef        | 0.0509   |
|    ent_coef_loss   | -1.23    |
|    learning_rate   | 0.0003   |
|    n_updates       | 209999   |
---------------------------------
---------------------------------
| rollout/           |          |
|    ep_len_mean     | 312      |
|    ep_rew_mean     | 951      |
| time/              |          |
|    episodes        | 1400     |
|    fps             | 243      |
|    time_elapsed    | 907      |
|    total_timesteps | 220992   |
| train/             |          |
|    actor_loss      | -160     |
|    critic_loss     | 14.1     |
|    ent_coef        | 0.0513   |
|    ent_coef_loss   | 0.26     |
|    learning_rate   | 0.0003   |
|    n_updates       | 210991   |
---------------------------------
---------------------------------
| rollout/           |          |
|    ep_len_mean     | 315      |
|    ep_rew_mean     | 962      |
| time/              |          |
|    episodes        | 1404     |
|    fps             | 243      |
|    time_elapsed    | 913      |
|    total_timesteps | 222271   |
| train/             |          |
|    actor_loss      | -157     |
|    critic_loss     | 9.89     |
|    ent_coef        | 0.0508   |
|    ent_coef_loss   | -0.231   |
|    learning_rate   | 0.0003   |
|    n_updates       | 212270   |
---------------------------------
---------------------------------
| rollout/           |          |
|    ep_len_mean     | 317      |
|    ep_rew_mean     | 977      |
| time/              |          |
|    episodes        | 1408     |
|    fps             | 243      |
|    time_elapsed    | 919      |
|    total_timesteps | 223743   |
| train/             |          |
|    actor_loss      | -157     |
|    critic_loss     | 17.7     |
|    ent_coef        | 0.0506   |
|    ent_coef_loss   | 0.973    |
|    learning_rate   | 0.0003   |
|    n_updates       | 213742   |
---------------------------------
---------------------------------
| rollout/           |          |
|    ep_len_mean     | 315      |
|    ep_rew_mean     | 976      |
| time/              |          |
|    episodes        | 1412     |
|    fps             | 243      |
|    time_elapsed    | 923      |
|    total_timesteps | 224779   |
| train/             |          |
|    actor_loss      | -154     |
|    critic_loss     | 16.9     |
|    ent_coef        | 0.054    |
|    ent_coef_loss   | 0.459    |
|    learning_rate   | 0.0003   |
|    n_updates       | 214778   |
---------------------------------
---------------------------------
| rollout/           |          |
|    ep_len_mean     | 313      |
|    ep_rew_mean     | 969      |
| time/              |          |
|    episodes        | 1416     |
|    fps             | 243      |
|    time_elapsed    | 928      |
|    total_timesteps | 225932   |
| train/             |          |
|    actor_loss      | -156     |
|    critic_loss     | 19       |
|    ent_coef        | 0.0536   |
|    ent_coef_loss   | -0.242   |
|    learning_rate   | 0.0003   |
|    n_updates       | 215931   |
---------------------------------
---------------------------------
| rollout/           |          |
|    ep_len_mean     | 312      |
|    ep_rew_mean     | 970      |
| time/              |          |
|    episodes        | 1420     |
|    fps             | 243      |
|    time_elapsed    | 933      |
|    total_timesteps | 227128   |
| train/             |          |
|    actor_loss      | -163     |
|    critic_loss     | 14.3     |
|    ent_coef        | 0.0539   |
|    ent_coef_loss   | -0.565   |
|    learning_rate   | 0.0003   |
|    n_updates       | 217127   |
---------------------------------
---------------------------------
| rollout/           |          |
|    ep_len_mean     | 309      |
|    ep_rew_mean     | 956      |
| time/              |          |
|    episodes        | 1424     |
|    fps             | 243      |
|    time_elapsed    | 938      |
|    total_timesteps | 228224   |
| train/             |          |
|    actor_loss      | -159     |
|    critic_loss     | 14.3     |
|    ent_coef        | 0.0545   |
|    ent_coef_loss   | -0.231   |
|    learning_rate   | 0.0003   |
|    n_updates       | 218223   |
---------------------------------
---------------------------------
| rollout/           |          |
|    ep_len_mean     | 313      |
|    ep_rew_mean     | 974      |
| time/              |          |
|    episodes        | 1428     |
|    fps             | 243      |
|    time_elapsed    | 945      |
|    total_timesteps | 229887   |
| train/             |          |
|    actor_loss      | -154     |
|    critic_loss     | 22.5     |
|    ent_coef        | 0.0563   |
|    ent_coef_loss   | -0.143   |
|    learning_rate   | 0.0003   |
|    n_updates       | 219886   |
---------------------------------
Eval num_timesteps=230000, episode_reward=1747.54 +/- 515.78
Episode length: 497.00 +/- 134.88
---------------------------------
| eval/              |          |
|    mean_ep_length  | 497      |
|    mean_reward     | 1.75e+03 |
| time/              |          |
|    total_timesteps | 230000   |
| train/             |          |
|    actor_loss      | -157     |
|    critic_loss     | 17.9     |
|    ent_coef        | 0.0553   |
|    ent_coef_loss   | -0.566   |
|    learning_rate   | 0.0003   |
|    n_updates       | 219999   |
---------------------------------
New best mean reward!
---------------------------------
| rollout/           |          |
|    ep_len_mean     | 311      |
|    ep_rew_mean     | 973      |
| time/              |          |
|    episodes        | 1432     |
|    fps             | 242      |
|    time_elapsed    | 950      |
|    total_timesteps | 230918   |
| train/             |          |
|    actor_loss      | -163     |
|    critic_loss     | 15.8     |
|    ent_coef        | 0.0555   |
|    ent_coef_loss   | -1.46    |
|    learning_rate   | 0.0003   |
|    n_updates       | 220917   |
---------------------------------
---------------------------------
| rollout/           |          |
|    ep_len_mean     | 314      |
|    ep_rew_mean     | 987      |
| time/              |          |
|    episodes        | 1436     |
|    fps             | 242      |
|    time_elapsed    | 956      |
|    total_timesteps | 232256   |
| train/             |          |
|    actor_loss      | -161     |
|    critic_loss     | 14.2     |
|    ent_coef        | 0.0568   |
|    ent_coef_loss   | 0.127    |
|    learning_rate   | 0.0003   |
|    n_updates       | 222255   |
---------------------------------
---------------------------------
| rollout/           |          |
|    ep_len_mean     | 314      |
|    ep_rew_mean     | 986      |
| time/              |          |
|    episodes        | 1440     |
|    fps             | 242      |
|    time_elapsed    | 961      |
|    total_timesteps | 233463   |
| train/             |          |
|    actor_loss      | -159     |
|    critic_loss     | 13.4     |
|    ent_coef        | 0.0556   |
|    ent_coef_loss   | -1.47    |
|    learning_rate   | 0.0003   |
|    n_updates       | 223462   |
---------------------------------
---------------------------------
| rollout/           |          |
|    ep_len_mean     | 316      |
|    ep_rew_mean     | 998      |
| time/              |          |
|    episodes        | 1444     |
|    fps             | 242      |
|    time_elapsed    | 968      |
|    total_timesteps | 235067   |
| train/             |          |
|    actor_loss      | -162     |
|    critic_loss     | 13.2     |
|    ent_coef        | 0.0557   |
|    ent_coef_loss   | -0.311   |
|    learning_rate   | 0.0003   |
|    n_updates       | 225066   |
---------------------------------
---------------------------------
| rollout/           |          |
|    ep_len_mean     | 317      |
|    ep_rew_mean     | 1e+03    |
| time/              |          |
|    episodes        | 1448     |
|    fps             | 242      |
|    time_elapsed    | 973      |
|    total_timesteps | 236172   |
| train/             |          |
|    actor_loss      | -162     |
|    critic_loss     | 13.1     |
|    ent_coef        | 0.058    |
|    ent_coef_loss   | 0.856    |
|    learning_rate   | 0.0003   |
|    n_updates       | 226171   |
---------------------------------
---------------------------------
| rollout/           |          |
|    ep_len_mean     | 321      |
|    ep_rew_mean     | 1.02e+03 |
| time/              |          |
|    episodes        | 1452     |
|    fps             | 242      |
|    time_elapsed    | 980      |
|    total_timesteps | 237791   |
| train/             |          |
|    actor_loss      | -164     |
|    critic_loss     | 16.7     |
|    ent_coef        | 0.0569   |
|    ent_coef_loss   | -0.331   |
|    learning_rate   | 0.0003   |
|    n_updates       | 227790   |
---------------------------------
---------------------------------
| rollout/           |          |
|    ep_len_mean     | 328      |
|    ep_rew_mean     | 1.04e+03 |
| time/              |          |
|    episodes        | 1456     |
|    fps             | 242      |
|    time_elapsed    | 987      |
|    total_timesteps | 239547   |
| train/             |          |
|    actor_loss      | -162     |
|    critic_loss     | 12       |
|    ent_coef        | 0.0561   |
|    ent_coef_loss   | 0.521    |
|    learning_rate   | 0.0003   |
|    n_updates       | 229546   |
---------------------------------
Eval num_timesteps=240000, episode_reward=1100.00 +/- 248.49
Episode length: 358.10 +/- 58.84
---------------------------------
| eval/              |          |
|    mean_ep_length  | 358      |
|    mean_reward     | 1.1e+03  |
| time/              |          |
|    total_timesteps | 240000   |
| train/             |          |
|    actor_loss      | -166     |
|    critic_loss     | 13.5     |
|    ent_coef        | 0.0563   |
|    ent_coef_loss   | 0.451    |
|    learning_rate   | 0.0003   |
|    n_updates       | 229999   |
---------------------------------
---------------------------------
| rollout/           |          |
|    ep_len_mean     | 334      |
|    ep_rew_mean     | 1.07e+03 |
| time/              |          |
|    episodes        | 1460     |
|    fps             | 242      |
|    time_elapsed    | 995      |
|    total_timesteps | 241251   |
| train/             |          |
|    actor_loss      | -158     |
|    critic_loss     | 15.7     |
|    ent_coef        | 0.0567   |
|    ent_coef_loss   | 1.13     |
|    learning_rate   | 0.0003   |
|    n_updates       | 231250   |
---------------------------------
---------------------------------
| rollout/           |          |
|    ep_len_mean     | 339      |
|    ep_rew_mean     | 1.09e+03 |
| time/              |          |
|    episodes        | 1464     |
|    fps             | 242      |
|    time_elapsed    | 1002     |
|    total_timesteps | 242815   |
| train/             |          |
|    actor_loss      | -164     |
|    critic_loss     | 15.9     |
|    ent_coef        | 0.0582   |
|    ent_coef_loss   | 0.893    |
|    learning_rate   | 0.0003   |
|    n_updates       | 232814   |
---------------------------------
---------------------------------
| rollout/           |          |
|    ep_len_mean     | 345      |
|    ep_rew_mean     | 1.1e+03  |
| time/              |          |
|    episodes        | 1468     |
|    fps             | 242      |
|    time_elapsed    | 1008     |
|    total_timesteps | 244370   |
| train/             |          |
|    actor_loss      | -163     |
|    critic_loss     | 49.1     |
|    ent_coef        | 0.0576   |
|    ent_coef_loss   | 1.25     |
|    learning_rate   | 0.0003   |
|    n_updates       | 234369   |
---------------------------------
---------------------------------
| rollout/           |          |
|    ep_len_mean     | 347      |
|    ep_rew_mean     | 1.11e+03 |
| time/              |          |
|    episodes        | 1472     |
|    fps             | 242      |
|    time_elapsed    | 1014     |
|    total_timesteps | 245664   |
| train/             |          |
|    actor_loss      | -167     |
|    critic_loss     | 11.7     |
|    ent_coef        | 0.0572   |
|    ent_coef_loss   | 0.404    |
|    learning_rate   | 0.0003   |
|    n_updates       | 235663   |
---------------------------------
---------------------------------
| rollout/           |          |
|    ep_len_mean     | 345      |
|    ep_rew_mean     | 1.11e+03 |
| time/              |          |
|    episodes        | 1476     |
|    fps             | 242      |
|    time_elapsed    | 1018     |
|    total_timesteps | 246704   |
| train/             |          |
|    actor_loss      | -165     |
|    critic_loss     | 16.6     |
|    ent_coef        | 0.0576   |
|    ent_coef_loss   | -0.00655 |
|    learning_rate   | 0.0003   |
|    n_updates       | 236703   |
---------------------------------
---------------------------------
| rollout/           |          |
|    ep_len_mean     | 345      |
|    ep_rew_mean     | 1.1e+03  |
| time/              |          |
|    episodes        | 1480     |
|    fps             | 242      |
|    time_elapsed    | 1025     |
|    total_timesteps | 248203   |
| train/             |          |
|    actor_loss      | -163     |
|    critic_loss     | 14.5     |
|    ent_coef        | 0.0578   |
|    ent_coef_loss   | 1.47     |
|    learning_rate   | 0.0003   |
|    n_updates       | 238202   |
---------------------------------
---------------------------------
| rollout/           |          |
|    ep_len_mean     | 349      |
|    ep_rew_mean     | 1.11e+03 |
| time/              |          |
|    episodes        | 1484     |
|    fps             | 241      |
|    time_elapsed    | 1032     |
|    total_timesteps | 249787   |
| train/             |          |
|    actor_loss      | -160     |
|    critic_loss     | 15.3     |
|    ent_coef        | 0.059    |
|    ent_coef_loss   | -1.66    |
|    learning_rate   | 0.0003   |
|    n_updates       | 239786   |
---------------------------------
Eval num_timesteps=250000, episode_reward=1449.69 +/- 249.18
Episode length: 421.80 +/- 68.08
---------------------------------
| eval/              |          |
|    mean_ep_length  | 422      |
|    mean_reward     | 1.45e+03 |
| time/              |          |
|    total_timesteps | 250000   |
| train/             |          |
|    actor_loss      | -166     |
|    critic_loss     | 14.5     |
|    ent_coef        | 0.0602   |
|    ent_coef_loss   | 0.654    |
|    learning_rate   | 0.0003   |
|    n_updates       | 239999   |
---------------------------------
---------------------------------
| rollout/           |          |
|    ep_len_mean     | 357      |
|    ep_rew_mean     | 1.14e+03 |
| time/              |          |
|    episodes        | 1488     |
|    fps             | 241      |
|    time_elapsed    | 1043     |
|    total_timesteps | 252155   |
| train/             |          |
|    actor_loss      | -171     |
|    critic_loss     | 26.6     |
|    ent_coef        | 0.0584   |
|    ent_coef_loss   | -1.97    |
|    learning_rate   | 0.0003   |
|    n_updates       | 242154   |
---------------------------------
---------------------------------
| rollout/           |          |
|    ep_len_mean     | 359      |
|    ep_rew_mean     | 1.15e+03 |
| time/              |          |
|    episodes        | 1492     |
|    fps             | 241      |
|    time_elapsed    | 1050     |
|    total_timesteps | 253880   |
| train/             |          |
|    actor_loss      | -172     |
|    critic_loss     | 26.4     |
|    ent_coef        | 0.0594   |
|    ent_coef_loss   | 1.64     |
|    learning_rate   | 0.0003   |
|    n_updates       | 243879   |
---------------------------------
---------------------------------
| rollout/           |          |
|    ep_len_mean     | 368      |
|    ep_rew_mean     | 1.18e+03 |
| time/              |          |
|    episodes        | 1496     |
|    fps             | 241      |
|    time_elapsed    | 1060     |
|    total_timesteps | 256237   |
| train/             |          |
|    actor_loss      | -168     |
|    critic_loss     | 16.9     |
|    ent_coef        | 0.0595   |
|    ent_coef_loss   | 0.721    |
|    learning_rate   | 0.0003   |
|    n_updates       | 246236   |
---------------------------------
---------------------------------
| rollout/           |          |
|    ep_len_mean     | 369      |
|    ep_rew_mean     | 1.19e+03 |
| time/              |          |
|    episodes        | 1500     |
|    fps             | 241      |
|    time_elapsed    | 1067     |
|    total_timesteps | 257909   |
| train/             |          |
|    actor_loss      | -170     |
|    critic_loss     | 14.8     |
|    ent_coef        | 0.0598   |
|    ent_coef_loss   | -0.285   |
|    learning_rate   | 0.0003   |
|    n_updates       | 247908   |
---------------------------------
Eval num_timesteps=260000, episode_reward=1937.08 +/- 871.52
Episode length: 636.00 +/- 255.76
---------------------------------
| eval/              |          |
|    mean_ep_length  | 636      |
|    mean_reward     | 1.94e+03 |
| time/              |          |
|    total_timesteps | 260000   |
| train/             |          |
|    actor_loss      | -170     |
|    critic_loss     | 12.4     |
|    ent_coef        | 0.0601   |
|    ent_coef_loss   | 0.28     |
|    learning_rate   | 0.0003   |
|    n_updates       | 249999   |
---------------------------------
New best mean reward!
---------------------------------
| rollout/           |          |
|    ep_len_mean     | 381      |
|    ep_rew_mean     | 1.23e+03 |
| time/              |          |
|    episodes        | 1504     |
|    fps             | 241      |
|    time_elapsed    | 1079     |
|    total_timesteps | 260379   |
| train/             |          |
|    actor_loss      | -166     |
|    critic_loss     | 14.2     |
|    ent_coef        | 0.0613   |
|    ent_coef_loss   | -1.36    |
|    learning_rate   | 0.0003   |
|    n_updates       | 250378   |
---------------------------------
---------------------------------
| rollout/           |          |
|    ep_len_mean     | 388      |
|    ep_rew_mean     | 1.26e+03 |
| time/              |          |
|    episodes        | 1508     |
|    fps             | 241      |
|    time_elapsed    | 1089     |
|    total_timesteps | 262573   |
| train/             |          |
|    actor_loss      | -173     |
|    critic_loss     | 18.6     |
|    ent_coef        | 0.063    |
|    ent_coef_loss   | -0.848   |
|    learning_rate   | 0.0003   |
|    n_updates       | 252572   |
---------------------------------
---------------------------------
| rollout/           |          |
|    ep_len_mean     | 414      |
|    ep_rew_mean     | 1.34e+03 |
| time/              |          |
|    episodes        | 1512     |
|    fps             | 240      |
|    time_elapsed    | 1104     |
|    total_timesteps | 266198   |
| train/             |          |
|    actor_loss      | -174     |
|    critic_loss     | 12.2     |
|    ent_coef        | 0.0619   |
|    ent_coef_loss   | -0.841   |
|    learning_rate   | 0.0003   |
|    n_updates       | 256197   |
---------------------------------
---------------------------------
| rollout/           |          |
|    ep_len_mean     | 430      |
|    ep_rew_mean     | 1.4e+03  |
| time/              |          |
|    episodes        | 1516     |
|    fps             | 240      |
|    time_elapsed    | 1116     |
|    total_timesteps | 268951   |
| train/             |          |
|    actor_loss      | -173     |
|    critic_loss     | 34.9     |
|    ent_coef        | 0.0632   |
|    ent_coef_loss   | -0.732   |
|    learning_rate   | 0.0003   |
|    n_updates       | 258950   |
---------------------------------
Eval num_timesteps=270000, episode_reward=1052.49 +/- 192.13
Episode length: 317.90 +/- 39.45
---------------------------------
| eval/              |          |
|    mean_ep_length  | 318      |
|    mean_reward     | 1.05e+03 |
| time/              |          |
|    total_timesteps | 270000   |
| train/             |          |
|    actor_loss      | -174     |
|    critic_loss     | 14.2     |
|    ent_coef        | 0.0634   |
|    ent_coef_loss   | -0.245   |
|    learning_rate   | 0.0003   |
|    n_updates       | 259999   |
---------------------------------
---------------------------------
| rollout/           |          |
|    ep_len_mean     | 446      |
|    ep_rew_mean     | 1.46e+03 |
| time/              |          |
|    episodes        | 1520     |
|    fps             | 240      |
|    time_elapsed    | 1128     |
|    total_timesteps | 271727   |
| train/             |          |
|    actor_loss      | -176     |
|    critic_loss     | 13.5     |
|    ent_coef        | 0.065    |
|    ent_coef_loss   | 1.38     |
|    learning_rate   | 0.0003   |
|    n_updates       | 261726   |
---------------------------------
---------------------------------
| rollout/           |          |
|    ep_len_mean     | 458      |
|    ep_rew_mean     | 1.5e+03  |
| time/              |          |
|    episodes        | 1524     |
|    fps             | 240      |
|    time_elapsed    | 1137     |
|    total_timesteps | 274036   |
| train/             |          |
|    actor_loss      | -183     |
|    critic_loss     | 11.8     |
|    ent_coef        | 0.0649   |
|    ent_coef_loss   | -0.193   |
|    learning_rate   | 0.0003   |
|    n_updates       | 264035   |
---------------------------------
---------------------------------
| rollout/           |          |
|    ep_len_mean     | 456      |
|    ep_rew_mean     | 1.5e+03  |
| time/              |          |
|    episodes        | 1528     |
|    fps             | 240      |
|    time_elapsed    | 1144     |
|    total_timesteps | 275524   |
| train/             |          |
|    actor_loss      | -174     |
|    critic_loss     | 18.5     |
|    ent_coef        | 0.0645   |
|    ent_coef_loss   | 2.23     |
|    learning_rate   | 0.0003   |
|    n_updates       | 265523   |
---------------------------------
---------------------------------
| rollout/           |          |
|    ep_len_mean     | 476      |
|    ep_rew_mean     | 1.56e+03 |
| time/              |          |
|    episodes        | 1532     |
|    fps             | 240      |
|    time_elapsed    | 1157     |
|    total_timesteps | 278479   |
| train/             |          |
|    actor_loss      | -174     |
|    critic_loss     | 16.8     |
|    ent_coef        | 0.0658   |
|    ent_coef_loss   | -0.579   |
|    learning_rate   | 0.0003   |
|    n_updates       | 268478   |
---------------------------------
Eval num_timesteps=280000, episode_reward=2352.28 +/- 854.19
Episode length: 667.40 +/- 239.92
---------------------------------
| eval/              |          |
|    mean_ep_length  | 667      |
|    mean_reward     | 2.35e+03 |
| time/              |          |
|    total_timesteps | 280000   |
| train/             |          |
|    actor_loss      | -180     |
|    critic_loss     | 14.4     |
|    ent_coef        | 0.0648   |
|    ent_coef_loss   | 0.855    |
|    learning_rate   | 0.0003   |
|    n_updates       | 269999   |
---------------------------------
New best mean reward!
---------------------------------
| rollout/           |          |
|    ep_len_mean     | 494      |
|    ep_rew_mean     | 1.63e+03 |
| time/              |          |
|    episodes        | 1536     |
|    fps             | 240      |
|    time_elapsed    | 1172     |
|    total_timesteps | 281673   |
| train/             |          |
|    actor_loss      | -180     |
|    critic_loss     | 14.4     |
|    ent_coef        | 0.0647   |
|    ent_coef_loss   | 0.976    |
|    learning_rate   | 0.0003   |
|    n_updates       | 271672   |
---------------------------------
---------------------------------
| rollout/           |          |
|    ep_len_mean     | 504      |
|    ep_rew_mean     | 1.66e+03 |
| time/              |          |
|    episodes        | 1540     |
|    fps             | 240      |
|    time_elapsed    | 1181     |
|    total_timesteps | 283817   |
| train/             |          |
|    actor_loss      | -181     |
|    critic_loss     | 15.6     |
|    ent_coef        | 0.0637   |
|    ent_coef_loss   | 1.49     |
|    learning_rate   | 0.0003   |
|    n_updates       | 273816   |
---------------------------------
---------------------------------
| rollout/           |          |
|    ep_len_mean     | 511      |
|    ep_rew_mean     | 1.69e+03 |
| time/              |          |
|    episodes        | 1544     |
|    fps             | 240      |
|    time_elapsed    | 1191     |
|    total_timesteps | 286210   |
| train/             |          |
|    actor_loss      | -189     |
|    critic_loss     | 14.8     |
|    ent_coef        | 0.0638   |
|    ent_coef_loss   | -0.71    |
|    learning_rate   | 0.0003   |
|    n_updates       | 276209   |
---------------------------------
---------------------------------
| rollout/           |          |
|    ep_len_mean     | 521      |
|    ep_rew_mean     | 1.72e+03 |
| time/              |          |
|    episodes        | 1548     |
|    fps             | 240      |
|    time_elapsed    | 1200     |
|    total_timesteps | 288248   |
| train/             |          |
|    actor_loss      | -186     |
|    critic_loss     | 14.9     |
|    ent_coef        | 0.0666   |
|    ent_coef_loss   | 0.971    |
|    learning_rate   | 0.0003   |
|    n_updates       | 278247   |
---------------------------------
Eval num_timesteps=290000, episode_reward=2114.15 +/- 1107.33
Episode length: 624.70 +/- 293.77
---------------------------------
| eval/              |          |
|    mean_ep_length  | 625      |
|    mean_reward     | 2.11e+03 |
| time/              |          |
|    total_timesteps | 290000   |
| train/             |          |
|    actor_loss      | -180     |
|    critic_loss     | 14.3     |
|    ent_coef        | 0.0654   |
|    ent_coef_loss   | 0.491    |
|    learning_rate   | 0.0003   |
|    n_updates       | 279999   |
---------------------------------
---------------------------------
| rollout/           |          |
|    ep_len_mean     | 525      |
|    ep_rew_mean     | 1.73e+03 |
| time/              |          |
|    episodes        | 1552     |
|    fps             | 239      |
|    time_elapsed    | 1209     |
|    total_timesteps | 290259   |
| train/             |          |
|    actor_loss      | -184     |
|    critic_loss     | 15.3     |
|    ent_coef        | 0.0664   |
|    ent_coef_loss   | 0.484    |
|    learning_rate   | 0.0003   |
|    n_updates       | 280258   |
---------------------------------
---------------------------------
| rollout/           |          |
|    ep_len_mean     | 536      |
|    ep_rew_mean     | 1.77e+03 |
| time/              |          |
|    episodes        | 1556     |
|    fps             | 239      |
|    time_elapsed    | 1221     |
|    total_timesteps | 293175   |
| train/             |          |
|    actor_loss      | -188     |
|    critic_loss     | 13.4     |
|    ent_coef        | 0.0659   |
|    ent_coef_loss   | -0.0708  |
|    learning_rate   | 0.0003   |
|    n_updates       | 283174   |
---------------------------------
---------------------------------
| rollout/           |          |
|    ep_len_mean     | 535      |
|    ep_rew_mean     | 1.77e+03 |
| time/              |          |
|    episodes        | 1560     |
|    fps             | 239      |
|    time_elapsed    | 1230     |
|    total_timesteps | 294771   |
| train/             |          |
|    actor_loss      | -184     |
|    critic_loss     | 15.1     |
|    ent_coef        | 0.0668   |
|    ent_coef_loss   | 0.385    |
|    learning_rate   | 0.0003   |
|    n_updates       | 284770   |
---------------------------------
---------------------------------
| rollout/           |          |
|    ep_len_mean     | 549      |
|    ep_rew_mean     | 1.82e+03 |
| time/              |          |
|    episodes        | 1564     |
|    fps             | 239      |
|    time_elapsed    | 1244     |
|    total_timesteps | 297744   |
| train/             |          |
|    actor_loss      | -181     |
|    critic_loss     | 23.9     |
|    ent_coef        | 0.0654   |
|    ent_coef_loss   | 0.0199   |
|    learning_rate   | 0.0003   |
|    n_updates       | 287743   |
---------------------------------
Eval num_timesteps=300000, episode_reward=2178.94 +/- 962.55
Episode length: 671.80 +/- 273.13
---------------------------------
| eval/              |          |
|    mean_ep_length  | 672      |
|    mean_reward     | 2.18e+03 |
| time/              |          |
|    total_timesteps | 300000   |
| train/             |          |
|    actor_loss      | -187     |
|    critic_loss     | 16.2     |
|    ent_coef        | 0.0681   |
|    ent_coef_loss   | -0.147   |
|    learning_rate   | 0.0003   |
|    n_updates       | 289999   |
---------------------------------
---------------------------------
| rollout/           |          |
|    ep_len_mean     | 559      |
|    ep_rew_mean     | 1.86e+03 |
| time/              |          |
|    episodes        | 1568     |
|    fps             | 239      |
|    time_elapsed    | 1256     |
|    total_timesteps | 300318   |
| train/             |          |
|    actor_loss      | -190     |
|    critic_loss     | 24.1     |
|    ent_coef        | 0.0676   |
|    ent_coef_loss   | -1.63    |
|    learning_rate   | 0.0003   |
|    n_updates       | 290317   |
---------------------------------
---------------------------------
| rollout/           |          |
|    ep_len_mean     | 569      |
|    ep_rew_mean     | 1.89e+03 |
| time/              |          |
|    episodes        | 1572     |
|    fps             | 238      |
|    time_elapsed    | 1266     |
|    total_timesteps | 302610   |
| train/             |          |
|    actor_loss      | -199     |
|    critic_loss     | 14.8     |
|    ent_coef        | 0.0662   |
|    ent_coef_loss   | 0.265    |
|    learning_rate   | 0.0003   |
|    n_updates       | 292609   |
---------------------------------
---------------------------------
| rollout/           |          |
|    ep_len_mean     | 572      |
|    ep_rew_mean     | 1.9e+03  |
| time/              |          |
|    episodes        | 1576     |
|    fps             | 238      |
|    time_elapsed    | 1271     |
|    total_timesteps | 303937   |
| train/             |          |
|    actor_loss      | -192     |
|    critic_loss     | 17.3     |
|    ent_coef        | 0.0658   |
|    ent_coef_loss   | 2.34     |
|    learning_rate   | 0.0003   |
|    n_updates       | 293936   |
---------------------------------
---------------------------------
| rollout/           |          |
|    ep_len_mean     | 574      |
|    ep_rew_mean     | 1.9e+03  |
| time/              |          |
|    episodes        | 1580     |
|    fps             | 238      |
|    time_elapsed    | 1279     |
|    total_timesteps | 305621   |
| train/             |          |
|    actor_loss      | -189     |
|    critic_loss     | 17.8     |
|    ent_coef        | 0.0647   |
|    ent_coef_loss   | -0.296   |
|    learning_rate   | 0.0003   |
|    n_updates       | 295620   |
---------------------------------
---------------------------------
| rollout/           |          |
|    ep_len_mean     | 588      |
|    ep_rew_mean     | 1.96e+03 |
| time/              |          |
|    episodes        | 1584     |
|    fps             | 238      |
|    time_elapsed    | 1291     |
|    total_timesteps | 308538   |
| train/             |          |
|    actor_loss      | -191     |
|    critic_loss     | 19.6     |
|    ent_coef        | 0.0692   |
|    ent_coef_loss   | -0.767   |
|    learning_rate   | 0.0003   |
|    n_updates       | 298537   |
---------------------------------
Eval num_timesteps=310000, episode_reward=1570.16 +/- 828.50
Episode length: 474.40 +/- 198.44
---------------------------------
| eval/              |          |
|    mean_ep_length  | 474      |
|    mean_reward     | 1.57e+03 |
| time/              |          |
|    total_timesteps | 310000   |
| train/             |          |
|    actor_loss      | -192     |
|    critic_loss     | 12.7     |
|    ent_coef        | 0.0657   |
|    ent_coef_loss   | 0.12     |
|    learning_rate   | 0.0003   |
|    n_updates       | 299999   |
---------------------------------
---------------------------------
| rollout/           |          |
|    ep_len_mean     | 585      |
|    ep_rew_mean     | 1.95e+03 |
| time/              |          |
|    episodes        | 1588     |
|    fps             | 238      |
|    time_elapsed    | 1301     |
|    total_timesteps | 310647   |
| train/             |          |
|    actor_loss      | -193     |
|    critic_loss     | 13.3     |
|    ent_coef        | 0.0691   |
|    ent_coef_loss   | -1.54    |
|    learning_rate   | 0.0003   |
|    n_updates       | 300646   |
---------------------------------
---------------------------------
| rollout/           |          |
|    ep_len_mean     | 581      |
|    ep_rew_mean     | 1.94e+03 |
| time/              |          |
|    episodes        | 1592     |
|    fps             | 238      |
|    time_elapsed    | 1307     |
|    total_timesteps | 311978   |
| train/             |          |
|    actor_loss      | -193     |
|    critic_loss     | 14.9     |
|    ent_coef        | 0.0679   |
|    ent_coef_loss   | -1.81    |
|    learning_rate   | 0.0003   |
|    n_updates       | 301977   |
---------------------------------
---------------------------------
| rollout/           |          |
|    ep_len_mean     | 577      |
|    ep_rew_mean     | 1.92e+03 |
| time/              |          |
|    episodes        | 1596     |
|    fps             | 238      |
|    time_elapsed    | 1315     |
|    total_timesteps | 313902   |
| train/             |          |
|    actor_loss      | -188     |
|    critic_loss     | 18.4     |
|    ent_coef        | 0.0668   |
|    ent_coef_loss   | 1.39     |
|    learning_rate   | 0.0003   |
|    n_updates       | 303901   |
---------------------------------
---------------------------------
| rollout/           |          |
|    ep_len_mean     | 584      |
|    ep_rew_mean     | 1.96e+03 |
| time/              |          |
|    episodes        | 1600     |
|    fps             | 238      |
|    time_elapsed    | 1326     |
|    total_timesteps | 316278   |
| train/             |          |
|    actor_loss      | -187     |
|    critic_loss     | 15.1     |
|    ent_coef        | 0.0677   |
|    ent_coef_loss   | 0.752    |
|    learning_rate   | 0.0003   |
|    n_updates       | 306277   |
---------------------------------
---------------------------------
| rollout/           |          |
|    ep_len_mean     | 570      |
|    ep_rew_mean     | 1.91e+03 |
| time/              |          |
|    episodes        | 1604     |
|    fps             | 238      |
|    time_elapsed    | 1330     |
|    total_timesteps | 317366   |
| train/             |          |
|    actor_loss      | -195     |
|    critic_loss     | 22.7     |
|    ent_coef        | 0.0657   |
|    ent_coef_loss   | -0.175   |
|    learning_rate   | 0.0003   |
|    n_updates       | 307365   |
---------------------------------
---------------------------------
| rollout/           |          |
|    ep_len_mean     | 569      |
|    ep_rew_mean     | 1.91e+03 |
| time/              |          |
|    episodes        | 1608     |
|    fps             | 238      |
|    time_elapsed    | 1339     |
|    total_timesteps | 319436   |
| train/             |          |
|    actor_loss      | -182     |
|    critic_loss     | 13.5     |
|    ent_coef        | 0.0682   |
|    ent_coef_loss   | -0.953   |
|    learning_rate   | 0.0003   |
|    n_updates       | 309435   |
---------------------------------
Eval num_timesteps=320000, episode_reward=2958.96 +/- 864.07
Episode length: 823.70 +/- 228.35
---------------------------------
| eval/              |          |
|    mean_ep_length  | 824      |
|    mean_reward     | 2.96e+03 |
| time/              |          |
|    total_timesteps | 320000   |
| train/             |          |
|    actor_loss      | -195     |
|    critic_loss     | 14.2     |
|    ent_coef        | 0.0674   |
|    ent_coef_loss   | -0.166   |
|    learning_rate   | 0.0003   |
|    n_updates       | 309999   |
---------------------------------
New best mean reward!
---------------------------------
| rollout/           |          |
|    ep_len_mean     | 547      |
|    ep_rew_mean     | 1.84e+03 |
| time/              |          |
|    episodes        | 1612     |
|    fps             | 238      |
|    time_elapsed    | 1347     |
|    total_timesteps | 320898   |
| train/             |          |
|    actor_loss      | -193     |
|    critic_loss     | 19.4     |
|    ent_coef        | 0.0674   |
|    ent_coef_loss   | -0.45    |
|    learning_rate   | 0.0003   |
|    n_updates       | 310897   |
---------------------------------
---------------------------------
| rollout/           |          |
|    ep_len_mean     | 539      |
|    ep_rew_mean     | 1.82e+03 |
| time/              |          |
|    episodes        | 1616     |
|    fps             | 238      |
|    time_elapsed    | 1355     |
|    total_timesteps | 322863   |
| train/             |          |
|    actor_loss      | -186     |
|    critic_loss     | 15.8     |
|    ent_coef        | 0.0656   |
|    ent_coef_loss   | 0.907    |
|    learning_rate   | 0.0003   |
|    n_updates       | 312862   |
---------------------------------
---------------------------------
| rollout/           |          |
|    ep_len_mean     | 526      |
|    ep_rew_mean     | 1.77e+03 |
| time/              |          |
|    episodes        | 1620     |
|    fps             | 238      |
|    time_elapsed    | 1361     |
|    total_timesteps | 324316   |
| train/             |          |
|    actor_loss      | -193     |
|    critic_loss     | 21.2     |
|    ent_coef        | 0.0663   |
|    ent_coef_loss   | -0.677   |
|    learning_rate   | 0.0003   |
|    n_updates       | 314315   |
---------------------------------
---------------------------------
| rollout/           |          |
|    ep_len_mean     | 525      |
|    ep_rew_mean     | 1.76e+03 |
| time/              |          |
|    episodes        | 1624     |
|    fps             | 238      |
|    time_elapsed    | 1370     |
|    total_timesteps | 326520   |
| train/             |          |
|    actor_loss      | -186     |
|    critic_loss     | 27.2     |
|    ent_coef        | 0.0672   |
|    ent_coef_loss   | -0.224   |
|    learning_rate   | 0.0003   |
|    n_updates       | 316519   |
---------------------------------
---------------------------------
| rollout/           |          |
|    ep_len_mean     | 536      |
|    ep_rew_mean     | 1.81e+03 |
| time/              |          |
|    episodes        | 1628     |
|    fps             | 238      |
|    time_elapsed    | 1381     |
|    total_timesteps | 329120   |
| train/             |          |
|    actor_loss      | -190     |
|    critic_loss     | 16.9     |
|    ent_coef        | 0.0685   |
|    ent_coef_loss   | -0.406   |
|    learning_rate   | 0.0003   |
|    n_updates       | 319119   |
---------------------------------
Eval num_timesteps=330000, episode_reward=1055.45 +/- 475.33
Episode length: 332.60 +/- 125.63
---------------------------------
| eval/              |          |
|    mean_ep_length  | 333      |
|    mean_reward     | 1.06e+03 |
| time/              |          |
|    total_timesteps | 330000   |
| train/             |          |
|    actor_loss      | -202     |
|    critic_loss     | 19.1     |
|    ent_coef        | 0.069    |
|    ent_coef_loss   | -0.641   |
|    learning_rate   | 0.0003   |
|    n_updates       | 319999   |
---------------------------------
---------------------------------
| rollout/           |          |
|    ep_len_mean     | 539      |
|    ep_rew_mean     | 1.82e+03 |
| time/              |          |
|    episodes        | 1632     |
|    fps             | 238      |
|    time_elapsed    | 1395     |
|    total_timesteps | 332378   |
| train/             |          |
|    actor_loss      | -188     |
|    critic_loss     | 11.8     |
|    ent_coef        | 0.066    |
|    ent_coef_loss   | -0.775   |
|    learning_rate   | 0.0003   |
|    n_updates       | 322377   |
---------------------------------
---------------------------------
| rollout/           |          |
|    ep_len_mean     | 531      |
|    ep_rew_mean     | 1.79e+03 |
| time/              |          |
|    episodes        | 1636     |
|    fps             | 238      |
|    time_elapsed    | 1405     |
|    total_timesteps | 334814   |
| train/             |          |
|    actor_loss      | -193     |
|    critic_loss     | 16.6     |
|    ent_coef        | 0.0658   |
|    ent_coef_loss   | 0.59     |
|    learning_rate   | 0.0003   |
|    n_updates       | 324813   |
---------------------------------
---------------------------------
| rollout/           |          |
|    ep_len_mean     | 540      |
|    ep_rew_mean     | 1.83e+03 |
| time/              |          |
|    episodes        | 1640     |
|    fps             | 238      |
|    time_elapsed    | 1418     |
|    total_timesteps | 337786   |
| train/             |          |
|    actor_loss      | -205     |
|    critic_loss     | 13       |
|    ent_coef        | 0.0656   |
|    ent_coef_loss   | -0.373   |
|    learning_rate   | 0.0003   |
|    n_updates       | 327785   |
---------------------------------
Eval num_timesteps=340000, episode_reward=2950.81 +/- 1111.74
Episode length: 845.20 +/- 310.37
---------------------------------
| eval/              |          |
|    mean_ep_length  | 845      |
|    mean_reward     | 2.95e+03 |
| time/              |          |
|    total_timesteps | 340000   |
| train/             |          |
|    actor_loss      | -191     |
|    critic_loss     | 12.1     |
|    ent_coef        | 0.0674   |
|    ent_coef_loss   | -1.06    |
|    learning_rate   | 0.0003   |
|    n_updates       | 329999   |
---------------------------------
---------------------------------
| rollout/           |          |
|    ep_len_mean     | 538      |
|    ep_rew_mean     | 1.83e+03 |
| time/              |          |
|    episodes        | 1644     |
|    fps             | 237      |
|    time_elapsed    | 1429     |
|    total_timesteps | 340032   |
| train/             |          |
|    actor_loss      | -201     |
|    critic_loss     | 12.9     |
|    ent_coef        | 0.0671   |
|    ent_coef_loss   | 0.34     |
|    learning_rate   | 0.0003   |
|    n_updates       | 330031   |
---------------------------------
---------------------------------
| rollout/           |          |
|    ep_len_mean     | 546      |
|    ep_rew_mean     | 1.85e+03 |
| time/              |          |
|    episodes        | 1648     |
|    fps             | 237      |
|    time_elapsed    | 1441     |
|    total_timesteps | 342821   |
| train/             |          |
|    actor_loss      | -195     |
|    critic_loss     | 15.6     |
|    ent_coef        | 0.0674   |
|    ent_coef_loss   | 0.458    |
|    learning_rate   | 0.0003   |
|    n_updates       | 332820   |
---------------------------------
---------------------------------
| rollout/           |          |
|    ep_len_mean     | 562      |
|    ep_rew_mean     | 1.92e+03 |
| time/              |          |
|    episodes        | 1652     |
|    fps             | 237      |
|    time_elapsed    | 1457     |
|    total_timesteps | 346467   |
| train/             |          |
|    actor_loss      | -204     |
|    critic_loss     | 20.9     |
|    ent_coef        | 0.0674   |
|    ent_coef_loss   | 3.05     |
|    learning_rate   | 0.0003   |
|    n_updates       | 336466   |
---------------------------------
---------------------------------
| rollout/           |          |
|    ep_len_mean     | 551      |
|    ep_rew_mean     | 1.89e+03 |
| time/              |          |
|    episodes        | 1656     |
|    fps             | 237      |
|    time_elapsed    | 1464     |
|    total_timesteps | 348295   |
| train/             |          |
|    actor_loss      | -200     |
|    critic_loss     | 16.8     |
|    ent_coef        | 0.0682   |
|    ent_coef_loss   | -1.21    |
|    learning_rate   | 0.0003   |
|    n_updates       | 338294   |
---------------------------------
Eval num_timesteps=350000, episode_reward=1664.28 +/- 1045.78
Episode length: 467.20 +/- 273.85
---------------------------------
| eval/              |          |
|    mean_ep_length  | 467      |
|    mean_reward     | 1.66e+03 |
| time/              |          |
|    total_timesteps | 350000   |
| train/             |          |
|    actor_loss      | -205     |
|    critic_loss     | 16.9     |
|    ent_coef        | 0.0681   |
|    ent_coef_loss   | 1.3      |
|    learning_rate   | 0.0003   |
|    n_updates       | 339999   |
---------------------------------
---------------------------------
| rollout/           |          |
|    ep_len_mean     | 553      |
|    ep_rew_mean     | 1.89e+03 |
| time/              |          |
|    episodes        | 1660     |
|    fps             | 237      |
|    time_elapsed    | 1473     |
|    total_timesteps | 350112   |
| train/             |          |
|    actor_loss      | -198     |
|    critic_loss     | 13.3     |
|    ent_coef        | 0.0688   |
|    ent_coef_loss   | -0.37    |
|    learning_rate   | 0.0003   |
|    n_updates       | 340111   |
---------------------------------
---------------------------------
| rollout/           |          |
|    ep_len_mean     | 555      |
|    ep_rew_mean     | 1.9e+03  |
| time/              |          |
|    episodes        | 1664     |
|    fps             | 237      |
|    time_elapsed    | 1487     |
|    total_timesteps | 353246   |
| train/             |          |
|    actor_loss      | -208     |
|    critic_loss     | 18.6     |
|    ent_coef        | 0.0693   |
|    ent_coef_loss   | -0.6     |
|    learning_rate   | 0.0003   |
|    n_updates       | 343245   |
---------------------------------
---------------------------------
| rollout/           |          |
|    ep_len_mean     | 564      |
|    ep_rew_mean     | 1.94e+03 |
| time/              |          |
|    episodes        | 1668     |
|    fps             | 237      |
|    time_elapsed    | 1502     |
|    total_timesteps | 356747   |
| train/             |          |
|    actor_loss      | -206     |
|    critic_loss     | 13.3     |
|    ent_coef        | 0.0676   |
|    ent_coef_loss   | -0.791   |
|    learning_rate   | 0.0003   |
|    n_updates       | 346746   |
---------------------------------
---------------------------------
| rollout/           |          |
|    ep_len_mean     | 567      |
|    ep_rew_mean     | 1.96e+03 |
| time/              |          |
|    episodes        | 1672     |
|    fps             | 237      |
|    time_elapsed    | 1512     |
|    total_timesteps | 359353   |
| train/             |          |
|    actor_loss      | -202     |
|    critic_loss     | 20.6     |
|    ent_coef        | 0.0687   |
|    ent_coef_loss   | 0.546    |
|    learning_rate   | 0.0003   |
|    n_updates       | 349352   |
---------------------------------
Eval num_timesteps=360000, episode_reward=3282.13 +/- 263.11
Episode length: 971.40 +/- 70.20
---------------------------------
| eval/              |          |
|    mean_ep_length  | 971      |
|    mean_reward     | 3.28e+03 |
| time/              |          |
|    total_timesteps | 360000   |
| train/             |          |
|    actor_loss      | -205     |
|    critic_loss     | 16.1     |
|    ent_coef        | 0.0683   |
|    ent_coef_loss   | -0.663   |
|    learning_rate   | 0.0003   |
|    n_updates       | 349999   |
---------------------------------
New best mean reward!
---------------------------------
| rollout/           |          |
|    ep_len_mean     | 581      |
|    ep_rew_mean     | 2.02e+03 |
| time/              |          |
|    episodes        | 1676     |
|    fps             | 237      |
|    time_elapsed    | 1526     |
|    total_timesteps | 362080   |
| train/             |          |
|    actor_loss      | -207     |
|    critic_loss     | 13.2     |
|    ent_coef        | 0.0668   |
|    ent_coef_loss   | -0.66    |
|    learning_rate   | 0.0003   |
|    n_updates       | 352079   |
---------------------------------
---------------------------------
| rollout/           |          |
|    ep_len_mean     | 585      |
|    ep_rew_mean     | 2.03e+03 |
| time/              |          |
|    episodes        | 1680     |
|    fps             | 237      |
|    time_elapsed    | 1534     |
|    total_timesteps | 364087   |
| train/             |          |
|    actor_loss      | -209     |
|    critic_loss     | 18.5     |
|    ent_coef        | 0.0671   |
|    ent_coef_loss   | 0.238    |
|    learning_rate   | 0.0003   |
|    n_updates       | 354086   |
---------------------------------
---------------------------------
| rollout/           |          |
|    ep_len_mean     | 581      |
|    ep_rew_mean     | 2.01e+03 |
| time/              |          |
|    episodes        | 1684     |
|    fps             | 237      |
|    time_elapsed    | 1545     |
|    total_timesteps | 366595   |
| train/             |          |
|    actor_loss      | -204     |
|    critic_loss     | 20.2     |
|    ent_coef        | 0.0682   |
|    ent_coef_loss   | 0.498    |
|    learning_rate   | 0.0003   |
|    n_updates       | 356594   |
---------------------------------
---------------------------------
| rollout/           |          |
|    ep_len_mean     | 580      |
|    ep_rew_mean     | 2.02e+03 |
| time/              |          |
|    episodes        | 1688     |
|    fps             | 237      |
|    time_elapsed    | 1554     |
|    total_timesteps | 368667   |
| train/             |          |
|    actor_loss      | -209     |
|    critic_loss     | 19.3     |
|    ent_coef        | 0.0664   |
|    ent_coef_loss   | -0.444   |
|    learning_rate   | 0.0003   |
|    n_updates       | 358666   |
---------------------------------
Eval num_timesteps=370000, episode_reward=2756.22 +/- 667.92
Episode length: 747.30 +/- 177.03
---------------------------------
| eval/              |          |
|    mean_ep_length  | 747      |
|    mean_reward     | 2.76e+03 |
| time/              |          |
|    total_timesteps | 370000   |
| train/             |          |
|    actor_loss      | -213     |
|    critic_loss     | 17.2     |
|    ent_coef        | 0.0668   |
|    ent_coef_loss   | 0.26     |
|    learning_rate   | 0.0003   |
|    n_updates       | 359999   |
---------------------------------
---------------------------------
| rollout/           |          |
|    ep_len_mean     | 598      |
|    ep_rew_mean     | 2.08e+03 |
| time/              |          |
|    episodes        | 1692     |
|    fps             | 236      |
|    time_elapsed    | 1568     |
|    total_timesteps | 371759   |
| train/             |          |
|    actor_loss      | -212     |
|    critic_loss     | 18.6     |
|    ent_coef        | 0.0691   |
|    ent_coef_loss   | -0.426   |
|    learning_rate   | 0.0003   |
|    n_updates       | 361758   |
---------------------------------
---------------------------------
| rollout/           |          |
|    ep_len_mean     | 597      |
|    ep_rew_mean     | 2.08e+03 |
| time/              |          |
|    episodes        | 1696     |
|    fps             | 236      |
|    time_elapsed    | 1576     |
|    total_timesteps | 373577   |
| train/             |          |
|    actor_loss      | -208     |
|    critic_loss     | 23.4     |
|    ent_coef        | 0.0689   |
|    ent_coef_loss   | 0.28     |
|    learning_rate   | 0.0003   |
|    n_updates       | 363576   |
---------------------------------
---------------------------------
| rollout/           |          |
|    ep_len_mean     | 589      |
|    ep_rew_mean     | 2.04e+03 |
| time/              |          |
|    episodes        | 1700     |
|    fps             | 236      |
|    time_elapsed    | 1583     |
|    total_timesteps | 375221   |
| train/             |          |
|    actor_loss      | -205     |
|    critic_loss     | 26.9     |
|    ent_coef        | 0.0694   |
|    ent_coef_loss   | -1.13    |
|    learning_rate   | 0.0003   |
|    n_updates       | 365220   |
---------------------------------
---------------------------------
| rollout/           |          |
|    ep_len_mean     | 599      |
|    ep_rew_mean     | 2.07e+03 |
| time/              |          |
|    episodes        | 1704     |
|    fps             | 236      |
|    time_elapsed    | 1592     |
|    total_timesteps | 377266   |
| train/             |          |
|    actor_loss      | -209     |
|    critic_loss     | 19.5     |
|    ent_coef        | 0.0678   |
|    ent_coef_loss   | 0.619    |
|    learning_rate   | 0.0003   |
|    n_updates       | 367265   |
---------------------------------
Eval num_timesteps=380000, episode_reward=2173.97 +/- 708.32
Episode length: 676.80 +/- 157.97
---------------------------------
| eval/              |          |
|    mean_ep_length  | 677      |
|    mean_reward     | 2.17e+03 |
| time/              |          |
|    total_timesteps | 380000   |
| train/             |          |
|    actor_loss      | -218     |
|    critic_loss     | 17.7     |
|    ent_coef        | 0.0674   |
|    ent_coef_loss   | 0.887    |
|    learning_rate   | 0.0003   |
|    n_updates       | 369999   |
---------------------------------
---------------------------------
| rollout/           |          |
|    ep_len_mean     | 614      |
|    ep_rew_mean     | 2.13e+03 |
| time/              |          |
|    episodes        | 1708     |
|    fps             | 236      |
|    time_elapsed    | 1608     |
|    total_timesteps | 380868   |
| train/             |          |
|    actor_loss      | -214     |
|    critic_loss     | 14.5     |
|    ent_coef        | 0.0644   |
|    ent_coef_loss   | -0.246   |
|    learning_rate   | 0.0003   |
|    n_updates       | 370867   |
---------------------------------
---------------------------------
| rollout/           |          |
|    ep_len_mean     | 628      |
|    ep_rew_mean     | 2.19e+03 |
| time/              |          |
|    episodes        | 1712     |
|    fps             | 236      |
|    time_elapsed    | 1621     |
|    total_timesteps | 383741   |
| train/             |          |
|    actor_loss      | -215     |
|    critic_loss     | 18.7     |
|    ent_coef        | 0.0668   |
|    ent_coef_loss   | 0.23     |
|    learning_rate   | 0.0003   |
|    n_updates       | 373740   |
---------------------------------
---------------------------------
| rollout/           |          |
|    ep_len_mean     | 646      |
|    ep_rew_mean     | 2.26e+03 |
| time/              |          |
|    episodes        | 1716     |
|    fps             | 236      |
|    time_elapsed    | 1637     |
|    total_timesteps | 387482   |
| train/             |          |
|    actor_loss      | -211     |
|    critic_loss     | 18.4     |
|    ent_coef        | 0.0696   |
|    ent_coef_loss   | -0.937   |
|    learning_rate   | 0.0003   |
|    n_updates       | 377481   |
---------------------------------
Eval num_timesteps=390000, episode_reward=2866.89 +/- 916.53
Episode length: 773.90 +/- 232.14
---------------------------------
| eval/              |          |
|    mean_ep_length  | 774      |
|    mean_reward     | 2.87e+03 |
| time/              |          |
|    total_timesteps | 390000   |
| train/             |          |
|    actor_loss      | -220     |
|    critic_loss     | 15.4     |
|    ent_coef        | 0.07     |
|    ent_coef_loss   | 1.26     |
|    learning_rate   | 0.0003   |
|    n_updates       | 379999   |
---------------------------------
---------------------------------
| rollout/           |          |
|    ep_len_mean     | 665      |
|    ep_rew_mean     | 2.34e+03 |
| time/              |          |
|    episodes        | 1720     |
|    fps             | 236      |
|    time_elapsed    | 1653     |
|    total_timesteps | 390835   |
| train/             |          |
|    actor_loss      | -218     |
|    critic_loss     | 19.9     |
|    ent_coef        | 0.0691   |
|    ent_coef_loss   | -0.22    |
|    learning_rate   | 0.0003   |
|    n_updates       | 380834   |
---------------------------------
---------------------------------
| rollout/           |          |
|    ep_len_mean     | 669      |
|    ep_rew_mean     | 2.35e+03 |
| time/              |          |
|    episodes        | 1724     |
|    fps             | 236      |
|    time_elapsed    | 1664     |
|    total_timesteps | 393444   |
| train/             |          |
|    actor_loss      | -212     |
|    critic_loss     | 17.9     |
|    ent_coef        | 0.0686   |
|    ent_coef_loss   | 0.831    |
|    learning_rate   | 0.0003   |
|    n_updates       | 383443   |
---------------------------------
---------------------------------
| rollout/           |          |
|    ep_len_mean     | 664      |
|    ep_rew_mean     | 2.33e+03 |
| time/              |          |
|    episodes        | 1728     |
|    fps             | 236      |
|    time_elapsed    | 1673     |
|    total_timesteps | 395475   |
| train/             |          |
|    actor_loss      | -220     |
|    critic_loss     | 14.3     |
|    ent_coef        | 0.0688   |
|    ent_coef_loss   | 0.546    |
|    learning_rate   | 0.0003   |
|    n_updates       | 385474   |
---------------------------------
---------------------------------
| rollout/           |          |
|    ep_len_mean     | 669      |
|    ep_rew_mean     | 2.35e+03 |
| time/              |          |
|    episodes        | 1732     |
|    fps             | 236      |
|    time_elapsed    | 1689     |
|    total_timesteps | 399312   |
| train/             |          |
|    actor_loss      | -222     |
|    critic_loss     | 22.8     |
|    ent_coef        | 0.0705   |
|    ent_coef_loss   | 0.697    |
|    learning_rate   | 0.0003   |
|    n_updates       | 389311   |
---------------------------------
Eval num_timesteps=400000, episode_reward=2023.69 +/- 670.47
Episode length: 566.50 +/- 167.94
---------------------------------
| eval/              |          |
|    mean_ep_length  | 566      |
|    mean_reward     | 2.02e+03 |
| time/              |          |
|    total_timesteps | 400000   |
| train/             |          |
|    actor_loss      | -218     |
|    critic_loss     | 19.6     |
|    ent_coef        | 0.0707   |
|    ent_coef_loss   | -0.529   |
|    learning_rate   | 0.0003   |
|    n_updates       | 389999   |
---------------------------------
---------------------------------
| rollout/           |          |
|    ep_len_mean     | 673      |
|    ep_rew_mean     | 2.37e+03 |
| time/              |          |
|    episodes        | 1736     |
|    fps             | 236      |
|    time_elapsed    | 1702     |
|    total_timesteps | 402077   |
| train/             |          |
|    actor_loss      | -210     |
|    critic_loss     | 20.1     |
|    ent_coef        | 0.0705   |
|    ent_coef_loss   | 1.42     |
|    learning_rate   | 0.0003   |
|    n_updates       | 392076   |
---------------------------------
---------------------------------
| rollout/           |          |
|    ep_len_mean     | 676      |
|    ep_rew_mean     | 2.39e+03 |
| time/              |          |
|    episodes        | 1740     |
|    fps             | 236      |
|    time_elapsed    | 1716     |
|    total_timesteps | 405358   |
| train/             |          |
|    actor_loss      | -228     |
|    critic_loss     | 21.4     |
|    ent_coef        | 0.0671   |
|    ent_coef_loss   | 0.625    |
|    learning_rate   | 0.0003   |
|    n_updates       | 395357   |
---------------------------------
---------------------------------
| rollout/           |          |
|    ep_len_mean     | 682      |
|    ep_rew_mean     | 2.42e+03 |
| time/              |          |
|    episodes        | 1744     |
|    fps             | 236      |
|    time_elapsed    | 1728     |
|    total_timesteps | 408261   |
| train/             |          |
|    actor_loss      | -227     |
|    critic_loss     | 14.7     |
|    ent_coef        | 0.0697   |
|    ent_coef_loss   | 0.249    |
|    learning_rate   | 0.0003   |
|    n_updates       | 398260   |
---------------------------------
Eval num_timesteps=410000, episode_reward=2429.43 +/- 1405.17
Episode length: 737.40 +/- 351.66
---------------------------------
| eval/              |          |
|    mean_ep_length  | 737      |
|    mean_reward     | 2.43e+03 |
| time/              |          |
|    total_timesteps | 410000   |
| train/             |          |
|    actor_loss      | -226     |
|    critic_loss     | 20.2     |
|    ent_coef        | 0.0687   |
|    ent_coef_loss   | -0.539   |
|    learning_rate   | 0.0003   |
|    n_updates       | 399999   |
---------------------------------
---------------------------------
| rollout/           |          |
|    ep_len_mean     | 692      |
|    ep_rew_mean     | 2.47e+03 |
| time/              |          |
|    episodes        | 1748     |
|    fps             | 235      |
|    time_elapsed    | 1745     |
|    total_timesteps | 411986   |
| train/             |          |
|    actor_loss      | -226     |
|    critic_loss     | 24       |
|    ent_coef        | 0.0696   |
|    ent_coef_loss   | -1.01    |
|    learning_rate   | 0.0003   |
|    n_updates       | 401985   |
---------------------------------
---------------------------------
| rollout/           |          |
|    ep_len_mean     | 686      |
|    ep_rew_mean     | 2.45e+03 |
| time/              |          |
|    episodes        | 1752     |
|    fps             | 235      |
|    time_elapsed    | 1758     |
|    total_timesteps | 415078   |
| train/             |          |
|    actor_loss      | -216     |
|    critic_loss     | 16.3     |
|    ent_coef        | 0.0687   |
|    ent_coef_loss   | -1.26    |
|    learning_rate   | 0.0003   |
|    n_updates       | 405077   |
---------------------------------
---------------------------------
| rollout/           |          |
|    ep_len_mean     | 699      |
|    ep_rew_mean     | 2.51e+03 |
| time/              |          |
|    episodes        | 1756     |
|    fps             | 235      |
|    time_elapsed    | 1772     |
|    total_timesteps | 418157   |
| train/             |          |
|    actor_loss      | -233     |
|    critic_loss     | 15.5     |
|    ent_coef        | 0.0708   |
|    ent_coef_loss   | 0.948    |
|    learning_rate   | 0.0003   |
|    n_updates       | 408156   |
---------------------------------
Eval num_timesteps=420000, episode_reward=2496.72 +/- 1294.40
Episode length: 698.90 +/- 318.54
---------------------------------
| eval/              |          |
|    mean_ep_length  | 699      |
|    mean_reward     | 2.5e+03  |
| time/              |          |
|    total_timesteps | 420000   |
| train/             |          |
|    actor_loss      | -232     |
|    critic_loss     | 13.3     |
|    ent_coef        | 0.0694   |
|    ent_coef_loss   | 0.955    |
|    learning_rate   | 0.0003   |
|    n_updates       | 409999   |
---------------------------------
---------------------------------
| rollout/           |          |
|    ep_len_mean     | 710      |
|    ep_rew_mean     | 2.56e+03 |
| time/              |          |
|    episodes        | 1760     |
|    fps             | 235      |
|    time_elapsed    | 1786     |
|    total_timesteps | 421151   |
| train/             |          |
|    actor_loss      | -220     |
|    critic_loss     | 22.2     |
|    ent_coef        | 0.0707   |
|    ent_coef_loss   | 0.957    |
|    learning_rate   | 0.0003   |
|    n_updates       | 411150   |
---------------------------------
---------------------------------
| rollout/           |          |
|    ep_len_mean     | 712      |
|    ep_rew_mean     | 2.57e+03 |
| time/              |          |
|    episodes        | 1764     |
|    fps             | 235      |
|    time_elapsed    | 1800     |
|    total_timesteps | 424396   |
| train/             |          |
|    actor_loss      | -225     |
|    critic_loss     | 20.5     |
|    ent_coef        | 0.0697   |
|    ent_coef_loss   | -0.749   |
|    learning_rate   | 0.0003   |
|    n_updates       | 414395   |
---------------------------------
---------------------------------
| rollout/           |          |
|    ep_len_mean     | 696      |
|    ep_rew_mean     | 2.51e+03 |
| time/              |          |
|    episodes        | 1768     |
|    fps             | 235      |
|    time_elapsed    | 1808     |
|    total_timesteps | 426337   |
| train/             |          |
|    actor_loss      | -224     |
|    critic_loss     | 24.7     |
|    ent_coef        | 0.0701   |
|    ent_coef_loss   | -0.905   |
|    learning_rate   | 0.0003   |
|    n_updates       | 416336   |
---------------------------------
Eval num_timesteps=430000, episode_reward=2847.46 +/- 1306.79
Episode length: 763.00 +/- 321.70
---------------------------------
| eval/              |          |
|    mean_ep_length  | 763      |
|    mean_reward     | 2.85e+03 |
| time/              |          |
|    total_timesteps | 430000   |
| train/             |          |
|    actor_loss      | -227     |
|    critic_loss     | 14.4     |
|    ent_coef        | 0.0695   |
|    ent_coef_loss   | -0.577   |
|    learning_rate   | 0.0003   |
|    n_updates       | 419999   |
---------------------------------
---------------------------------
| rollout/           |          |
|    ep_len_mean     | 707      |
|    ep_rew_mean     | 2.56e+03 |
| time/              |          |
|    episodes        | 1772     |
|    fps             | 235      |
|    time_elapsed    | 1825     |
|    total_timesteps | 430036   |
| train/             |          |
|    actor_loss      | -240     |
|    critic_loss     | 16.9     |
|    ent_coef        | 0.0696   |
|    ent_coef_loss   | 0.587    |
|    learning_rate   | 0.0003   |
|    n_updates       | 420035   |
---------------------------------
---------------------------------
| rollout/           |          |
|    ep_len_mean     | 711      |
|    ep_rew_mean     | 2.58e+03 |
| time/              |          |
|    episodes        | 1776     |
|    fps             | 235      |
|    time_elapsed    | 1839     |
|    total_timesteps | 433188   |
| train/             |          |
|    actor_loss      | -228     |
|    critic_loss     | 15.6     |
|    ent_coef        | 0.0707   |
|    ent_coef_loss   | 0.063    |
|    learning_rate   | 0.0003   |
|    n_updates       | 423187   |
---------------------------------
---------------------------------
| rollout/           |          |
|    ep_len_mean     | 720      |
|    ep_rew_mean     | 2.61e+03 |
| time/              |          |
|    episodes        | 1780     |
|    fps             | 235      |
|    time_elapsed    | 1850     |
|    total_timesteps | 436037   |
| train/             |          |
|    actor_loss      | -227     |
|    critic_loss     | 22.2     |
|    ent_coef        | 0.071    |
|    ent_coef_loss   | 0.333    |
|    learning_rate   | 0.0003   |
|    n_updates       | 426036   |
---------------------------------
---------------------------------
| rollout/           |          |
|    ep_len_mean     | 727      |
|    ep_rew_mean     | 2.64e+03 |
| time/              |          |
|    episodes        | 1784     |
|    fps             | 235      |
|    time_elapsed    | 1865     |
|    total_timesteps | 439335   |
| train/             |          |
|    actor_loss      | -226     |
|    critic_loss     | 18.6     |
|    ent_coef        | 0.0686   |
|    ent_coef_loss   | -0.317   |
|    learning_rate   | 0.0003   |
|    n_updates       | 429334   |
---------------------------------
Eval num_timesteps=440000, episode_reward=3786.45 +/- 79.35
Episode length: 1000.00 +/- 0.00
---------------------------------
| eval/              |          |
|    mean_ep_length  | 1e+03    |
|    mean_reward     | 3.79e+03 |
| time/              |          |
|    total_timesteps | 440000   |
| train/             |          |
|    actor_loss      | -222     |
|    critic_loss     | 24.5     |
|    ent_coef        | 0.0686   |
|    ent_coef_loss   | 0.622    |
|    learning_rate   | 0.0003   |
|    n_updates       | 429999   |
---------------------------------
New best mean reward!
---------------------------------
| rollout/           |          |
|    ep_len_mean     | 739      |
|    ep_rew_mean     | 2.69e+03 |
| time/              |          |
|    episodes        | 1788     |
|    fps             | 235      |
|    time_elapsed    | 1880     |
|    total_timesteps | 442542   |
| train/             |          |
|    actor_loss      | -234     |
|    critic_loss     | 25.3     |
|    ent_coef        | 0.0688   |
|    ent_coef_loss   | -1.53    |
|    learning_rate   | 0.0003   |
|    n_updates       | 432541   |
---------------------------------
---------------------------------
| rollout/           |          |
|    ep_len_mean     | 743      |
|    ep_rew_mean     | 2.71e+03 |
| time/              |          |
|    episodes        | 1792     |
|    fps             | 235      |
|    time_elapsed    | 1895     |
|    total_timesteps | 446013   |
| train/             |          |
|    actor_loss      | -231     |
|    critic_loss     | 49.1     |
|    ent_coef        | 0.0684   |
|    ent_coef_loss   | -0.625   |
|    learning_rate   | 0.0003   |
|    n_updates       | 436012   |
---------------------------------
Eval num_timesteps=450000, episode_reward=3542.86 +/- 516.90
Episode length: 941.70 +/- 118.21
---------------------------------
| eval/              |          |
|    mean_ep_length  | 942      |
|    mean_reward     | 3.54e+03 |
| time/              |          |
|    total_timesteps | 450000   |
| train/             |          |
|    actor_loss      | -231     |
|    critic_loss     | 54.2     |
|    ent_coef        | 0.0712   |
|    ent_coef_loss   | 0.153    |
|    learning_rate   | 0.0003   |
|    n_updates       | 439999   |
---------------------------------
---------------------------------
| rollout/           |          |
|    ep_len_mean     | 764      |
|    ep_rew_mean     | 2.8e+03  |
| time/              |          |
|    episodes        | 1796     |
|    fps             | 235      |
|    time_elapsed    | 1914     |
|    total_timesteps | 450013   |
| train/             |          |
|    actor_loss      | -234     |
|    critic_loss     | 17.5     |
|    ent_coef        | 0.0713   |
|    ent_coef_loss   | 1.21     |
|    learning_rate   | 0.0003   |
|    n_updates       | 440012   |
---------------------------------
---------------------------------
| rollout/           |          |
|    ep_len_mean     | 784      |
|    ep_rew_mean     | 2.88e+03 |
| time/              |          |
|    episodes        | 1800     |
|    fps             | 235      |
|    time_elapsed    | 1929     |
|    total_timesteps | 453637   |
| train/             |          |
|    actor_loss      | -233     |
|    critic_loss     | 17.1     |
|    ent_coef        | 0.0688   |
|    ent_coef_loss   | 0.236    |
|    learning_rate   | 0.0003   |
|    n_updates       | 443636   |
---------------------------------
---------------------------------
| rollout/           |          |
|    ep_len_mean     | 804      |
|    ep_rew_mean     | 2.96e+03 |
| time/              |          |
|    episodes        | 1804     |
|    fps             | 235      |
|    time_elapsed    | 1946     |
|    total_timesteps | 457637   |
| train/             |          |
|    actor_loss      | -225     |
|    critic_loss     | 13.8     |
|    ent_coef        | 0.0691   |
|    ent_coef_loss   | -1       |
|    learning_rate   | 0.0003   |
|    n_updates       | 447636   |
---------------------------------
Eval num_timesteps=460000, episode_reward=2927.67 +/- 1175.46
Episode length: 811.90 +/- 289.04
---------------------------------
| eval/              |          |
|    mean_ep_length  | 812      |
|    mean_reward     | 2.93e+03 |
| time/              |          |
|    total_timesteps | 460000   |
| train/             |          |
|    actor_loss      | -237     |
|    critic_loss     | 18       |
|    ent_coef        | 0.0694   |
|    ent_coef_loss   | 0.538    |
|    learning_rate   | 0.0003   |
|    n_updates       | 449999   |
---------------------------------
---------------------------------
| rollout/           |          |
|    ep_len_mean     | 808      |
|    ep_rew_mean     | 2.98e+03 |
| time/              |          |
|    episodes        | 1808     |
|    fps             | 234      |
|    time_elapsed    | 1965     |
|    total_timesteps | 461637   |
| train/             |          |
|    actor_loss      | -236     |
|    critic_loss     | 16.6     |
|    ent_coef        | 0.0689   |
|    ent_coef_loss   | 1.08     |
|    learning_rate   | 0.0003   |
|    n_updates       | 451636   |
---------------------------------
---------------------------------
| rollout/           |          |
|    ep_len_mean     | 819      |
|    ep_rew_mean     | 3.03e+03 |
| time/              |          |
|    episodes        | 1812     |
|    fps             | 234      |
|    time_elapsed    | 1982     |
|    total_timesteps | 465637   |
| train/             |          |
|    actor_loss      | -238     |
|    critic_loss     | 17.2     |
|    ent_coef        | 0.0655   |
|    ent_coef_loss   | 0.277    |
|    learning_rate   | 0.0003   |
|    n_updates       | 455636   |
---------------------------------
---------------------------------
| rollout/           |          |
|    ep_len_mean     | 805      |
|    ep_rew_mean     | 2.98e+03 |
| time/              |          |
|    episodes        | 1816     |
|    fps             | 234      |
|    time_elapsed    | 1992     |
|    total_timesteps | 468001   |
| train/             |          |
|    actor_loss      | -243     |
|    critic_loss     | 22.1     |
|    ent_coef        | 0.0683   |
|    ent_coef_loss   | 0.601    |
|    learning_rate   | 0.0003   |
|    n_updates       | 458000   |
---------------------------------
Eval num_timesteps=470000, episode_reward=3474.20 +/- 1053.24
Episode length: 914.80 +/- 255.60
---------------------------------
| eval/              |          |
|    mean_ep_length  | 915      |
|    mean_reward     | 3.47e+03 |
| time/              |          |
|    total_timesteps | 470000   |
| train/             |          |
|    actor_loss      | -242     |
|    critic_loss     | 16.4     |
|    ent_coef        | 0.0674   |
|    ent_coef_loss   | 0.529    |
|    learning_rate   | 0.0003   |
|    n_updates       | 459999   |
---------------------------------
---------------------------------
| rollout/           |          |
|    ep_len_mean     | 809      |
|    ep_rew_mean     | 3e+03    |
| time/              |          |
|    episodes        | 1820     |
|    fps             | 234      |
|    time_elapsed    | 2009     |
|    total_timesteps | 471720   |
| train/             |          |
|    actor_loss      | -242     |
|    critic_loss     | 17.2     |
|    ent_coef        | 0.0693   |
|    ent_coef_loss   | -0.0998  |
|    learning_rate   | 0.0003   |
|    n_updates       | 461719   |
---------------------------------
---------------------------------
| rollout/           |          |
|    ep_len_mean     | 823      |
|    ep_rew_mean     | 3.06e+03 |
| time/              |          |
|    episodes        | 1824     |
|    fps             | 234      |
|    time_elapsed    | 2026     |
|    total_timesteps | 475720   |
| train/             |          |
|    actor_loss      | -241     |
|    critic_loss     | 22.7     |
|    ent_coef        | 0.0678   |
|    ent_coef_loss   | -1.45    |
|    learning_rate   | 0.0003   |
|    n_updates       | 465719   |
---------------------------------
---------------------------------
| rollout/           |          |
|    ep_len_mean     | 842      |
|    ep_rew_mean     | 3.14e+03 |
| time/              |          |
|    episodes        | 1828     |
|    fps             | 234      |
|    time_elapsed    | 2043     |
|    total_timesteps | 479720   |
| train/             |          |
|    actor_loss      | -244     |
|    critic_loss     | 12.9     |
|    ent_coef        | 0.0682   |
|    ent_coef_loss   | -0.479   |
|    learning_rate   | 0.0003   |
|    n_updates       | 469719   |
---------------------------------
Eval num_timesteps=480000, episode_reward=3989.06 +/- 92.58
Episode length: 1000.00 +/- 0.00
---------------------------------
| eval/              |          |
|    mean_ep_length  | 1e+03    |
|    mean_reward     | 3.99e+03 |
| time/              |          |
|    total_timesteps | 480000   |
| train/             |          |
|    actor_loss      | -239     |
|    critic_loss     | 39.2     |
|    ent_coef        | 0.0682   |
|    ent_coef_loss   | 0.284    |
|    learning_rate   | 0.0003   |
|    n_updates       | 469999   |
---------------------------------
New best mean reward!
---------------------------------
| rollout/           |          |
|    ep_len_mean     | 844      |
|    ep_rew_mean     | 3.16e+03 |
| time/              |          |
|    episodes        | 1832     |
|    fps             | 234      |
|    time_elapsed    | 2062     |
|    total_timesteps | 483720   |
| train/             |          |
|    actor_loss      | -238     |
|    critic_loss     | 23.7     |
|    ent_coef        | 0.0673   |
|    ent_coef_loss   | 0.997    |
|    learning_rate   | 0.0003   |
|    n_updates       | 473719   |
---------------------------------
---------------------------------
| rollout/           |          |
|    ep_len_mean     | 856      |
|    ep_rew_mean     | 3.21e+03 |
| time/              |          |
|    episodes        | 1836     |
|    fps             | 234      |
|    time_elapsed    | 2079     |
|    total_timesteps | 487720   |
| train/             |          |
|    actor_loss      | -245     |
|    critic_loss     | 16.8     |
|    ent_coef        | 0.0657   |
|    ent_coef_loss   | -0.971   |
|    learning_rate   | 0.0003   |
|    n_updates       | 477719   |
---------------------------------
Eval num_timesteps=490000, episode_reward=3800.45 +/- 48.42
Episode length: 1000.00 +/- 0.00
---------------------------------
| eval/              |          |
|    mean_ep_length  | 1e+03    |
|    mean_reward     | 3.8e+03  |
| time/              |          |
|    total_timesteps | 490000   |
| train/             |          |
|    actor_loss      | -239     |
|    critic_loss     | 18.9     |
|    ent_coef        | 0.0671   |
|    ent_coef_loss   | 0.00325  |
|    learning_rate   | 0.0003   |
|    n_updates       | 479999   |
---------------------------------
---------------------------------
| rollout/           |          |
|    ep_len_mean     | 864      |
|    ep_rew_mean     | 3.25e+03 |
| time/              |          |
|    episodes        | 1840     |
|    fps             | 234      |
|    time_elapsed    | 2098     |
|    total_timesteps | 491720   |
| train/             |          |
|    actor_loss      | -250     |
|    critic_loss     | 14.7     |
|    ent_coef        | 0.0671   |
|    ent_coef_loss   | -0.54    |
|    learning_rate   | 0.0003   |
|    n_updates       | 481719   |
---------------------------------
---------------------------------
| rollout/           |          |
|    ep_len_mean     | 875      |
|    ep_rew_mean     | 3.29e+03 |
| time/              |          |
|    episodes        | 1844     |
|    fps             | 234      |
|    time_elapsed    | 2115     |
|    total_timesteps | 495720   |
| train/             |          |
|    actor_loss      | -245     |
|    critic_loss     | 26.1     |
|    ent_coef        | 0.067    |
|    ent_coef_loss   | -0.191   |
|    learning_rate   | 0.0003   |
|    n_updates       | 485719   |
---------------------------------
---------------------------------
| rollout/           |          |
|    ep_len_mean     | 877      |
|    ep_rew_mean     | 3.3e+03  |
| time/              |          |
|    episodes        | 1848     |
|    fps             | 234      |
|    time_elapsed    | 2132     |
|    total_timesteps | 499720   |
| train/             |          |
|    actor_loss      | -253     |
|    critic_loss     | 17.9     |
|    ent_coef        | 0.0677   |
|    ent_coef_loss   | -0.21    |
|    learning_rate   | 0.0003   |
|    n_updates       | 489719   |
---------------------------------
Eval num_timesteps=500000, episode_reward=3155.88 +/- 1333.27
Episode length: 833.50 +/- 334.13
---------------------------------
| eval/              |          |
|    mean_ep_length  | 834      |
|    mean_reward     | 3.16e+03 |
| time/              |          |
|    total_timesteps | 500000   |
| train/             |          |
|    actor_loss      | -246     |
|    critic_loss     | 17.6     |
|    ent_coef        | 0.0659   |
|    ent_coef_loss   | -1.04    |
|    learning_rate   | 0.0003   |
|    n_updates       | 489999   |
---------------------------------
---------------------------------
| rollout/           |          |
|    ep_len_mean     | 886      |
|    ep_rew_mean     | 3.34e+03 |
| time/              |          |
|    episodes        | 1852     |
|    fps             | 234      |
|    time_elapsed    | 2151     |
|    total_timesteps | 503720   |
| train/             |          |
|    actor_loss      | -252     |
|    critic_loss     | 18.1     |
|    ent_coef        | 0.0636   |
|    ent_coef_loss   | 0.726    |
|    learning_rate   | 0.0003   |
|    n_updates       | 493719   |
---------------------------------
---------------------------------
| rollout/           |          |
|    ep_len_mean     | 896      |
|    ep_rew_mean     | 3.38e+03 |
| time/              |          |
|    episodes        | 1856     |
|    fps             | 234      |
|    time_elapsed    | 2168     |
|    total_timesteps | 507720   |
| train/             |          |
|    actor_loss      | -252     |
|    critic_loss     | 20.4     |
|    ent_coef        | 0.0635   |
|    ent_coef_loss   | 1        |
|    learning_rate   | 0.0003   |
|    n_updates       | 497719   |
---------------------------------
Eval num_timesteps=510000, episode_reward=3904.28 +/- 84.19
Episode length: 1000.00 +/- 0.00
---------------------------------
| eval/              |          |
|    mean_ep_length  | 1e+03    |
|    mean_reward     | 3.9e+03  |
| time/              |          |
|    total_timesteps | 510000   |
| train/             |          |
|    actor_loss      | -247     |
|    critic_loss     | 14.9     |
|    ent_coef        | 0.0647   |
|    ent_coef_loss   | 0.388    |
|    learning_rate   | 0.0003   |
|    n_updates       | 499999   |
---------------------------------
---------------------------------
| rollout/           |          |
|    ep_len_mean     | 900      |
|    ep_rew_mean     | 3.4e+03  |
| time/              |          |
|    episodes        | 1860     |
|    fps             | 233      |
|    time_elapsed    | 2184     |
|    total_timesteps | 511159   |
| train/             |          |
|    actor_loss      | -254     |
|    critic_loss     | 29.9     |
|    ent_coef        | 0.064    |
|    ent_coef_loss   | 0.921    |
|    learning_rate   | 0.0003   |
|    n_updates       | 501158   |
---------------------------------
---------------------------------
| rollout/           |          |
|    ep_len_mean     | 908      |
|    ep_rew_mean     | 3.44e+03 |
| time/              |          |
|    episodes        | 1864     |
|    fps             | 233      |
|    time_elapsed    | 2202     |
|    total_timesteps | 515159   |
| train/             |          |
|    actor_loss      | -254     |
|    critic_loss     | 15.4     |
|    ent_coef        | 0.0648   |
|    ent_coef_loss   | -0.733   |
|    learning_rate   | 0.0003   |
|    n_updates       | 505158   |
---------------------------------
---------------------------------
| rollout/           |          |
|    ep_len_mean     | 928      |
|    ep_rew_mean     | 3.52e+03 |
| time/              |          |
|    episodes        | 1868     |
|    fps             | 233      |
|    time_elapsed    | 2219     |
|    total_timesteps | 519159   |
| train/             |          |
|    actor_loss      | -259     |
|    critic_loss     | 31.8     |
|    ent_coef        | 0.0647   |
|    ent_coef_loss   | 0.477    |
|    learning_rate   | 0.0003   |
|    n_updates       | 509158   |
---------------------------------
Eval num_timesteps=520000, episode_reward=3702.16 +/- 964.39
Episode length: 923.90 +/- 228.30
---------------------------------
| eval/              |          |
|    mean_ep_length  | 924      |
|    mean_reward     | 3.7e+03  |
| time/              |          |
|    total_timesteps | 520000   |
| train/             |          |
|    actor_loss      | -256     |
|    critic_loss     | 14.1     |
|    ent_coef        | 0.067    |
|    ent_coef_loss   | -0.505   |
|    learning_rate   | 0.0003   |
|    n_updates       | 509999   |
---------------------------------
---------------------------------
| rollout/           |          |
|    ep_len_mean     | 931      |
|    ep_rew_mean     | 3.55e+03 |
| time/              |          |
|    episodes        | 1872     |
|    fps             | 233      |
|    time_elapsed    | 2238     |
|    total_timesteps | 523159   |
| train/             |          |
|    actor_loss      | -256     |
|    critic_loss     | 24.2     |
|    ent_coef        | 0.0666   |
|    ent_coef_loss   | 0.525    |
|    learning_rate   | 0.0003   |
|    n_updates       | 513158   |
---------------------------------
---------------------------------
| rollout/           |          |
|    ep_len_mean     | 940      |
|    ep_rew_mean     | 3.59e+03 |
| time/              |          |
|    episodes        | 1876     |
|    fps             | 233      |
|    time_elapsed    | 2255     |
|    total_timesteps | 527159   |
| train/             |          |
|    actor_loss      | -270     |
|    critic_loss     | 20.7     |
|    ent_coef        | 0.0651   |
|    ent_coef_loss   | -0.782   |
|    learning_rate   | 0.0003   |
|    n_updates       | 517158   |
---------------------------------
Eval num_timesteps=530000, episode_reward=3983.73 +/- 53.05
Episode length: 1000.00 +/- 0.00
---------------------------------
| eval/              |          |
|    mean_ep_length  | 1e+03    |
|    mean_reward     | 3.98e+03 |
| time/              |          |
|    total_timesteps | 530000   |
| train/             |          |
|    actor_loss      | -260     |
|    critic_loss     | 15.5     |
|    ent_coef        | 0.0646   |
|    ent_coef_loss   | -2.46    |
|    learning_rate   | 0.0003   |
|    n_updates       | 519999   |
---------------------------------
---------------------------------
| rollout/           |          |
|    ep_len_mean     | 951      |
|    ep_rew_mean     | 3.65e+03 |
| time/              |          |
|    episodes        | 1880     |
|    fps             | 233      |
|    time_elapsed    | 2274     |
|    total_timesteps | 531159   |
| train/             |          |
|    actor_loss      | -258     |
|    critic_loss     | 17       |
|    ent_coef        | 0.0644   |
|    ent_coef_loss   | -0.811   |
|    learning_rate   | 0.0003   |
|    n_updates       | 521158   |
---------------------------------
---------------------------------
| rollout/           |          |
|    ep_len_mean     | 958      |
|    ep_rew_mean     | 3.69e+03 |
| time/              |          |
|    episodes        | 1884     |
|    fps             | 233      |
|    time_elapsed    | 2291     |
|    total_timesteps | 535159   |
| train/             |          |
|    actor_loss      | -260     |
|    critic_loss     | 16.4     |
|    ent_coef        | 0.065    |
|    ent_coef_loss   | 0.425    |
|    learning_rate   | 0.0003   |
|    n_updates       | 525158   |
---------------------------------
---------------------------------
| rollout/           |          |
|    ep_len_mean     | 966      |
|    ep_rew_mean     | 3.73e+03 |
| time/              |          |
|    episodes        | 1888     |
|    fps             | 233      |
|    time_elapsed    | 2308     |
|    total_timesteps | 539159   |
| train/             |          |
|    actor_loss      | -267     |
|    critic_loss     | 12.6     |
|    ent_coef        | 0.0617   |
|    ent_coef_loss   | 0.6      |
|    learning_rate   | 0.0003   |
|    n_updates       | 529158   |
---------------------------------
Eval num_timesteps=540000, episode_reward=4192.84 +/- 66.15
Episode length: 1000.00 +/- 0.00
---------------------------------
| eval/              |          |
|    mean_ep_length  | 1e+03    |
|    mean_reward     | 4.19e+03 |
| time/              |          |
|    total_timesteps | 540000   |
| train/             |          |
|    actor_loss      | -264     |
|    critic_loss     | 21.3     |
|    ent_coef        | 0.0645   |
|    ent_coef_loss   | 0.495    |
|    learning_rate   | 0.0003   |
|    n_updates       | 529999   |
---------------------------------
New best mean reward!
---------------------------------
| rollout/           |          |
|    ep_len_mean     | 963      |
|    ep_rew_mean     | 3.72e+03 |
| time/              |          |
|    episodes        | 1892     |
|    fps             | 233      |
|    time_elapsed    | 2323     |
|    total_timesteps | 542269   |
| train/             |          |
|    actor_loss      | -268     |
|    critic_loss     | 34.9     |
|    ent_coef        | 0.0644   |
|    ent_coef_loss   | -0.626   |
|    learning_rate   | 0.0003   |
|    n_updates       | 532268   |
---------------------------------
---------------------------------
| rollout/           |          |
|    ep_len_mean     | 963      |
|    ep_rew_mean     | 3.74e+03 |
| time/              |          |
|    episodes        | 1896     |
|    fps             | 233      |
|    time_elapsed    | 2340     |
|    total_timesteps | 546269   |
| train/             |          |
|    actor_loss      | -262     |
|    critic_loss     | 15.4     |
|    ent_coef        | 0.064    |
|    ent_coef_loss   | 0.179    |
|    learning_rate   | 0.0003   |
|    n_updates       | 536268   |
---------------------------------
Eval num_timesteps=550000, episode_reward=2945.42 +/- 1512.63
Episode length: 723.40 +/- 339.87
---------------------------------
| eval/              |          |
|    mean_ep_length  | 723      |
|    mean_reward     | 2.95e+03 |
| time/              |          |
|    total_timesteps | 550000   |
| train/             |          |
|    actor_loss      | -265     |
|    critic_loss     | 15.7     |
|    ent_coef        | 0.0642   |
|    ent_coef_loss   | -0.717   |
|    learning_rate   | 0.0003   |
|    n_updates       | 539999   |
---------------------------------
---------------------------------
| rollout/           |          |
|    ep_len_mean     | 966      |
|    ep_rew_mean     | 3.76e+03 |
| time/              |          |
|    episodes        | 1900     |
|    fps             | 233      |
|    time_elapsed    | 2358     |
|    total_timesteps | 550269   |
| train/             |          |
|    actor_loss      | -269     |
|    critic_loss     | 15.8     |
|    ent_coef        | 0.0648   |
|    ent_coef_loss   | -1.13    |
|    learning_rate   | 0.0003   |
|    n_updates       | 540268   |
---------------------------------
---------------------------------
| rollout/           |          |
|    ep_len_mean     | 966      |
|    ep_rew_mean     | 3.77e+03 |
| time/              |          |
|    episodes        | 1904     |
|    fps             | 233      |
|    time_elapsed    | 2375     |
|    total_timesteps | 554269   |
| train/             |          |
|    actor_loss      | -270     |
|    critic_loss     | 20.7     |
|    ent_coef        | 0.0629   |
|    ent_coef_loss   | -0.86    |
|    learning_rate   | 0.0003   |
|    n_updates       | 544268   |
---------------------------------
---------------------------------
| rollout/           |          |
|    ep_len_mean     | 958      |
|    ep_rew_mean     | 3.75e+03 |
| time/              |          |
|    episodes        | 1908     |
|    fps             | 233      |
|    time_elapsed    | 2389     |
|    total_timesteps | 557453   |
| train/             |          |
|    actor_loss      | -278     |
|    critic_loss     | 19.1     |
|    ent_coef        | 0.0641   |
|    ent_coef_loss   | 0.314    |
|    learning_rate   | 0.0003   |
|    n_updates       | 547452   |
---------------------------------
Eval num_timesteps=560000, episode_reward=3223.20 +/- 1465.40
Episode length: 825.50 +/- 351.29
---------------------------------
| eval/              |          |
|    mean_ep_length  | 826      |
|    mean_reward     | 3.22e+03 |
| time/              |          |
|    total_timesteps | 560000   |
| train/             |          |
|    actor_loss      | -266     |
|    critic_loss     | 32.3     |
|    ent_coef        | 0.0646   |
|    ent_coef_loss   | 0.304    |
|    learning_rate   | 0.0003   |
|    n_updates       | 549999   |
---------------------------------
---------------------------------
| rollout/           |          |
|    ep_len_mean     | 958      |
|    ep_rew_mean     | 3.76e+03 |
| time/              |          |
|    episodes        | 1912     |
|    fps             | 233      |
|    time_elapsed    | 2407     |
|    total_timesteps | 561453   |
| train/             |          |
|    actor_loss      | -266     |
|    critic_loss     | 14.1     |
|    ent_coef        | 0.0648   |
|    ent_coef_loss   | -0.656   |
|    learning_rate   | 0.0003   |
|    n_updates       | 551452   |
---------------------------------
---------------------------------
| rollout/           |          |
|    ep_len_mean     | 975      |
|    ep_rew_mean     | 3.84e+03 |
| time/              |          |
|    episodes        | 1916     |
|    fps             | 233      |
|    time_elapsed    | 2424     |
|    total_timesteps | 565453   |
| train/             |          |
|    actor_loss      | -279     |
|    critic_loss     | 15.9     |
|    ent_coef        | 0.0637   |
|    ent_coef_loss   | -0.672   |
|    learning_rate   | 0.0003   |
|    n_updates       | 555452   |
---------------------------------
---------------------------------
| rollout/           |          |
|    ep_len_mean     | 977      |
|    ep_rew_mean     | 3.86e+03 |
| time/              |          |
|    episodes        | 1920     |
|    fps             | 233      |
|    time_elapsed    | 2441     |
|    total_timesteps | 569453   |
| train/             |          |
|    actor_loss      | -274     |
|    critic_loss     | 13.4     |
|    ent_coef        | 0.0651   |
|    ent_coef_loss   | -1.29    |
|    learning_rate   | 0.0003   |
|    n_updates       | 559452   |
---------------------------------
Eval num_timesteps=570000, episode_reward=3443.24 +/- 1415.81
Episode length: 839.60 +/- 320.84
---------------------------------
| eval/              |          |
|    mean_ep_length  | 840      |
|    mean_reward     | 3.44e+03 |
| time/              |          |
|    total_timesteps | 570000   |
| train/             |          |
|    actor_loss      | -272     |
|    critic_loss     | 19.9     |
|    ent_coef        | 0.0647   |
|    ent_coef_loss   | 0.802    |
|    learning_rate   | 0.0003   |
|    n_updates       | 559999   |
---------------------------------
---------------------------------
| rollout/           |          |
|    ep_len_mean     | 977      |
|    ep_rew_mean     | 3.87e+03 |
| time/              |          |
|    episodes        | 1924     |
|    fps             | 233      |
|    time_elapsed    | 2460     |
|    total_timesteps | 573453   |
| train/             |          |
|    actor_loss      | -275     |
|    critic_loss     | 16       |
|    ent_coef        | 0.0629   |
|    ent_coef_loss   | 1.27     |
|    learning_rate   | 0.0003   |
|    n_updates       | 563452   |
---------------------------------
---------------------------------
| rollout/           |          |
|    ep_len_mean     | 977      |
|    ep_rew_mean     | 3.88e+03 |
| time/              |          |
|    episodes        | 1928     |
|    fps             | 233      |
|    time_elapsed    | 2477     |
|    total_timesteps | 577453   |
| train/             |          |
|    actor_loss      | -271     |
|    critic_loss     | 21.6     |
|    ent_coef        | 0.0643   |
|    ent_coef_loss   | 0.355    |
|    learning_rate   | 0.0003   |
|    n_updates       | 567452   |
---------------------------------
Eval num_timesteps=580000, episode_reward=4153.98 +/- 85.88
Episode length: 1000.00 +/- 0.00
---------------------------------
| eval/              |          |
|    mean_ep_length  | 1e+03    |
|    mean_reward     | 4.15e+03 |
| time/              |          |
|    total_timesteps | 580000   |
| train/             |          |
|    actor_loss      | -282     |
|    critic_loss     | 11.3     |
|    ent_coef        | 0.0641   |
|    ent_coef_loss   | -2.02    |
|    learning_rate   | 0.0003   |
|    n_updates       | 569999   |
---------------------------------
---------------------------------
| rollout/           |          |
|    ep_len_mean     | 977      |
|    ep_rew_mean     | 3.89e+03 |
| time/              |          |
|    episodes        | 1932     |
|    fps             | 232      |
|    time_elapsed    | 2496     |
|    total_timesteps | 581453   |
| train/             |          |
|    actor_loss      | -281     |
|    critic_loss     | 12.5     |
|    ent_coef        | 0.0613   |
|    ent_coef_loss   | -0.461   |
|    learning_rate   | 0.0003   |
|    n_updates       | 571452   |
---------------------------------
---------------------------------
| rollout/           |          |
|    ep_len_mean     | 977      |
|    ep_rew_mean     | 3.9e+03  |
| time/              |          |
|    episodes        | 1936     |
|    fps             | 232      |
|    time_elapsed    | 2514     |
|    total_timesteps | 585453   |
| train/             |          |
|    actor_loss      | -280     |
|    critic_loss     | 14.7     |
|    ent_coef        | 0.0652   |
|    ent_coef_loss   | 0.284    |
|    learning_rate   | 0.0003   |
|    n_updates       | 575452   |
---------------------------------
---------------------------------
| rollout/           |          |
|    ep_len_mean     | 976      |
|    ep_rew_mean     | 3.91e+03 |
| time/              |          |
|    episodes        | 1940     |
|    fps             | 232      |
|    time_elapsed    | 2530     |
|    total_timesteps | 589310   |
| train/             |          |
|    actor_loss      | -282     |
|    critic_loss     | 18.8     |
|    ent_coef        | 0.0672   |
|    ent_coef_loss   | -0.412   |
|    learning_rate   | 0.0003   |
|    n_updates       | 579309   |
---------------------------------
Eval num_timesteps=590000, episode_reward=4031.96 +/- 74.07
Episode length: 1000.00 +/- 0.00
---------------------------------
| eval/              |          |
|    mean_ep_length  | 1e+03    |
|    mean_reward     | 4.03e+03 |
| time/              |          |
|    total_timesteps | 590000   |
| train/             |          |
|    actor_loss      | -289     |
|    critic_loss     | 14.5     |
|    ent_coef        | 0.0646   |
|    ent_coef_loss   | 0.304    |
|    learning_rate   | 0.0003   |
|    n_updates       | 579999   |
---------------------------------
---------------------------------
| rollout/           |          |
|    ep_len_mean     | 976      |
|    ep_rew_mean     | 3.92e+03 |
| time/              |          |
|    episodes        | 1944     |
|    fps             | 232      |
|    time_elapsed    | 2548     |
|    total_timesteps | 593310   |
| train/             |          |
|    actor_loss      | -272     |
|    critic_loss     | 18.5     |
|    ent_coef        | 0.0645   |
|    ent_coef_loss   | 1.63     |
|    learning_rate   | 0.0003   |
|    n_updates       | 583309   |
---------------------------------
---------------------------------
| rollout/           |          |
|    ep_len_mean     | 976      |
|    ep_rew_mean     | 3.94e+03 |
| time/              |          |
|    episodes        | 1948     |
|    fps             | 232      |
|    time_elapsed    | 2565     |
|    total_timesteps | 597310   |
| train/             |          |
|    actor_loss      | -270     |
|    critic_loss     | 19.1     |
|    ent_coef        | 0.0652   |
|    ent_coef_loss   | -0.69    |
|    learning_rate   | 0.0003   |
|    n_updates       | 587309   |
---------------------------------
Eval num_timesteps=600000, episode_reward=3823.94 +/- 1094.30
Episode length: 918.70 +/- 243.90
---------------------------------
| eval/              |          |
|    mean_ep_length  | 919      |
|    mean_reward     | 3.82e+03 |
| time/              |          |
|    total_timesteps | 600000   |
| train/             |          |
|    actor_loss      | -283     |
|    critic_loss     | 19.1     |
|    ent_coef        | 0.0643   |
|    ent_coef_loss   | 0.788    |
|    learning_rate   | 0.0003   |
|    n_updates       | 589999   |
---------------------------------
---------------------------------
| rollout/           |          |
|    ep_len_mean     | 976      |
|    ep_rew_mean     | 3.95e+03 |
| time/              |          |
|    episodes        | 1952     |
|    fps             | 232      |
|    time_elapsed    | 2584     |
|    total_timesteps | 601310   |
| train/             |          |
|    actor_loss      | -280     |
|    critic_loss     | 15.8     |
|    ent_coef        | 0.0672   |
|    ent_coef_loss   | -0.371   |
|    learning_rate   | 0.0003   |
|    n_updates       | 591309   |
---------------------------------
---------------------------------
| rollout/           |          |
|    ep_len_mean     | 967      |
|    ep_rew_mean     | 3.91e+03 |
| time/              |          |
|    episodes        | 1956     |
|    fps             | 232      |
|    time_elapsed    | 2597     |
|    total_timesteps | 604404   |
| train/             |          |
|    actor_loss      | -289     |
|    critic_loss     | 22.7     |
|    ent_coef        | 0.0655   |
|    ent_coef_loss   | -0.339   |
|    learning_rate   | 0.0003   |
|    n_updates       | 594403   |
---------------------------------
---------------------------------
| rollout/           |          |
|    ep_len_mean     | 972      |
|    ep_rew_mean     | 3.95e+03 |
| time/              |          |
|    episodes        | 1960     |
|    fps             | 232      |
|    time_elapsed    | 2614     |
|    total_timesteps | 608404   |
| train/             |          |
|    actor_loss      | -283     |
|    critic_loss     | 14.9     |
|    ent_coef        | 0.0624   |
|    ent_coef_loss   | -1.32    |
|    learning_rate   | 0.0003   |
|    n_updates       | 598403   |
---------------------------------
Eval num_timesteps=610000, episode_reward=4334.29 +/- 78.39
Episode length: 1000.00 +/- 0.00
---------------------------------
| eval/              |          |
|    mean_ep_length  | 1e+03    |
|    mean_reward     | 4.33e+03 |
| time/              |          |
|    total_timesteps | 610000   |
| train/             |          |
|    actor_loss      | -280     |
|    critic_loss     | 25.9     |
|    ent_coef        | 0.0645   |
|    ent_coef_loss   | 0.459    |
|    learning_rate   | 0.0003   |
|    n_updates       | 599999   |
---------------------------------
New best mean reward!
---------------------------------
| rollout/           |          |
|    ep_len_mean     | 972      |
|    ep_rew_mean     | 3.96e+03 |
| time/              |          |
|    episodes        | 1964     |
|    fps             | 232      |
|    time_elapsed    | 2633     |
|    total_timesteps | 612404   |
| train/             |          |
|    actor_loss      | -276     |
|    critic_loss     | 23.3     |
|    ent_coef        | 0.0654   |
|    ent_coef_loss   | -0.839   |
|    learning_rate   | 0.0003   |
|    n_updates       | 602403   |
---------------------------------
---------------------------------
| rollout/           |          |
|    ep_len_mean     | 972      |
|    ep_rew_mean     | 3.97e+03 |
| time/              |          |
|    episodes        | 1968     |
|    fps             | 232      |
|    time_elapsed    | 2650     |
|    total_timesteps | 616404   |
| train/             |          |
|    actor_loss      | -294     |
|    critic_loss     | 18.4     |
|    ent_coef        | 0.067    |
|    ent_coef_loss   | -0.265   |
|    learning_rate   | 0.0003   |
|    n_updates       | 606403   |
---------------------------------
---------------------------------
| rollout/           |          |
|    ep_len_mean     | 964      |
|    ep_rew_mean     | 3.94e+03 |
| time/              |          |
|    episodes        | 1972     |
|    fps             | 232      |
|    time_elapsed    | 2663     |
|    total_timesteps | 619520   |
| train/             |          |
|    actor_loss      | -287     |
|    critic_loss     | 20.7     |
|    ent_coef        | 0.0646   |
|    ent_coef_loss   | -1.52    |
|    learning_rate   | 0.0003   |
|    n_updates       | 609519   |
---------------------------------
Eval num_timesteps=620000, episode_reward=3605.52 +/- 1351.93
Episode length: 849.80 +/- 302.80
---------------------------------
| eval/              |          |
|    mean_ep_length  | 850      |
|    mean_reward     | 3.61e+03 |
| time/              |          |
|    total_timesteps | 620000   |
| train/             |          |
|    actor_loss      | -287     |
|    critic_loss     | 14.3     |
|    ent_coef        | 0.0644   |
|    ent_coef_loss   | 1.58     |
|    learning_rate   | 0.0003   |
|    n_updates       | 609999   |
---------------------------------
---------------------------------
| rollout/           |          |
|    ep_len_mean     | 954      |
|    ep_rew_mean     | 3.9e+03  |
| time/              |          |
|    episodes        | 1976     |
|    fps             | 232      |
|    time_elapsed    | 2678     |
|    total_timesteps | 622591   |
| train/             |          |
|    actor_loss      | -298     |
|    critic_loss     | 12.3     |
|    ent_coef        | 0.0658   |
|    ent_coef_loss   | -1.8     |
|    learning_rate   | 0.0003   |
|    n_updates       | 612590   |
---------------------------------
---------------------------------
| rollout/           |          |
|    ep_len_mean     | 954      |
|    ep_rew_mean     | 3.91e+03 |
| time/              |          |
|    episodes        | 1980     |
|    fps             | 232      |
|    time_elapsed    | 2695     |
|    total_timesteps | 626591   |
| train/             |          |
|    actor_loss      | -291     |
|    critic_loss     | 20.8     |
|    ent_coef        | 0.0627   |
|    ent_coef_loss   | 0.719    |
|    learning_rate   | 0.0003   |
|    n_updates       | 616590   |
---------------------------------
---------------------------------
| rollout/           |          |
|    ep_len_mean     | 945      |
|    ep_rew_mean     | 3.88e+03 |
| time/              |          |
|    episodes        | 1984     |
|    fps             | 232      |
|    time_elapsed    | 2708     |
|    total_timesteps | 629677   |
| train/             |          |
|    actor_loss      | -295     |
|    critic_loss     | 19.3     |
|    ent_coef        | 0.064    |
|    ent_coef_loss   | -0.261   |
|    learning_rate   | 0.0003   |
|    n_updates       | 619676   |
---------------------------------
Eval num_timesteps=630000, episode_reward=4259.15 +/- 52.77
Episode length: 1000.00 +/- 0.00
---------------------------------
| eval/              |          |
|    mean_ep_length  | 1e+03    |
|    mean_reward     | 4.26e+03 |
| time/              |          |
|    total_timesteps | 630000   |
| train/             |          |
|    actor_loss      | -290     |
|    critic_loss     | 19.9     |
|    ent_coef        | 0.0626   |
|    ent_coef_loss   | -0.676   |
|    learning_rate   | 0.0003   |
|    n_updates       | 619999   |
---------------------------------
---------------------------------
| rollout/           |          |
|    ep_len_mean     | 945      |
|    ep_rew_mean     | 3.88e+03 |
| time/              |          |
|    episodes        | 1988     |
|    fps             | 232      |
|    time_elapsed    | 2727     |
|    total_timesteps | 633677   |
| train/             |          |
|    actor_loss      | -295     |
|    critic_loss     | 15.3     |
|    ent_coef        | 0.0659   |
|    ent_coef_loss   | 1.78     |
|    learning_rate   | 0.0003   |
|    n_updates       | 623676   |
---------------------------------
---------------------------------
| rollout/           |          |
|    ep_len_mean     | 936      |
|    ep_rew_mean     | 3.84e+03 |
| time/              |          |
|    episodes        | 1992     |
|    fps             | 232      |
|    time_elapsed    | 2736     |
|    total_timesteps | 635855   |
| train/             |          |
|    actor_loss      | -296     |
|    critic_loss     | 22.9     |
|    ent_coef        | 0.064    |
|    ent_coef_loss   | -1.61    |
|    learning_rate   | 0.0003   |
|    n_updates       | 625854   |
---------------------------------
---------------------------------
| rollout/           |          |
|    ep_len_mean     | 936      |
|    ep_rew_mean     | 3.85e+03 |
| time/              |          |
|    episodes        | 1996     |
|    fps             | 232      |
|    time_elapsed    | 2753     |
|    total_timesteps | 639855   |
| train/             |          |
|    actor_loss      | -293     |
|    critic_loss     | 17.2     |
|    ent_coef        | 0.0669   |
|    ent_coef_loss   | -0.338   |
|    learning_rate   | 0.0003   |
|    n_updates       | 629854   |
---------------------------------
Eval num_timesteps=640000, episode_reward=4094.27 +/- 23.18
Episode length: 1000.00 +/- 0.00
---------------------------------
| eval/              |          |
|    mean_ep_length  | 1e+03    |
|    mean_reward     | 4.09e+03 |
| time/              |          |
|    total_timesteps | 640000   |
| train/             |          |
|    actor_loss      | -300     |
|    critic_loss     | 18.8     |
|    ent_coef        | 0.0671   |
|    ent_coef_loss   | -0.468   |
|    learning_rate   | 0.0003   |
|    n_updates       | 629999   |
---------------------------------
---------------------------------
| rollout/           |          |
|    ep_len_mean     | 936      |
|    ep_rew_mean     | 3.85e+03 |
| time/              |          |
|    episodes        | 2000     |
|    fps             | 232      |
|    time_elapsed    | 2772     |
|    total_timesteps | 643855   |
| train/             |          |
|    actor_loss      | -288     |
|    critic_loss     | 19       |
|    ent_coef        | 0.0643   |
|    ent_coef_loss   | -0.339   |
|    learning_rate   | 0.0003   |
|    n_updates       | 633854   |
---------------------------------
---------------------------------
| rollout/           |          |
|    ep_len_mean     | 926      |
|    ep_rew_mean     | 3.81e+03 |
| time/              |          |
|    episodes        | 2004     |
|    fps             | 232      |
|    time_elapsed    | 2785     |
|    total_timesteps | 646891   |
| train/             |          |
|    actor_loss      | -301     |
|    critic_loss     | 17.5     |
|    ent_coef        | 0.0654   |
|    ent_coef_loss   | -0.57    |
|    learning_rate   | 0.0003   |
|    n_updates       | 636890   |
---------------------------------
---------------------------------
| rollout/           |          |
|    ep_len_mean     | 925      |
|    ep_rew_mean     | 3.81e+03 |
| time/              |          |
|    episodes        | 2008     |
|    fps             | 232      |
|    time_elapsed    | 2798     |
|    total_timesteps | 649927   |
| train/             |          |
|    actor_loss      | -306     |
|    critic_loss     | 15.4     |
|    ent_coef        | 0.0637   |
|    ent_coef_loss   | -0.688   |
|    learning_rate   | 0.0003   |
|    n_updates       | 639926   |
---------------------------------
Eval num_timesteps=650000, episode_reward=4255.24 +/- 88.71
Episode length: 1000.00 +/- 0.00
---------------------------------
| eval/              |          |
|    mean_ep_length  | 1e+03    |
|    mean_reward     | 4.26e+03 |
| time/              |          |
|    total_timesteps | 650000   |
| train/             |          |
|    actor_loss      | -296     |
|    critic_loss     | 20.8     |
|    ent_coef        | 0.0633   |
|    ent_coef_loss   | 0.156    |
|    learning_rate   | 0.0003   |
|    n_updates       | 639999   |
---------------------------------
---------------------------------
| rollout/           |          |
|    ep_len_mean     | 925      |
|    ep_rew_mean     | 3.82e+03 |
| time/              |          |
|    episodes        | 2012     |
|    fps             | 232      |
|    time_elapsed    | 2817     |
|    total_timesteps | 653927   |
| train/             |          |
|    actor_loss      | -304     |
|    critic_loss     | 13.3     |
|    ent_coef        | 0.064    |
|    ent_coef_loss   | 0.262    |
|    learning_rate   | 0.0003   |
|    n_updates       | 643926   |
---------------------------------
---------------------------------
| rollout/           |          |
|    ep_len_mean     | 925      |
|    ep_rew_mean     | 3.82e+03 |
| time/              |          |
|    episodes        | 2016     |
|    fps             | 232      |
|    time_elapsed    | 2834     |
|    total_timesteps | 657927   |
| train/             |          |
|    actor_loss      | -310     |
|    critic_loss     | 21       |
|    ent_coef        | 0.0629   |
|    ent_coef_loss   | 1        |
|    learning_rate   | 0.0003   |
|    n_updates       | 647926   |
---------------------------------
Eval num_timesteps=660000, episode_reward=4329.08 +/- 108.55
Episode length: 1000.00 +/- 0.00
---------------------------------
| eval/              |          |
|    mean_ep_length  | 1e+03    |
|    mean_reward     | 4.33e+03 |
| time/              |          |
|    total_timesteps | 660000   |
| train/             |          |
|    actor_loss      | -309     |
|    critic_loss     | 20.4     |
|    ent_coef        | 0.0635   |
|    ent_coef_loss   | -0.553   |
|    learning_rate   | 0.0003   |
|    n_updates       | 649999   |
---------------------------------
---------------------------------
| rollout/           |          |
|    ep_len_mean     | 925      |
|    ep_rew_mean     | 3.83e+03 |
| time/              |          |
|    episodes        | 2020     |
|    fps             | 231      |
|    time_elapsed    | 2854     |
|    total_timesteps | 661927   |
| train/             |          |
|    actor_loss      | -296     |
|    critic_loss     | 17.1     |
|    ent_coef        | 0.06     |
|    ent_coef_loss   | -0.253   |
|    learning_rate   | 0.0003   |
|    n_updates       | 651926   |
---------------------------------
---------------------------------
| rollout/           |          |
|    ep_len_mean     | 925      |
|    ep_rew_mean     | 3.84e+03 |
| time/              |          |
|    episodes        | 2024     |
|    fps             | 231      |
|    time_elapsed    | 2871     |
|    total_timesteps | 665927   |
| train/             |          |
|    actor_loss      | -310     |
|    critic_loss     | 15.9     |
|    ent_coef        | 0.0654   |
|    ent_coef_loss   | -1.46    |
|    learning_rate   | 0.0003   |
|    n_updates       | 655926   |
---------------------------------
---------------------------------
| rollout/           |          |
|    ep_len_mean     | 925      |
|    ep_rew_mean     | 3.85e+03 |
| time/              |          |
|    episodes        | 2028     |
|    fps             | 231      |
|    time_elapsed    | 2889     |
|    total_timesteps | 669927   |
| train/             |          |
|    actor_loss      | -300     |
|    critic_loss     | 15.8     |
|    ent_coef        | 0.062    |
|    ent_coef_loss   | 2.01     |
|    learning_rate   | 0.0003   |
|    n_updates       | 659926   |
---------------------------------
Eval num_timesteps=670000, episode_reward=4310.71 +/- 20.73
Episode length: 1000.00 +/- 0.00
---------------------------------
| eval/              |          |
|    mean_ep_length  | 1e+03    |
|    mean_reward     | 4.31e+03 |
| time/              |          |
|    total_timesteps | 670000   |
| train/             |          |
|    actor_loss      | -297     |
|    critic_loss     | 18.5     |
|    ent_coef        | 0.0624   |
|    ent_coef_loss   | 0.875    |
|    learning_rate   | 0.0003   |
|    n_updates       | 659999   |
---------------------------------
---------------------------------
| rollout/           |          |
|    ep_len_mean     | 925      |
|    ep_rew_mean     | 3.85e+03 |
| time/              |          |
|    episodes        | 2032     |
|    fps             | 231      |
|    time_elapsed    | 2909     |
|    total_timesteps | 673927   |
| train/             |          |
|    actor_loss      | -297     |
|    critic_loss     | 19       |
|    ent_coef        | 0.0622   |
|    ent_coef_loss   | -0.415   |
|    learning_rate   | 0.0003   |
|    n_updates       | 663926   |
---------------------------------
---------------------------------
| rollout/           |          |
|    ep_len_mean     | 925      |
|    ep_rew_mean     | 3.85e+03 |
| time/              |          |
|    episodes        | 2036     |
|    fps             | 231      |
|    time_elapsed    | 2926     |
|    total_timesteps | 677927   |
| train/             |          |
|    actor_loss      | -302     |
|    critic_loss     | 17.7     |
|    ent_coef        | 0.0623   |
|    ent_coef_loss   | 0.78     |
|    learning_rate   | 0.0003   |
|    n_updates       | 667926   |
---------------------------------
Eval num_timesteps=680000, episode_reward=4195.75 +/- 46.45
Episode length: 1000.00 +/- 0.00
---------------------------------
| eval/              |          |
|    mean_ep_length  | 1e+03    |
|    mean_reward     | 4.2e+03  |
| time/              |          |
|    total_timesteps | 680000   |
| train/             |          |
|    actor_loss      | -299     |
|    critic_loss     | 10.7     |
|    ent_coef        | 0.0633   |
|    ent_coef_loss   | -1.75    |
|    learning_rate   | 0.0003   |
|    n_updates       | 669999   |
---------------------------------
---------------------------------
| rollout/           |          |
|    ep_len_mean     | 926      |
|    ep_rew_mean     | 3.86e+03 |
| time/              |          |
|    episodes        | 2040     |
|    fps             | 231      |
|    time_elapsed    | 2946     |
|    total_timesteps | 681927   |
| train/             |          |
|    actor_loss      | -320     |
|    critic_loss     | 15.1     |
|    ent_coef        | 0.0634   |
|    ent_coef_loss   | -1.46    |
|    learning_rate   | 0.0003   |
|    n_updates       | 671926   |
---------------------------------
---------------------------------
| rollout/           |          |
|    ep_len_mean     | 926      |
|    ep_rew_mean     | 3.87e+03 |
| time/              |          |
|    episodes        | 2044     |
|    fps             | 231      |
|    time_elapsed    | 2963     |
|    total_timesteps | 685927   |
| train/             |          |
|    actor_loss      | -308     |
|    critic_loss     | 22.2     |
|    ent_coef        | 0.0633   |
|    ent_coef_loss   | -0.578   |
|    learning_rate   | 0.0003   |
|    n_updates       | 675926   |
---------------------------------
---------------------------------
| rollout/           |          |
|    ep_len_mean     | 926      |
|    ep_rew_mean     | 3.87e+03 |
| time/              |          |
|    episodes        | 2048     |
|    fps             | 231      |
|    time_elapsed    | 2980     |
|    total_timesteps | 689927   |
| train/             |          |
|    actor_loss      | -302     |
|    critic_loss     | 39.2     |
|    ent_coef        | 0.0654   |
|    ent_coef_loss   | 0.648    |
|    learning_rate   | 0.0003   |
|    n_updates       | 679926   |
---------------------------------
Eval num_timesteps=690000, episode_reward=4207.56 +/- 68.98
Episode length: 1000.00 +/- 0.00
---------------------------------
| eval/              |          |
|    mean_ep_length  | 1e+03    |
|    mean_reward     | 4.21e+03 |
| time/              |          |
|    total_timesteps | 690000   |
| train/             |          |
|    actor_loss      | -305     |
|    critic_loss     | 23.1     |
|    ent_coef        | 0.0655   |
|    ent_coef_loss   | -0.448   |
|    learning_rate   | 0.0003   |
|    n_updates       | 679999   |
---------------------------------
---------------------------------
| rollout/           |          |
|    ep_len_mean     | 926      |
|    ep_rew_mean     | 3.88e+03 |
| time/              |          |
|    episodes        | 2052     |
|    fps             | 231      |
|    time_elapsed    | 2999     |
|    total_timesteps | 693927   |
| train/             |          |
|    actor_loss      | -292     |
|    critic_loss     | 19       |
|    ent_coef        | 0.0627   |
|    ent_coef_loss   | -0.965   |
|    learning_rate   | 0.0003   |
|    n_updates       | 683926   |
---------------------------------
---------------------------------
| rollout/           |          |
|    ep_len_mean     | 935      |
|    ep_rew_mean     | 3.92e+03 |
| time/              |          |
|    episodes        | 2056     |
|    fps             | 231      |
|    time_elapsed    | 3016     |
|    total_timesteps | 697927   |
| train/             |          |
|    actor_loss      | -310     |
|    critic_loss     | 15.9     |
|    ent_coef        | 0.0637   |
|    ent_coef_loss   | -0.165   |
|    learning_rate   | 0.0003   |
|    n_updates       | 687926   |
---------------------------------
Eval num_timesteps=700000, episode_reward=4115.45 +/- 86.68
Episode length: 1000.00 +/- 0.00
---------------------------------
| eval/              |          |
|    mean_ep_length  | 1e+03    |
|    mean_reward     | 4.12e+03 |
| time/              |          |
|    total_timesteps | 700000   |
| train/             |          |
|    actor_loss      | -300     |
|    critic_loss     | 17       |
|    ent_coef        | 0.0643   |
|    ent_coef_loss   | 0.214    |
|    learning_rate   | 0.0003   |
|    n_updates       | 689999   |
---------------------------------
---------------------------------
| rollout/           |          |
|    ep_len_mean     | 935      |
|    ep_rew_mean     | 3.92e+03 |
| time/              |          |
|    episodes        | 2060     |
|    fps             | 231      |
|    time_elapsed    | 3035     |
|    total_timesteps | 701927   |
| train/             |          |
|    actor_loss      | -301     |
|    critic_loss     | 23.5     |
|    ent_coef        | 0.0654   |
|    ent_coef_loss   | 1.22     |
|    learning_rate   | 0.0003   |
|    n_updates       | 691926   |
---------------------------------
---------------------------------
| rollout/           |          |
|    ep_len_mean     | 935      |
|    ep_rew_mean     | 3.92e+03 |
| time/              |          |
|    episodes        | 2064     |
|    fps             | 231      |
|    time_elapsed    | 3053     |
|    total_timesteps | 705927   |
| train/             |          |
|    actor_loss      | -312     |
|    critic_loss     | 13.7     |
|    ent_coef        | 0.0632   |
|    ent_coef_loss   | -0.0711  |
|    learning_rate   | 0.0003   |
|    n_updates       | 695926   |
---------------------------------
---------------------------------
| rollout/           |          |
|    ep_len_mean     | 935      |
|    ep_rew_mean     | 3.93e+03 |
| time/              |          |
|    episodes        | 2068     |
|    fps             | 231      |
|    time_elapsed    | 3070     |
|    total_timesteps | 709927   |
| train/             |          |
|    actor_loss      | -301     |
|    critic_loss     | 20.4     |
|    ent_coef        | 0.0627   |
|    ent_coef_loss   | -0.494   |
|    learning_rate   | 0.0003   |
|    n_updates       | 699926   |
---------------------------------
Eval num_timesteps=710000, episode_reward=4247.85 +/- 91.90
Episode length: 1000.00 +/- 0.00
---------------------------------
| eval/              |          |
|    mean_ep_length  | 1e+03    |
|    mean_reward     | 4.25e+03 |
| time/              |          |
|    total_timesteps | 710000   |
| train/             |          |
|    actor_loss      | -314     |
|    critic_loss     | 15.9     |
|    ent_coef        | 0.0626   |
|    ent_coef_loss   | 0.178    |
|    learning_rate   | 0.0003   |
|    n_updates       | 699999   |
---------------------------------
---------------------------------
| rollout/           |          |
|    ep_len_mean     | 944      |
|    ep_rew_mean     | 3.97e+03 |
| time/              |          |
|    episodes        | 2072     |
|    fps             | 231      |
|    time_elapsed    | 3088     |
|    total_timesteps | 713927   |
| train/             |          |
|    actor_loss      | -316     |
|    critic_loss     | 11.8     |
|    ent_coef        | 0.0639   |
|    ent_coef_loss   | -0.667   |
|    learning_rate   | 0.0003   |
|    n_updates       | 703926   |
---------------------------------
---------------------------------
| rollout/           |          |
|    ep_len_mean     | 953      |
|    ep_rew_mean     | 4.02e+03 |
| time/              |          |
|    episodes        | 2076     |
|    fps             | 231      |
|    time_elapsed    | 3106     |
|    total_timesteps | 717927   |
| train/             |          |
|    actor_loss      | -314     |
|    critic_loss     | 17.6     |
|    ent_coef        | 0.0637   |
|    ent_coef_loss   | -0.828   |
|    learning_rate   | 0.0003   |
|    n_updates       | 707926   |
---------------------------------
Eval num_timesteps=720000, episode_reward=3881.05 +/- 1119.73
Episode length: 918.30 +/- 245.10
---------------------------------
| eval/              |          |
|    mean_ep_length  | 918      |
|    mean_reward     | 3.88e+03 |
| time/              |          |
|    total_timesteps | 720000   |
| train/             |          |
|    actor_loss      | -308     |
|    critic_loss     | 15       |
|    ent_coef        | 0.0629   |
|    ent_coef_loss   | -0.687   |
|    learning_rate   | 0.0003   |
|    n_updates       | 709999   |
---------------------------------
---------------------------------
| rollout/           |          |
|    ep_len_mean     | 953      |
|    ep_rew_mean     | 4.02e+03 |
| time/              |          |
|    episodes        | 2080     |
|    fps             | 231      |
|    time_elapsed    | 3125     |
|    total_timesteps | 721927   |
| train/             |          |
|    actor_loss      | -316     |
|    critic_loss     | 10.9     |
|    ent_coef        | 0.0653   |
|    ent_coef_loss   | -1.02    |
|    learning_rate   | 0.0003   |
|    n_updates       | 711926   |
---------------------------------
---------------------------------
| rollout/           |          |
|    ep_len_mean     | 962      |
|    ep_rew_mean     | 4.07e+03 |
| time/              |          |
|    episodes        | 2084     |
|    fps             | 231      |
|    time_elapsed    | 3142     |
|    total_timesteps | 725927   |
| train/             |          |
|    actor_loss      | -300     |
|    critic_loss     | 16.6     |
|    ent_coef        | 0.0607   |
|    ent_coef_loss   | 2.57     |
|    learning_rate   | 0.0003   |
|    n_updates       | 715926   |
---------------------------------
---------------------------------
| rollout/           |          |
|    ep_len_mean     | 962      |
|    ep_rew_mean     | 4.08e+03 |
| time/              |          |
|    episodes        | 2088     |
|    fps             | 231      |
|    time_elapsed    | 3159     |
|    total_timesteps | 729927   |
| train/             |          |
|    actor_loss      | -318     |
|    critic_loss     | 16.1     |
|    ent_coef        | 0.0637   |
|    ent_coef_loss   | 0.472    |
|    learning_rate   | 0.0003   |
|    n_updates       | 719926   |
---------------------------------
Eval num_timesteps=730000, episode_reward=4172.97 +/- 83.32
Episode length: 1000.00 +/- 0.00
---------------------------------
| eval/              |          |
|    mean_ep_length  | 1e+03    |
|    mean_reward     | 4.17e+03 |
| time/              |          |
|    total_timesteps | 730000   |
| train/             |          |
|    actor_loss      | -316     |
|    critic_loss     | 24.9     |
|    ent_coef        | 0.0644   |
|    ent_coef_loss   | 0.498    |
|    learning_rate   | 0.0003   |
|    n_updates       | 719999   |
---------------------------------
---------------------------------
| rollout/           |          |
|    ep_len_mean     | 981      |
|    ep_rew_mean     | 4.17e+03 |
| time/              |          |
|    episodes        | 2092     |
|    fps             | 230      |
|    time_elapsed    | 3178     |
|    total_timesteps | 733927   |
| train/             |          |
|    actor_loss      | -319     |
|    critic_loss     | 19.2     |
|    ent_coef        | 0.0611   |
|    ent_coef_loss   | -0.124   |
|    learning_rate   | 0.0003   |
|    n_updates       | 723926   |
---------------------------------
---------------------------------
| rollout/           |          |
|    ep_len_mean     | 981      |
|    ep_rew_mean     | 4.17e+03 |
| time/              |          |
|    episodes        | 2096     |
|    fps             | 230      |
|    time_elapsed    | 3195     |
|    total_timesteps | 737927   |
| train/             |          |
|    actor_loss      | -310     |
|    critic_loss     | 14.8     |
|    ent_coef        | 0.062    |
|    ent_coef_loss   | 0.485    |
|    learning_rate   | 0.0003   |
|    n_updates       | 727926   |
---------------------------------
Eval num_timesteps=740000, episode_reward=4329.87 +/- 108.90
Episode length: 1000.00 +/- 0.00
---------------------------------
| eval/              |          |
|    mean_ep_length  | 1e+03    |
|    mean_reward     | 4.33e+03 |
| time/              |          |
|    total_timesteps | 740000   |
| train/             |          |
|    actor_loss      | -313     |
|    critic_loss     | 18.7     |
|    ent_coef        | 0.06     |
|    ent_coef_loss   | -0.706   |
|    learning_rate   | 0.0003   |
|    n_updates       | 729999   |
---------------------------------
---------------------------------
| rollout/           |          |
|    ep_len_mean     | 981      |
|    ep_rew_mean     | 4.18e+03 |
| time/              |          |
|    episodes        | 2100     |
|    fps             | 230      |
|    time_elapsed    | 3214     |
|    total_timesteps | 741927   |
| train/             |          |
|    actor_loss      | -323     |
|    critic_loss     | 14.4     |
|    ent_coef        | 0.0621   |
|    ent_coef_loss   | -0.654   |
|    learning_rate   | 0.0003   |
|    n_updates       | 731926   |
---------------------------------
---------------------------------
| rollout/           |          |
|    ep_len_mean     | 990      |
|    ep_rew_mean     | 4.23e+03 |
| time/              |          |
|    episodes        | 2104     |
|    fps             | 230      |
|    time_elapsed    | 3232     |
|    total_timesteps | 745927   |
| train/             |          |
|    actor_loss      | -310     |
|    critic_loss     | 15.3     |
|    ent_coef        | 0.0652   |
|    ent_coef_loss   | 1.11     |
|    learning_rate   | 0.0003   |
|    n_updates       | 735926   |
---------------------------------
---------------------------------
| rollout/           |          |
|    ep_len_mean     | 1e+03    |
|    ep_rew_mean     | 4.27e+03 |
| time/              |          |
|    episodes        | 2108     |
|    fps             | 230      |
|    time_elapsed    | 3249     |
|    total_timesteps | 749927   |
| train/             |          |
|    actor_loss      | -315     |
|    critic_loss     | 25.3     |
|    ent_coef        | 0.0638   |
|    ent_coef_loss   | -0.447   |
|    learning_rate   | 0.0003   |
|    n_updates       | 739926   |
---------------------------------
Eval num_timesteps=750000, episode_reward=4249.03 +/- 61.35
Episode length: 1000.00 +/- 0.00
---------------------------------
| eval/              |          |
|    mean_ep_length  | 1e+03    |
|    mean_reward     | 4.25e+03 |
| time/              |          |
|    total_timesteps | 750000   |
| train/             |          |
|    actor_loss      | -318     |
|    critic_loss     | 16.8     |
|    ent_coef        | 0.0643   |
|    ent_coef_loss   | 0.447    |
|    learning_rate   | 0.0003   |
|    n_updates       | 739999   |
---------------------------------
---------------------------------
| rollout/           |          |
|    ep_len_mean     | 1e+03    |
|    ep_rew_mean     | 4.28e+03 |
| time/              |          |
|    episodes        | 2112     |
|    fps             | 230      |
|    time_elapsed    | 3268     |
|    total_timesteps | 753927   |
| train/             |          |
|    actor_loss      | -320     |
|    critic_loss     | 13.5     |
|    ent_coef        | 0.0639   |
|    ent_coef_loss   | 0.787    |
|    learning_rate   | 0.0003   |
|    n_updates       | 743926   |
---------------------------------
---------------------------------
| rollout/           |          |
|    ep_len_mean     | 1e+03    |
|    ep_rew_mean     | 4.28e+03 |
| time/              |          |
|    episodes        | 2116     |
|    fps             | 230      |
|    time_elapsed    | 3285     |
|    total_timesteps | 757927   |
| train/             |          |
|    actor_loss      | -319     |
|    critic_loss     | 15.2     |
|    ent_coef        | 0.0618   |
|    ent_coef_loss   | -0.696   |
|    learning_rate   | 0.0003   |
|    n_updates       | 747926   |
---------------------------------
Eval num_timesteps=760000, episode_reward=4318.32 +/- 81.90
Episode length: 1000.00 +/- 0.00
---------------------------------
| eval/              |          |
|    mean_ep_length  | 1e+03    |
|    mean_reward     | 4.32e+03 |
| time/              |          |
|    total_timesteps | 760000   |
| train/             |          |
|    actor_loss      | -317     |
|    critic_loss     | 16       |
|    ent_coef        | 0.0612   |
|    ent_coef_loss   | 0.404    |
|    learning_rate   | 0.0003   |
|    n_updates       | 749999   |
---------------------------------
---------------------------------
| rollout/           |          |
|    ep_len_mean     | 1e+03    |
|    ep_rew_mean     | 4.28e+03 |
| time/              |          |
|    episodes        | 2120     |
|    fps             | 230      |
|    time_elapsed    | 3305     |
|    total_timesteps | 761927   |
| train/             |          |
|    actor_loss      | -320     |
|    critic_loss     | 11.6     |
|    ent_coef        | 0.0623   |
|    ent_coef_loss   | -0.856   |
|    learning_rate   | 0.0003   |
|    n_updates       | 751926   |
---------------------------------
---------------------------------
| rollout/           |          |
|    ep_len_mean     | 1e+03    |
|    ep_rew_mean     | 4.28e+03 |
| time/              |          |
|    episodes        | 2124     |
|    fps             | 230      |
|    time_elapsed    | 3322     |
|    total_timesteps | 765927   |
| train/             |          |
|    actor_loss      | -322     |
|    critic_loss     | 17.8     |
|    ent_coef        | 0.0633   |
|    ent_coef_loss   | 0.651    |
|    learning_rate   | 0.0003   |
|    n_updates       | 755926   |
---------------------------------
---------------------------------
| rollout/           |          |
|    ep_len_mean     | 1e+03    |
|    ep_rew_mean     | 4.28e+03 |
| time/              |          |
|    episodes        | 2128     |
|    fps             | 230      |
|    time_elapsed    | 3339     |
|    total_timesteps | 769927   |
| train/             |          |
|    actor_loss      | -311     |
|    critic_loss     | 14.8     |
|    ent_coef        | 0.0588   |
|    ent_coef_loss   | 0.996    |
|    learning_rate   | 0.0003   |
|    n_updates       | 759926   |
---------------------------------
Eval num_timesteps=770000, episode_reward=4345.47 +/- 63.99
Episode length: 1000.00 +/- 0.00
---------------------------------
| eval/              |          |
|    mean_ep_length  | 1e+03    |
|    mean_reward     | 4.35e+03 |
| time/              |          |
|    total_timesteps | 770000   |
| train/             |          |
|    actor_loss      | -329     |
|    critic_loss     | 12.3     |
|    ent_coef        | 0.0587   |
|    ent_coef_loss   | -0.339   |
|    learning_rate   | 0.0003   |
|    n_updates       | 759999   |
---------------------------------
New best mean reward!
---------------------------------
| rollout/           |          |
|    ep_len_mean     | 990      |
|    ep_rew_mean     | 4.25e+03 |
| time/              |          |
|    episodes        | 2132     |
|    fps             | 230      |
|    time_elapsed    | 3353     |
|    total_timesteps | 772969   |
| train/             |          |
|    actor_loss      | -322     |
|    critic_loss     | 20.3     |
|    ent_coef        | 0.0594   |
|    ent_coef_loss   | -0.122   |
|    learning_rate   | 0.0003   |
|    n_updates       | 762968   |
---------------------------------
---------------------------------
| rollout/           |          |
|    ep_len_mean     | 990      |
|    ep_rew_mean     | 4.25e+03 |
| time/              |          |
|    episodes        | 2136     |
|    fps             | 230      |
|    time_elapsed    | 3369     |
|    total_timesteps | 776969   |
| train/             |          |
|    actor_loss      | -322     |
|    critic_loss     | 10.9     |
|    ent_coef        | 0.06     |
|    ent_coef_loss   | -1.65    |
|    learning_rate   | 0.0003   |
|    n_updates       | 766968   |
---------------------------------
Eval num_timesteps=780000, episode_reward=4368.75 +/- 39.98
Episode length: 1000.00 +/- 0.00
---------------------------------
| eval/              |          |
|    mean_ep_length  | 1e+03    |
|    mean_reward     | 4.37e+03 |
| time/              |          |
|    total_timesteps | 780000   |
| train/             |          |
|    actor_loss      | -321     |
|    critic_loss     | 14.7     |
|    ent_coef        | 0.0607   |
|    ent_coef_loss   | -1.81    |
|    learning_rate   | 0.0003   |
|    n_updates       | 769999   |
---------------------------------
New best mean reward!
---------------------------------
| rollout/           |          |
|    ep_len_mean     | 981      |
|    ep_rew_mean     | 4.22e+03 |
| time/              |          |
|    episodes        | 2140     |
|    fps             | 230      |
|    time_elapsed    | 3383     |
|    total_timesteps | 780014   |
| train/             |          |
|    actor_loss      | -324     |
|    critic_loss     | 20.5     |
|    ent_coef        | 0.0606   |
|    ent_coef_loss   | -0.5     |
|    learning_rate   | 0.0003   |
|    n_updates       | 770013   |
---------------------------------
---------------------------------
| rollout/           |          |
|    ep_len_mean     | 962      |
|    ep_rew_mean     | 4.13e+03 |
| time/              |          |
|    episodes        | 2144     |
|    fps             | 230      |
|    time_elapsed    | 3391     |
|    total_timesteps | 782086   |
| train/             |          |
|    actor_loss      | -323     |
|    critic_loss     | 27.4     |
|    ent_coef        | 0.06     |
|    ent_coef_loss   | -0.1     |
|    learning_rate   | 0.0003   |
|    n_updates       | 772085   |
---------------------------------
---------------------------------
| rollout/           |          |
|    ep_len_mean     | 962      |
|    ep_rew_mean     | 4.14e+03 |
| time/              |          |
|    episodes        | 2148     |
|    fps             | 230      |
|    time_elapsed    | 3406     |
|    total_timesteps | 786086   |
| train/             |          |
|    actor_loss      | -319     |
|    critic_loss     | 17       |
|    ent_coef        | 0.0608   |
|    ent_coef_loss   | 1.28     |
|    learning_rate   | 0.0003   |
|    n_updates       | 776085   |
---------------------------------
Eval num_timesteps=790000, episode_reward=4325.18 +/- 39.10
Episode length: 1000.00 +/- 0.00
---------------------------------
| eval/              |          |
|    mean_ep_length  | 1e+03    |
|    mean_reward     | 4.33e+03 |
| time/              |          |
|    total_timesteps | 790000   |
| train/             |          |
|    actor_loss      | -327     |
|    critic_loss     | 25.5     |
|    ent_coef        | 0.0587   |
|    ent_coef_loss   | 1.13     |
|    learning_rate   | 0.0003   |
|    n_updates       | 779999   |
---------------------------------
---------------------------------
| rollout/           |          |
|    ep_len_mean     | 962      |
|    ep_rew_mean     | 4.14e+03 |
| time/              |          |
|    episodes        | 2152     |
|    fps             | 230      |
|    time_elapsed    | 3424     |
|    total_timesteps | 790086   |
| train/             |          |
|    actor_loss      | -333     |
|    critic_loss     | 11.4     |
|    ent_coef        | 0.0586   |
|    ent_coef_loss   | -1.94    |
|    learning_rate   | 0.0003   |
|    n_updates       | 780085   |
---------------------------------
---------------------------------
| rollout/           |          |
|    ep_len_mean     | 962      |
|    ep_rew_mean     | 4.14e+03 |
| time/              |          |
|    episodes        | 2156     |
|    fps             | 230      |
|    time_elapsed    | 3439     |
|    total_timesteps | 794086   |
| train/             |          |
|    actor_loss      | -334     |
|    critic_loss     | 10.6     |
|    ent_coef        | 0.0607   |
|    ent_coef_loss   | 0.742    |
|    learning_rate   | 0.0003   |
|    n_updates       | 784085   |
---------------------------------
---------------------------------
| rollout/           |          |
|    ep_len_mean     | 962      |
|    ep_rew_mean     | 4.15e+03 |
| time/              |          |
|    episodes        | 2160     |
|    fps             | 231      |
|    time_elapsed    | 3454     |
|    total_timesteps | 798086   |
| train/             |          |
|    actor_loss      | -329     |
|    critic_loss     | 11.2     |
|    ent_coef        | 0.0581   |
|    ent_coef_loss   | -0.837   |
|    learning_rate   | 0.0003   |
|    n_updates       | 788085   |
---------------------------------
Eval num_timesteps=800000, episode_reward=4282.80 +/- 79.07
Episode length: 1000.00 +/- 0.00
---------------------------------
| eval/              |          |
|    mean_ep_length  | 1e+03    |
|    mean_reward     | 4.28e+03 |
| time/              |          |
|    total_timesteps | 800000   |
| train/             |          |
|    actor_loss      | -328     |
|    critic_loss     | 17.5     |
|    ent_coef        | 0.0599   |
|    ent_coef_loss   | -0.0609  |
|    learning_rate   | 0.0003   |
|    n_updates       | 789999   |
---------------------------------
---------------------------------
| rollout/           |          |
|    ep_len_mean     | 952      |
|    ep_rew_mean     | 4.11e+03 |
| time/              |          |
|    episodes        | 2164     |
|    fps             | 230      |
|    time_elapsed    | 3468     |
|    total_timesteps | 801148   |
| train/             |          |
|    actor_loss      | -318     |
|    critic_loss     | 11.7     |
|    ent_coef        | 0.0591   |
|    ent_coef_loss   | 0.568    |
|    learning_rate   | 0.0003   |
|    n_updates       | 791147   |
---------------------------------
---------------------------------
| rollout/           |          |
|    ep_len_mean     | 952      |
|    ep_rew_mean     | 4.11e+03 |
| time/              |          |
|    episodes        | 2168     |
|    fps             | 231      |
|    time_elapsed    | 3483     |
|    total_timesteps | 805148   |
| train/             |          |
|    actor_loss      | -331     |
|    critic_loss     | 10.7     |
|    ent_coef        | 0.0588   |
|    ent_coef_loss   | -0.76    |
|    learning_rate   | 0.0003   |
|    n_updates       | 795147   |
---------------------------------
---------------------------------
| rollout/           |          |
|    ep_len_mean     | 952      |
|    ep_rew_mean     | 4.11e+03 |
| time/              |          |
|    episodes        | 2172     |
|    fps             | 231      |
|    time_elapsed    | 3499     |
|    total_timesteps | 809148   |
| train/             |          |
|    actor_loss      | -329     |
|    critic_loss     | 16       |
|    ent_coef        | 0.0567   |
|    ent_coef_loss   | 1.07     |
|    learning_rate   | 0.0003   |
|    n_updates       | 799147   |
---------------------------------
Eval num_timesteps=810000, episode_reward=3904.72 +/- 1282.63
Episode length: 907.80 +/- 276.60
---------------------------------
| eval/              |          |
|    mean_ep_length  | 908      |
|    mean_reward     | 3.9e+03  |
| time/              |          |
|    total_timesteps | 810000   |
| train/             |          |
|    actor_loss      | -325     |
|    critic_loss     | 14.9     |
|    ent_coef        | 0.0574   |
|    ent_coef_loss   | 0.374    |
|    learning_rate   | 0.0003   |
|    n_updates       | 799999   |
---------------------------------
---------------------------------
| rollout/           |          |
|    ep_len_mean     | 934      |
|    ep_rew_mean     | 4.03e+03 |
| time/              |          |
|    episodes        | 2176     |
|    fps             | 231      |
|    time_elapsed    | 3509     |
|    total_timesteps | 811351   |
| train/             |          |
|    actor_loss      | -332     |
|    critic_loss     | 9.04     |
|    ent_coef        | 0.0591   |
|    ent_coef_loss   | -0.754   |
|    learning_rate   | 0.0003   |
|    n_updates       | 801350   |
---------------------------------
---------------------------------
| rollout/           |          |
|    ep_len_mean     | 934      |
|    ep_rew_mean     | 4.03e+03 |
| time/              |          |
|    episodes        | 2180     |
|    fps             | 231      |
|    time_elapsed    | 3525     |
|    total_timesteps | 815351   |
| train/             |          |
|    actor_loss      | -338     |
|    critic_loss     | 19.8     |
|    ent_coef        | 0.0603   |
|    ent_coef_loss   | -0.0583  |
|    learning_rate   | 0.0003   |
|    n_updates       | 805350   |
---------------------------------
---------------------------------
| rollout/           |          |
|    ep_len_mean     | 925      |
|    ep_rew_mean     | 3.99e+03 |
| time/              |          |
|    episodes        | 2184     |
|    fps             | 231      |
|    time_elapsed    | 3537     |
|    total_timesteps | 818428   |
| train/             |          |
|    actor_loss      | -340     |
|    critic_loss     | 10.2     |
|    ent_coef        | 0.0584   |
|    ent_coef_loss   | 2.33     |
|    learning_rate   | 0.0003   |
|    n_updates       | 808427   |
---------------------------------
Eval num_timesteps=820000, episode_reward=4226.86 +/- 42.52
Episode length: 1000.00 +/- 0.00
---------------------------------
| eval/              |          |
|    mean_ep_length  | 1e+03    |
|    mean_reward     | 4.23e+03 |
| time/              |          |
|    total_timesteps | 820000   |
| train/             |          |
|    actor_loss      | -333     |
|    critic_loss     | 11       |
|    ent_coef        | 0.0598   |
|    ent_coef_loss   | -0.588   |
|    learning_rate   | 0.0003   |
|    n_updates       | 809999   |
---------------------------------
---------------------------------
| rollout/           |          |
|    ep_len_mean     | 925      |
|    ep_rew_mean     | 3.99e+03 |
| time/              |          |
|    episodes        | 2188     |
|    fps             | 231      |
|    time_elapsed    | 3555     |
|    total_timesteps | 822428   |
| train/             |          |
|    actor_loss      | -333     |
|    critic_loss     | 17.6     |
|    ent_coef        | 0.0603   |
|    ent_coef_loss   | -0.116   |
|    learning_rate   | 0.0003   |
|    n_updates       | 812427   |
---------------------------------
---------------------------------
| rollout/           |          |
|    ep_len_mean     | 925      |
|    ep_rew_mean     | 3.99e+03 |
| time/              |          |
|    episodes        | 2192     |
|    fps             | 231      |
|    time_elapsed    | 3570     |
|    total_timesteps | 826428   |
| train/             |          |
|    actor_loss      | -330     |
|    critic_loss     | 18.2     |
|    ent_coef        | 0.0586   |
|    ent_coef_loss   | -1.67    |
|    learning_rate   | 0.0003   |
|    n_updates       | 816427   |
---------------------------------
Eval num_timesteps=830000, episode_reward=4272.09 +/- 100.21
Episode length: 1000.00 +/- 0.00
---------------------------------
| eval/              |          |
|    mean_ep_length  | 1e+03    |
|    mean_reward     | 4.27e+03 |
| time/              |          |
|    total_timesteps | 830000   |
| train/             |          |
|    actor_loss      | -335     |
|    critic_loss     | 13.8     |
|    ent_coef        | 0.0577   |
|    ent_coef_loss   | 0.0821   |
|    learning_rate   | 0.0003   |
|    n_updates       | 819999   |
---------------------------------
---------------------------------
| rollout/           |          |
|    ep_len_mean     | 925      |
|    ep_rew_mean     | 3.99e+03 |
| time/              |          |
|    episodes        | 2196     |
|    fps             | 231      |
|    time_elapsed    | 3588     |
|    total_timesteps | 830428   |
| train/             |          |
|    actor_loss      | -322     |
|    critic_loss     | 24.8     |
|    ent_coef        | 0.0575   |
|    ent_coef_loss   | 2.24     |
|    learning_rate   | 0.0003   |
|    n_updates       | 820427   |
---------------------------------
---------------------------------
| rollout/           |          |
|    ep_len_mean     | 925      |
|    ep_rew_mean     | 3.98e+03 |
| time/              |          |
|    episodes        | 2200     |
|    fps             | 231      |
|    time_elapsed    | 3603     |
|    total_timesteps | 834428   |
| train/             |          |
|    actor_loss      | -323     |
|    critic_loss     | 19       |
|    ent_coef        | 0.0597   |
|    ent_coef_loss   | 0.472    |
|    learning_rate   | 0.0003   |
|    n_updates       | 824427   |
---------------------------------
---------------------------------
| rollout/           |          |
|    ep_len_mean     | 915      |
|    ep_rew_mean     | 3.95e+03 |
| time/              |          |
|    episodes        | 2204     |
|    fps             | 231      |
|    time_elapsed    | 3615     |
|    total_timesteps | 837458   |
| train/             |          |
|    actor_loss      | -331     |
|    critic_loss     | 21.7     |
|    ent_coef        | 0.057    |
|    ent_coef_loss   | -0.0818  |
|    learning_rate   | 0.0003   |
|    n_updates       | 827457   |
---------------------------------
Eval num_timesteps=840000, episode_reward=3649.40 +/- 1485.85
Episode length: 843.70 +/- 312.98
---------------------------------
| eval/              |          |
|    mean_ep_length  | 844      |
|    mean_reward     | 3.65e+03 |
| time/              |          |
|    total_timesteps | 840000   |
| train/             |          |
|    actor_loss      | -334     |
|    critic_loss     | 17.5     |
|    ent_coef        | 0.0589   |
|    ent_coef_loss   | 1.01     |
|    learning_rate   | 0.0003   |
|    n_updates       | 829999   |
---------------------------------
---------------------------------
| rollout/           |          |
|    ep_len_mean     | 915      |
|    ep_rew_mean     | 3.95e+03 |
| time/              |          |
|    episodes        | 2208     |
|    fps             | 231      |
|    time_elapsed    | 3632     |
|    total_timesteps | 841458   |
| train/             |          |
|    actor_loss      | -330     |
|    critic_loss     | 12.8     |
|    ent_coef        | 0.0577   |
|    ent_coef_loss   | 0.613    |
|    learning_rate   | 0.0003   |
|    n_updates       | 831457   |
---------------------------------
---------------------------------
| rollout/           |          |
|    ep_len_mean     | 915      |
|    ep_rew_mean     | 3.96e+03 |
| time/              |          |
|    episodes        | 2212     |
|    fps             | 231      |
|    time_elapsed    | 3648     |
|    total_timesteps | 845458   |
| train/             |          |
|    actor_loss      | -345     |
|    critic_loss     | 16.2     |
|    ent_coef        | 0.0592   |
|    ent_coef_loss   | -0.207   |
|    learning_rate   | 0.0003   |
|    n_updates       | 835457   |
---------------------------------
---------------------------------
| rollout/           |          |
|    ep_len_mean     | 915      |
|    ep_rew_mean     | 3.96e+03 |
| time/              |          |
|    episodes        | 2216     |
|    fps             | 231      |
|    time_elapsed    | 3664     |
|    total_timesteps | 849458   |
| train/             |          |
|    actor_loss      | -342     |
|    critic_loss     | 9.32     |
|    ent_coef        | 0.0534   |
|    ent_coef_loss   | 1.05     |
|    learning_rate   | 0.0003   |
|    n_updates       | 839457   |
---------------------------------
Eval num_timesteps=850000, episode_reward=4308.69 +/- 125.39
Episode length: 1000.00 +/- 0.00
---------------------------------
| eval/              |          |
|    mean_ep_length  | 1e+03    |
|    mean_reward     | 4.31e+03 |
| time/              |          |
|    total_timesteps | 850000   |
| train/             |          |
|    actor_loss      | -324     |
|    critic_loss     | 21.9     |
|    ent_coef        | 0.055    |
|    ent_coef_loss   | -0.375   |
|    learning_rate   | 0.0003   |
|    n_updates       | 839999   |
---------------------------------
---------------------------------
| rollout/           |          |
|    ep_len_mean     | 915      |
|    ep_rew_mean     | 3.95e+03 |
| time/              |          |
|    episodes        | 2220     |
|    fps             | 231      |
|    time_elapsed    | 3681     |
|    total_timesteps | 853458   |
| train/             |          |
|    actor_loss      | -330     |
|    critic_loss     | 13.6     |
|    ent_coef        | 0.0567   |
|    ent_coef_loss   | -0.0579  |
|    learning_rate   | 0.0003   |
|    n_updates       | 843457   |
---------------------------------
---------------------------------
| rollout/           |          |
|    ep_len_mean     | 915      |
|    ep_rew_mean     | 3.96e+03 |
| time/              |          |
|    episodes        | 2224     |
|    fps             | 231      |
|    time_elapsed    | 3697     |
|    total_timesteps | 857458   |
| train/             |          |
|    actor_loss      | -334     |
|    critic_loss     | 22.5     |
|    ent_coef        | 0.0583   |
|    ent_coef_loss   | 0.974    |
|    learning_rate   | 0.0003   |
|    n_updates       | 847457   |
---------------------------------
Eval num_timesteps=860000, episode_reward=3972.59 +/- 1241.86
Episode length: 919.90 +/- 240.30
---------------------------------
| eval/              |          |
|    mean_ep_length  | 920      |
|    mean_reward     | 3.97e+03 |
| time/              |          |
|    total_timesteps | 860000   |
| train/             |          |
|    actor_loss      | -336     |
|    critic_loss     | 11.1     |
|    ent_coef        | 0.0577   |
|    ent_coef_loss   | -0.992   |
|    learning_rate   | 0.0003   |
|    n_updates       | 849999   |
---------------------------------
---------------------------------
| rollout/           |          |
|    ep_len_mean     | 906      |
|    ep_rew_mean     | 3.92e+03 |
| time/              |          |
|    episodes        | 2228     |
|    fps             | 231      |
|    time_elapsed    | 3711     |
|    total_timesteps | 860566   |
| train/             |          |
|    actor_loss      | -340     |
|    critic_loss     | 16.7     |
|    ent_coef        | 0.0572   |
|    ent_coef_loss   | -1.15    |
|    learning_rate   | 0.0003   |
|    n_updates       | 850565   |
---------------------------------
---------------------------------
| rollout/           |          |
|    ep_len_mean     | 916      |
|    ep_rew_mean     | 3.97e+03 |
| time/              |          |
|    episodes        | 2232     |
|    fps             | 232      |
|    time_elapsed    | 3726     |
|    total_timesteps | 864566   |
| train/             |          |
|    actor_loss      | -337     |
|    critic_loss     | 29.7     |
|    ent_coef        | 0.0577   |
|    ent_coef_loss   | -1.94    |
|    learning_rate   | 0.0003   |
|    n_updates       | 854565   |
---------------------------------
---------------------------------
| rollout/           |          |
|    ep_len_mean     | 916      |
|    ep_rew_mean     | 3.98e+03 |
| time/              |          |
|    episodes        | 2236     |
|    fps             | 232      |
|    time_elapsed    | 3742     |
|    total_timesteps | 868566   |
| train/             |          |
|    actor_loss      | -345     |
|    critic_loss     | 19.2     |
|    ent_coef        | 0.0558   |
|    ent_coef_loss   | -0.65    |
|    learning_rate   | 0.0003   |
|    n_updates       | 858565   |
---------------------------------
Eval num_timesteps=870000, episode_reward=4467.96 +/- 72.03
Episode length: 1000.00 +/- 0.00
---------------------------------
| eval/              |          |
|    mean_ep_length  | 1e+03    |
|    mean_reward     | 4.47e+03 |
| time/              |          |
|    total_timesteps | 870000   |
| train/             |          |
|    actor_loss      | -330     |
|    critic_loss     | 9.2      |
|    ent_coef        | 0.057    |
|    ent_coef_loss   | -0.878   |
|    learning_rate   | 0.0003   |
|    n_updates       | 859999   |
---------------------------------
New best mean reward!
---------------------------------
| rollout/           |          |
|    ep_len_mean     | 926      |
|    ep_rew_mean     | 4.02e+03 |
| time/              |          |
|    episodes        | 2240     |
|    fps             | 232      |
|    time_elapsed    | 3760     |
|    total_timesteps | 872566   |
| train/             |          |
|    actor_loss      | -341     |
|    critic_loss     | 8.45     |
|    ent_coef        | 0.0569   |
|    ent_coef_loss   | 0.153    |
|    learning_rate   | 0.0003   |
|    n_updates       | 862565   |
---------------------------------
---------------------------------
| rollout/           |          |
|    ep_len_mean     | 945      |
|    ep_rew_mean     | 4.11e+03 |
| time/              |          |
|    episodes        | 2244     |
|    fps             | 232      |
|    time_elapsed    | 3775     |
|    total_timesteps | 876566   |
| train/             |          |
|    actor_loss      | -333     |
|    critic_loss     | 12.8     |
|    ent_coef        | 0.0555   |
|    ent_coef_loss   | 0.0527   |
|    learning_rate   | 0.0003   |
|    n_updates       | 866565   |
---------------------------------
Eval num_timesteps=880000, episode_reward=4436.31 +/- 43.55
Episode length: 1000.00 +/- 0.00
---------------------------------
| eval/              |          |
|    mean_ep_length  | 1e+03    |
|    mean_reward     | 4.44e+03 |
| time/              |          |
|    total_timesteps | 880000   |
| train/             |          |
|    actor_loss      | -341     |
|    critic_loss     | 12.7     |
|    ent_coef        | 0.0576   |
|    ent_coef_loss   | 0.384    |
|    learning_rate   | 0.0003   |
|    n_updates       | 869999   |
---------------------------------
---------------------------------
| rollout/           |          |
|    ep_len_mean     | 945      |
|    ep_rew_mean     | 4.11e+03 |
| time/              |          |
|    episodes        | 2248     |
|    fps             | 232      |
|    time_elapsed    | 3792     |
|    total_timesteps | 880566   |
| train/             |          |
|    actor_loss      | -338     |
|    critic_loss     | 11.3     |
|    ent_coef        | 0.0551   |
|    ent_coef_loss   | -2.05    |
|    learning_rate   | 0.0003   |
|    n_updates       | 870565   |
---------------------------------
---------------------------------
| rollout/           |          |
|    ep_len_mean     | 945      |
|    ep_rew_mean     | 4.12e+03 |
| time/              |          |
|    episodes        | 2252     |
|    fps             | 232      |
|    time_elapsed    | 3808     |
|    total_timesteps | 884566   |
| train/             |          |
|    actor_loss      | -343     |
|    critic_loss     | 8.97     |
|    ent_coef        | 0.0577   |
|    ent_coef_loss   | 0.404    |
|    learning_rate   | 0.0003   |
|    n_updates       | 874565   |
---------------------------------
---------------------------------
| rollout/           |          |
|    ep_len_mean     | 944      |
|    ep_rew_mean     | 4.12e+03 |
| time/              |          |
|    episodes        | 2256     |
|    fps             | 232      |
|    time_elapsed    | 3823     |
|    total_timesteps | 888499   |
| train/             |          |
|    actor_loss      | -338     |
|    critic_loss     | 11.6     |
|    ent_coef        | 0.0557   |
|    ent_coef_loss   | -0.643   |
|    learning_rate   | 0.0003   |
|    n_updates       | 878498   |
---------------------------------
Eval num_timesteps=890000, episode_reward=4549.15 +/- 38.63
Episode length: 1000.00 +/- 0.00
---------------------------------
| eval/              |          |
|    mean_ep_length  | 1e+03    |
|    mean_reward     | 4.55e+03 |
| time/              |          |
|    total_timesteps | 890000   |
| train/             |          |
|    actor_loss      | -339     |
|    critic_loss     | 18.6     |
|    ent_coef        | 0.0578   |
|    ent_coef_loss   | -1.57    |
|    learning_rate   | 0.0003   |
|    n_updates       | 879999   |
---------------------------------
New best mean reward!
---------------------------------
| rollout/           |          |
|    ep_len_mean     | 944      |
|    ep_rew_mean     | 4.12e+03 |
| time/              |          |
|    episodes        | 2260     |
|    fps             | 232      |
|    time_elapsed    | 3841     |
|    total_timesteps | 892499   |
| train/             |          |
|    actor_loss      | -339     |
|    critic_loss     | 15.7     |
|    ent_coef        | 0.0582   |
|    ent_coef_loss   | 0.0965   |
|    learning_rate   | 0.0003   |
|    n_updates       | 882498   |
---------------------------------
---------------------------------
| rollout/           |          |
|    ep_len_mean     | 954      |
|    ep_rew_mean     | 4.17e+03 |
| time/              |          |
|    episodes        | 2264     |
|    fps             | 232      |
|    time_elapsed    | 3857     |
|    total_timesteps | 896499   |
| train/             |          |
|    actor_loss      | -338     |
|    critic_loss     | 14.1     |
|    ent_coef        | 0.0561   |
|    ent_coef_loss   | -0.177   |
|    learning_rate   | 0.0003   |
|    n_updates       | 886498   |
---------------------------------
Eval num_timesteps=900000, episode_reward=4525.20 +/- 25.94
Episode length: 1000.00 +/- 0.00
---------------------------------
| eval/              |          |
|    mean_ep_length  | 1e+03    |
|    mean_reward     | 4.53e+03 |
| time/              |          |
|    total_timesteps | 900000   |
| train/             |          |
|    actor_loss      | -343     |
|    critic_loss     | 13.6     |
|    ent_coef        | 0.0552   |
|    ent_coef_loss   | 0.885    |
|    learning_rate   | 0.0003   |
|    n_updates       | 889999   |
---------------------------------
---------------------------------
| rollout/           |          |
|    ep_len_mean     | 954      |
|    ep_rew_mean     | 4.18e+03 |
| time/              |          |
|    episodes        | 2268     |
|    fps             | 232      |
|    time_elapsed    | 3874     |
|    total_timesteps | 900499   |
| train/             |          |
|    actor_loss      | -339     |
|    critic_loss     | 11.5     |
|    ent_coef        | 0.0544   |
|    ent_coef_loss   | 0.18     |
|    learning_rate   | 0.0003   |
|    n_updates       | 890498   |
---------------------------------
---------------------------------
| rollout/           |          |
|    ep_len_mean     | 954      |
|    ep_rew_mean     | 4.19e+03 |
| time/              |          |
|    episodes        | 2272     |
|    fps             | 232      |
|    time_elapsed    | 3890     |
|    total_timesteps | 904499   |
| train/             |          |
|    actor_loss      | -347     |
|    critic_loss     | 9.42     |
|    ent_coef        | 0.0554   |
|    ent_coef_loss   | 0.127    |
|    learning_rate   | 0.0003   |
|    n_updates       | 894498   |
---------------------------------
---------------------------------
| rollout/           |          |
|    ep_len_mean     | 971      |
|    ep_rew_mean     | 4.28e+03 |
| time/              |          |
|    episodes        | 2276     |
|    fps             | 232      |
|    time_elapsed    | 3906     |
|    total_timesteps | 908499   |
| train/             |          |
|    actor_loss      | -342     |
|    critic_loss     | 22.6     |
|    ent_coef        | 0.0566   |
|    ent_coef_loss   | 0.0625   |
|    learning_rate   | 0.0003   |
|    n_updates       | 898498   |
---------------------------------
Eval num_timesteps=910000, episode_reward=2754.45 +/- 2075.81
Episode length: 643.60 +/- 436.54
---------------------------------
| eval/              |          |
|    mean_ep_length  | 644      |
|    mean_reward     | 2.75e+03 |
| time/              |          |
|    total_timesteps | 910000   |
| train/             |          |
|    actor_loss      | -341     |
|    critic_loss     | 7.72     |
|    ent_coef        | 0.0567   |
|    ent_coef_loss   | 0.414    |
|    learning_rate   | 0.0003   |
|    n_updates       | 899999   |
---------------------------------
---------------------------------
| rollout/           |          |
|    ep_len_mean     | 971      |
|    ep_rew_mean     | 4.28e+03 |
| time/              |          |
|    episodes        | 2280     |
|    fps             | 232      |
|    time_elapsed    | 3923     |
|    total_timesteps | 912499   |
| train/             |          |
|    actor_loss      | -343     |
|    critic_loss     | 9.44     |
|    ent_coef        | 0.0565   |
|    ent_coef_loss   | -1.2     |
|    learning_rate   | 0.0003   |
|    n_updates       | 902498   |
---------------------------------
---------------------------------
| rollout/           |          |
|    ep_len_mean     | 981      |
|    ep_rew_mean     | 4.34e+03 |
| time/              |          |
|    episodes        | 2284     |
|    fps             | 232      |
|    time_elapsed    | 3939     |
|    total_timesteps | 916499   |
| train/             |          |
|    actor_loss      | -346     |
|    critic_loss     | 17.3     |
|    ent_coef        | 0.0567   |
|    ent_coef_loss   | -1.84    |
|    learning_rate   | 0.0003   |
|    n_updates       | 906498   |
---------------------------------
Eval num_timesteps=920000, episode_reward=4538.12 +/- 63.98
Episode length: 1000.00 +/- 0.00
---------------------------------
| eval/              |          |
|    mean_ep_length  | 1e+03    |
|    mean_reward     | 4.54e+03 |
| time/              |          |
|    total_timesteps | 920000   |
| train/             |          |
|    actor_loss      | -346     |
|    critic_loss     | 9.37     |
|    ent_coef        | 0.0561   |
|    ent_coef_loss   | -0.306   |
|    learning_rate   | 0.0003   |
|    n_updates       | 909999   |
---------------------------------
---------------------------------
| rollout/           |          |
|    ep_len_mean     | 981      |
|    ep_rew_mean     | 4.34e+03 |
| time/              |          |
|    episodes        | 2288     |
|    fps             | 232      |
|    time_elapsed    | 3956     |
|    total_timesteps | 920499   |
| train/             |          |
|    actor_loss      | -346     |
|    critic_loss     | 15.5     |
|    ent_coef        | 0.0563   |
|    ent_coef_loss   | -0.128   |
|    learning_rate   | 0.0003   |
|    n_updates       | 910498   |
---------------------------------
---------------------------------
| rollout/           |          |
|    ep_len_mean     | 981      |
|    ep_rew_mean     | 4.35e+03 |
| time/              |          |
|    episodes        | 2292     |
|    fps             | 232      |
|    time_elapsed    | 3972     |
|    total_timesteps | 924499   |
| train/             |          |
|    actor_loss      | -345     |
|    critic_loss     | 10.7     |
|    ent_coef        | 0.0558   |
|    ent_coef_loss   | -2.74    |
|    learning_rate   | 0.0003   |
|    n_updates       | 914498   |
---------------------------------
---------------------------------
| rollout/           |          |
|    ep_len_mean     | 981      |
|    ep_rew_mean     | 4.36e+03 |
| time/              |          |
|    episodes        | 2296     |
|    fps             | 232      |
|    time_elapsed    | 3987     |
|    total_timesteps | 928499   |
| train/             |          |
|    actor_loss      | -347     |
|    critic_loss     | 10.7     |
|    ent_coef        | 0.0575   |
|    ent_coef_loss   | -0.732   |
|    learning_rate   | 0.0003   |
|    n_updates       | 918498   |
---------------------------------
Eval num_timesteps=930000, episode_reward=4561.78 +/- 54.16
Episode length: 1000.00 +/- 0.00
---------------------------------
| eval/              |          |
|    mean_ep_length  | 1e+03    |
|    mean_reward     | 4.56e+03 |
| time/              |          |
|    total_timesteps | 930000   |
| train/             |          |
|    actor_loss      | -355     |
|    critic_loss     | 8.9      |
|    ent_coef        | 0.0558   |
|    ent_coef_loss   | 0.433    |
|    learning_rate   | 0.0003   |
|    n_updates       | 919999   |
---------------------------------
New best mean reward!
---------------------------------
| rollout/           |          |
|    ep_len_mean     | 981      |
|    ep_rew_mean     | 4.37e+03 |
| time/              |          |
|    episodes        | 2300     |
|    fps             | 232      |
|    time_elapsed    | 4005     |
|    total_timesteps | 932499   |
| train/             |          |
|    actor_loss      | -352     |
|    critic_loss     | 10.7     |
|    ent_coef        | 0.0546   |
|    ent_coef_loss   | -1.65    |
|    learning_rate   | 0.0003   |
|    n_updates       | 922498   |
---------------------------------
---------------------------------
| rollout/           |          |
|    ep_len_mean     | 990      |
|    ep_rew_mean     | 4.42e+03 |
| time/              |          |
|    episodes        | 2304     |
|    fps             | 232      |
|    time_elapsed    | 4020     |
|    total_timesteps | 936499   |
| train/             |          |
|    actor_loss      | -339     |
|    critic_loss     | 10.1     |
|    ent_coef        | 0.0562   |
|    ent_coef_loss   | 0.615    |
|    learning_rate   | 0.0003   |
|    n_updates       | 926498   |
---------------------------------
---------------------------------
| rollout/           |          |
|    ep_len_mean     | 981      |
|    ep_rew_mean     | 4.38e+03 |
| time/              |          |
|    episodes        | 2308     |
|    fps             | 232      |
|    time_elapsed    | 4032     |
|    total_timesteps | 939526   |
| train/             |          |
|    actor_loss      | -349     |
|    critic_loss     | 12.7     |
|    ent_coef        | 0.0542   |
|    ent_coef_loss   | -1.82    |
|    learning_rate   | 0.0003   |
|    n_updates       | 929525   |
---------------------------------
Eval num_timesteps=940000, episode_reward=4583.05 +/- 31.68
Episode length: 1000.00 +/- 0.00
---------------------------------
| eval/              |          |
|    mean_ep_length  | 1e+03    |
|    mean_reward     | 4.58e+03 |
| time/              |          |
|    total_timesteps | 940000   |
| train/             |          |
|    actor_loss      | -342     |
|    critic_loss     | 10.8     |
|    ent_coef        | 0.0538   |
|    ent_coef_loss   | 0.263    |
|    learning_rate   | 0.0003   |
|    n_updates       | 929999   |
---------------------------------
New best mean reward!
---------------------------------
| rollout/           |          |
|    ep_len_mean     | 961      |
|    ep_rew_mean     | 4.29e+03 |
| time/              |          |
|    episodes        | 2312     |
|    fps             | 232      |
|    time_elapsed    | 4042     |
|    total_timesteps | 941588   |
| train/             |          |
|    actor_loss      | -350     |
|    critic_loss     | 11.7     |
|    ent_coef        | 0.0558   |
|    ent_coef_loss   | -0.0944  |
|    learning_rate   | 0.0003   |
|    n_updates       | 931587   |
---------------------------------
---------------------------------
| rollout/           |          |
|    ep_len_mean     | 958      |
|    ep_rew_mean     | 4.28e+03 |
| time/              |          |
|    episodes        | 2316     |
|    fps             | 233      |
|    time_elapsed    | 4056     |
|    total_timesteps | 945298   |
| train/             |          |
|    actor_loss      | -343     |
|    critic_loss     | 10.1     |
|    ent_coef        | 0.0582   |
|    ent_coef_loss   | 0.634    |
|    learning_rate   | 0.0003   |
|    n_updates       | 935297   |
---------------------------------
---------------------------------
| rollout/           |          |
|    ep_len_mean     | 958      |
|    ep_rew_mean     | 4.29e+03 |
| time/              |          |
|    episodes        | 2320     |
|    fps             | 233      |
|    time_elapsed    | 4072     |
|    total_timesteps | 949298   |
| train/             |          |
|    actor_loss      | -347     |
|    critic_loss     | 13.4     |
|    ent_coef        | 0.0561   |
|    ent_coef_loss   | 0.452    |
|    learning_rate   | 0.0003   |
|    n_updates       | 939297   |
---------------------------------
Eval num_timesteps=950000, episode_reward=4607.44 +/- 30.86
Episode length: 1000.00 +/- 0.00
---------------------------------
| eval/              |          |
|    mean_ep_length  | 1e+03    |
|    mean_reward     | 4.61e+03 |
| time/              |          |
|    total_timesteps | 950000   |
| train/             |          |
|    actor_loss      | -347     |
|    critic_loss     | 9.56     |
|    ent_coef        | 0.0553   |
|    ent_coef_loss   | -1.1     |
|    learning_rate   | 0.0003   |
|    n_updates       | 939999   |
---------------------------------
New best mean reward!
---------------------------------
| rollout/           |          |
|    ep_len_mean     | 958      |
|    ep_rew_mean     | 4.29e+03 |
| time/              |          |
|    episodes        | 2324     |
|    fps             | 233      |
|    time_elapsed    | 4089     |
|    total_timesteps | 953298   |
| train/             |          |
|    actor_loss      | -352     |
|    critic_loss     | 12.3     |
|    ent_coef        | 0.0548   |
|    ent_coef_loss   | -0.852   |
|    learning_rate   | 0.0003   |
|    n_updates       | 943297   |
---------------------------------
---------------------------------
| rollout/           |          |
|    ep_len_mean     | 967      |
|    ep_rew_mean     | 4.34e+03 |
| time/              |          |
|    episodes        | 2328     |
|    fps             | 233      |
|    time_elapsed    | 4105     |
|    total_timesteps | 957298   |
| train/             |          |
|    actor_loss      | -339     |
|    critic_loss     | 22       |
|    ent_coef        | 0.0561   |
|    ent_coef_loss   | 0.705    |
|    learning_rate   | 0.0003   |
|    n_updates       | 947297   |
---------------------------------
Eval num_timesteps=960000, episode_reward=4540.68 +/- 36.50
Episode length: 1000.00 +/- 0.00
---------------------------------
| eval/              |          |
|    mean_ep_length  | 1e+03    |
|    mean_reward     | 4.54e+03 |
| time/              |          |
|    total_timesteps | 960000   |
| train/             |          |
|    actor_loss      | -348     |
|    critic_loss     | 15.2     |
|    ent_coef        | 0.0558   |
|    ent_coef_loss   | -0.147   |
|    learning_rate   | 0.0003   |
|    n_updates       | 949999   |
---------------------------------
---------------------------------
| rollout/           |          |
|    ep_len_mean     | 967      |
|    ep_rew_mean     | 4.34e+03 |
| time/              |          |
|    episodes        | 2332     |
|    fps             | 233      |
|    time_elapsed    | 4122     |
|    total_timesteps | 961298   |
| train/             |          |
|    actor_loss      | -348     |
|    critic_loss     | 17       |
|    ent_coef        | 0.0561   |
|    ent_coef_loss   | -0.0943  |
|    learning_rate   | 0.0003   |
|    n_updates       | 951297   |
---------------------------------
---------------------------------
| rollout/           |          |
|    ep_len_mean     | 967      |
|    ep_rew_mean     | 4.34e+03 |
| time/              |          |
|    episodes        | 2336     |
|    fps             | 233      |
|    time_elapsed    | 4138     |
|    total_timesteps | 965298   |
| train/             |          |
|    actor_loss      | -342     |
|    critic_loss     | 12.1     |
|    ent_coef        | 0.0565   |
|    ent_coef_loss   | 1.05     |
|    learning_rate   | 0.0003   |
|    n_updates       | 955297   |
---------------------------------
---------------------------------
| rollout/           |          |
|    ep_len_mean     | 967      |
|    ep_rew_mean     | 4.35e+03 |
| time/              |          |
|    episodes        | 2340     |
|    fps             | 233      |
|    time_elapsed    | 4153     |
|    total_timesteps | 969298   |
| train/             |          |
|    actor_loss      | -347     |
|    critic_loss     | 11.4     |
|    ent_coef        | 0.0537   |
|    ent_coef_loss   | -0.75    |
|    learning_rate   | 0.0003   |
|    n_updates       | 959297   |
---------------------------------
Eval num_timesteps=970000, episode_reward=4566.57 +/- 63.94
Episode length: 1000.00 +/- 0.00
---------------------------------
| eval/              |          |
|    mean_ep_length  | 1e+03    |
|    mean_reward     | 4.57e+03 |
| time/              |          |
|    total_timesteps | 970000   |
| train/             |          |
|    actor_loss      | -351     |
|    critic_loss     | 9.97     |
|    ent_coef        | 0.0528   |
|    ent_coef_loss   | 1.07     |
|    learning_rate   | 0.0003   |
|    n_updates       | 959999   |
---------------------------------
---------------------------------
| rollout/           |          |
|    ep_len_mean     | 967      |
|    ep_rew_mean     | 4.36e+03 |
| time/              |          |
|    episodes        | 2344     |
|    fps             | 233      |
|    time_elapsed    | 4171     |
|    total_timesteps | 973298   |
| train/             |          |
|    actor_loss      | -351     |
|    critic_loss     | 13.9     |
|    ent_coef        | 0.055    |
|    ent_coef_loss   | -0.808   |
|    learning_rate   | 0.0003   |
|    n_updates       | 963297   |
---------------------------------
---------------------------------
| rollout/           |          |
|    ep_len_mean     | 967      |
|    ep_rew_mean     | 4.36e+03 |
| time/              |          |
|    episodes        | 2348     |
|    fps             | 233      |
|    time_elapsed    | 4186     |
|    total_timesteps | 977298   |
| train/             |          |
|    actor_loss      | -351     |
|    critic_loss     | 14.4     |
|    ent_coef        | 0.054    |
|    ent_coef_loss   | -1.19    |
|    learning_rate   | 0.0003   |
|    n_updates       | 967297   |
---------------------------------
Eval num_timesteps=980000, episode_reward=4501.16 +/- 111.24
Episode length: 1000.00 +/- 0.00
---------------------------------
| eval/              |          |
|    mean_ep_length  | 1e+03    |
|    mean_reward     | 4.5e+03  |
| time/              |          |
|    total_timesteps | 980000   |
| train/             |          |
|    actor_loss      | -363     |
|    critic_loss     | 14.5     |
|    ent_coef        | 0.0546   |
|    ent_coef_loss   | 0.0329   |
|    learning_rate   | 0.0003   |
|    n_updates       | 969999   |
---------------------------------
---------------------------------
| rollout/           |          |
|    ep_len_mean     | 967      |
|    ep_rew_mean     | 4.37e+03 |
| time/              |          |
|    episodes        | 2352     |
|    fps             | 233      |
|    time_elapsed    | 4204     |
|    total_timesteps | 981298   |
| train/             |          |
|    actor_loss      | -344     |
|    critic_loss     | 19.2     |
|    ent_coef        | 0.0555   |
|    ent_coef_loss   | 0.791    |
|    learning_rate   | 0.0003   |
|    n_updates       | 971297   |
---------------------------------
---------------------------------
| rollout/           |          |
|    ep_len_mean     | 968      |
|    ep_rew_mean     | 4.37e+03 |
| time/              |          |
|    episodes        | 2356     |
|    fps             | 233      |
|    time_elapsed    | 4219     |
|    total_timesteps | 985298   |
| train/             |          |
|    actor_loss      | -342     |
|    critic_loss     | 13.8     |
|    ent_coef        | 0.0537   |
|    ent_coef_loss   | -0.824   |
|    learning_rate   | 0.0003   |
|    n_updates       | 975297   |
---------------------------------
---------------------------------
| rollout/           |          |
|    ep_len_mean     | 968      |
|    ep_rew_mean     | 4.38e+03 |
| time/              |          |
|    episodes        | 2360     |
|    fps             | 233      |
|    time_elapsed    | 4235     |
|    total_timesteps | 989298   |
| train/             |          |
|    actor_loss      | -354     |
|    critic_loss     | 16       |
|    ent_coef        | 0.0533   |
|    ent_coef_loss   | -1.45    |
|    learning_rate   | 0.0003   |
|    n_updates       | 979297   |
---------------------------------
Eval num_timesteps=990000, episode_reward=4632.55 +/- 14.49
Episode length: 1000.00 +/- 0.00
---------------------------------
| eval/              |          |
|    mean_ep_length  | 1e+03    |
|    mean_reward     | 4.63e+03 |
| time/              |          |
|    total_timesteps | 990000   |
| train/             |          |
|    actor_loss      | -352     |
|    critic_loss     | 9.81     |
|    ent_coef        | 0.0559   |
|    ent_coef_loss   | -0.0725  |
|    learning_rate   | 0.0003   |
|    n_updates       | 979999   |
---------------------------------
New best mean reward!
---------------------------------
| rollout/           |          |
|    ep_len_mean     | 968      |
|    ep_rew_mean     | 4.38e+03 |
| time/              |          |
|    episodes        | 2364     |
|    fps             | 233      |
|    time_elapsed    | 4251     |
|    total_timesteps | 993298   |
| train/             |          |
|    actor_loss      | -352     |
|    critic_loss     | 24.4     |
|    ent_coef        | 0.0533   |
|    ent_coef_loss   | -0.789   |
|    learning_rate   | 0.0003   |
|    n_updates       | 983297   |
---------------------------------
---------------------------------
| rollout/           |          |
|    ep_len_mean     | 968      |
|    ep_rew_mean     | 4.38e+03 |
| time/              |          |
|    episodes        | 2368     |
|    fps             | 233      |
|    time_elapsed    | 4266     |
|    total_timesteps | 997298   |
| train/             |          |
|    actor_loss      | -353     |
|    critic_loss     | 9.66     |
|    ent_coef        | 0.0547   |
|    ent_coef_loss   | 1.51     |
|    learning_rate   | 0.0003   |
|    n_updates       | 987297   |
---------------------------------
Eval num_timesteps=1000000, episode_reward=4661.01 +/- 37.63
Episode length: 1000.00 +/- 0.00
---------------------------------
| eval/              |          |
|    mean_ep_length  | 1e+03    |
|    mean_reward     | 4.66e+03 |
| time/              |          |
|    total_timesteps | 1000000  |
| train/             |          |
|    actor_loss      | -356     |
|    critic_loss     | 15.2     |
|    ent_coef        | 0.0539   |
|    ent_coef_loss   | 1.11     |
|    learning_rate   | 0.0003   |
|    n_updates       | 989999   |
---------------------------------
New best mean reward!
Done: sac seed 1 -> results/Walker2d-v5/sac/seed_1
